{"subject_id": "S14", "zero_shot": {"accuracy": 0.621301775147929, "balanced_accuracy": 0.516091347603256, "f1_score": 0.752895752895753, "tn": 15, "fp": 109, "fn": 19, "tp": 195, "n_samples": 338, "n_class_0": 124, "n_class_1": 214, "auroc": 0.5756707868555924}, "k_shots": {"5": {"accuracy": 0.5529999999999999, "balanced_accuracy": 0.5529999999999999, "f1_score": 0.5923473346431221, "auroc": 0.5991500000000001}, "10": {"accuracy": 0.5700000000000001, "balanced_accuracy": 0.5700000000000001, "f1_score": 0.5853316404016364, "auroc": 0.60277}, "20": {"accuracy": 0.5435000000000001, "balanced_accuracy": 0.5435000000000001, "f1_score": 0.5817859374957266, "auroc": 0.58978}}}