{"subject_id": "S11", "zero_shot": {"accuracy": 0.656957928802589, "balanced_accuracy": 0.597257743677181, "f1_score": 0.7511737089201878, "tn": 43, "fp": 59, "fn": 47, "tp": 160, "n_samples": 309, "n_class_0": 102, "n_class_1": 207, "auroc": 0.6543999242208961}, "k_shots": {"5": {"accuracy": 0.618, "balanced_accuracy": 0.618, "f1_score": 0.6500058715514972, "auroc": 0.66106}, "10": {"accuracy": 0.5768211920529802, "balanced_accuracy": 0.6060392156862744, "f1_score": 0.6120610626274721, "auroc": 0.6517254901960785}, "20": {"accuracy": 0.6218543046357616, "balanced_accuracy": 0.6217843137254903, "f1_score": 0.6839281695545192, "auroc": 0.6618627450980392}}}