{"subject_id": "S26", "zero_shot": {"accuracy": 0.5675675675675675, "balanced_accuracy": 0.5260426320667284, "f1_score": 0.6923076923076923, "tn": 12, "fp": 53, "fn": 11, "tp": 72, "n_samples": 148, "n_class_0": 65, "n_class_1": 83, "auroc": 0.5453197405004634}, "k_shots": {"5": {"accuracy": 0.3317307692307693, "balanced_accuracy": 0.5016431924882628, "f1_score": 0.06819374529540356, "auroc": 0.5234741784037558}, "10": {"accuracy": 0.3509803921568627, "balanced_accuracy": 0.4918313570487484, "f1_score": 0.16041260332097557, "auroc": 0.5425559947299077}, "20": {"accuracy": 0.3969072164948454, "balanced_accuracy": 0.49379734848484846, "f1_score": 0.2884550330115265, "auroc": 0.5322916666666666}}}