{"subject_id": "S20", "zero_shot": {"accuracy": 0.5441176470588235, "balanced_accuracy": 0.4934531450577664, "f1_score": 0.6555555555555556, "tn": 15, "fp": 26, "fn": 36, "tp": 59, "n_samples": 136, "n_class_0": 41, "n_class_1": 95, "auroc": 0.5620025673940949}, "k_shots": {"5": {"accuracy": 0.4558139534883721, "balanced_accuracy": 0.5900366300366301, "f1_score": 0.46864322672467906, "auroc": 0.5568498168498168}, "10": {"accuracy": 0.5142857142857142, "balanced_accuracy": 0.5809523809523809, "f1_score": 0.5749957982276668, "auroc": 0.5864701436130008}, "20": {"accuracy": 0.49746835443037984, "balanced_accuracy": 0.5058702791461412, "f1_score": 0.5860457928880548, "auroc": 0.5519704433497536}}}