{"subject_id": "S11", "zero_shot": {"accuracy": 0.6504854368932039, "balanced_accuracy": 0.5526427962489343, "f1_score": 0.7631578947368421, "tn": 27, "fp": 75, "fn": 33, "tp": 174, "n_samples": 309, "n_class_0": 102, "n_class_1": 207, "auroc": 0.6470588235294118}, "k_shots": {"5": {"accuracy": 0.6159999999999999, "balanced_accuracy": 0.6159999999999999, "f1_score": 0.6545146117573484, "auroc": 0.6559600000000001}, "10": {"accuracy": 0.41324503311258276, "balanced_accuracy": 0.5411470588235294, "f1_score": 0.24741380612731573, "auroc": 0.6422745098039215}, "20": {"accuracy": 0.44569536423841055, "balanced_accuracy": 0.5526764705882352, "f1_score": 0.3432794220001366, "auroc": 0.6498823529411766}}}