{"subject_id": "S26", "zero_shot": {"accuracy": 0.5743243243243243, "balanced_accuracy": 0.5537534754402225, "f1_score": 0.6557377049180327, "tn": 25, "fp": 40, "fn": 23, "tp": 60, "n_samples": 148, "n_class_0": 65, "n_class_1": 83, "auroc": 0.5623725671918443}, "k_shots": {"5": {"accuracy": 0.4134615384615385, "balanced_accuracy": 0.5096030729833546, "f1_score": 0.3560110806288051, "auroc": 0.5296628254374733}, "10": {"accuracy": 0.5186274509803921, "balanced_accuracy": 0.5374835309617918, "f1_score": 0.5719889071800701, "auroc": 0.551822573561704}, "20": {"accuracy": 0.5237113402061855, "balanced_accuracy": 0.5436553030303031, "f1_score": 0.5682535603418943, "auroc": 0.5475852272727273}}}