{"subject_id": "S16", "zero_shot": {"accuracy": 0.5660377358490566, "balanced_accuracy": 0.5182976416373001, "f1_score": 0.7012987012987013, "tn": 12, "fp": 81, "fn": 11, "tp": 108, "n_samples": 212, "n_class_0": 93, "n_class_1": 119, "auroc": 0.5517303695671817}, "k_shots": {"5": {"accuracy": 0.35306122448979593, "balanced_accuracy": 0.5070212765957447, "f1_score": 0.1439624638308849, "auroc": 0.5916382978723405}, "10": {"accuracy": 0.3503401360544217, "balanced_accuracy": 0.496, "f1_score": 0.15969604822281003, "auroc": 0.5654893617021276}, "20": {"accuracy": 0.4160839160839161, "balanced_accuracy": 0.5303523936170214, "f1_score": 0.31025681754280854, "auroc": 0.5921099290780142}}}