{"subject_id": "S20", "zero_shot": {"accuracy": 0.5661764705882353, "balanced_accuracy": 0.4745827984595635, "f1_score": 0.694300518134715, "tn": 10, "fp": 31, "fn": 28, "tp": 67, "n_samples": 136, "n_class_0": 41, "n_class_1": 95, "auroc": 0.57201540436457}, "k_shots": {"5": {"accuracy": 0.30697674418604654, "balanced_accuracy": 0.5367032967032968, "f1_score": 0.1574448204746293, "auroc": 0.5966300366300368}, "10": {"accuracy": 0.40357142857142864, "balanced_accuracy": 0.5801587301587301, "f1_score": 0.3580954890874838, "auroc": 0.6143613000755859}, "20": {"accuracy": 0.48987341772151893, "balanced_accuracy": 0.5933497536945812, "f1_score": 0.5133471790842422, "auroc": 0.5804597701149425}}}