{"subject_id": "S23", "zero_shot": {"accuracy": 0.6118421052631579, "balanced_accuracy": 0.5376146788990825, "f1_score": 0.7255813953488373, "tn": 30, "fp": 79, "fn": 39, "tp": 156, "n_samples": 304, "n_class_0": 109, "n_class_1": 195, "auroc": 0.5598682662902846}, "k_shots": {"5": {"accuracy": 0.5429999999999999, "balanced_accuracy": 0.5429999999999999, "f1_score": 0.5964637380397695, "auroc": 0.56208}, "10": {"accuracy": 0.5385, "balanced_accuracy": 0.5385, "f1_score": 0.5675343865204998, "auroc": 0.55826}, "20": {"accuracy": 0.5548387096774194, "balanced_accuracy": 0.5543636363636363, "f1_score": 0.6124785334648065, "auroc": 0.5697090909090908}}}