{"subject_id": "S12", "zero_shot": {"accuracy": 0.4329896907216495, "balanced_accuracy": 0.5502304147465438, "f1_score": 0.5528455284552846, "tn": 8, "fp": 54, "fn": 1, "tp": 34, "n_samples": 97, "n_class_0": 62, "n_class_1": 35, "auroc": 0.5741935483870968}, "k_shots": {"5": {"accuracy": 0.3609375, "balanced_accuracy": 0.5419082125603866, "f1_score": 0.45685335095728163, "auroc": 0.5477053140096618}, "10": {"accuracy": 0.4327868852459016, "balanced_accuracy": 0.565374677002584, "f1_score": 0.479915619720951, "auroc": 0.5714470284237727}, "20": {"accuracy": 0.5160714285714286, "balanced_accuracy": 0.5747076023391814, "f1_score": 0.4954019335912977, "auroc": 0.5940058479532164}}}