{"subject_id": "S07", "zero_shot": {"accuracy": 0.8627450980392157, "balanced_accuracy": 0.600048042277204, "f1_score": 0.9239130434782609, "tn": 6, "fp": 17, "fn": 11, "tp": 170, "n_samples": 204, "n_class_0": 23, "n_class_1": 181, "auroc": 0.6545760269036752}, "k_shots": {"5": {"accuracy": 0.33693693693693694, "balanced_accuracy": 0.5843434343434344, "f1_score": 0.41593488841725346, "auroc": 0.672979797979798}, "10": {"accuracy": 0.45871559633027525, "balanced_accuracy": 0.5863402061855669, "f1_score": 0.5796149245099835, "auroc": 0.6801546391752578}, "20": {"accuracy": 0.6461538461538461, "balanced_accuracy": 0.6115942028985508, "f1_score": 0.7572971203448504, "auroc": 0.6705615942028986}}}