{"subject_id": "S22", "zero_shot": {"accuracy": 0.75, "balanced_accuracy": 0.5574912891986062, "f1_score": 0.85, "tn": 2, "fp": 5, "fn": 7, "tp": 34, "n_samples": 48, "n_class_0": 7, "n_class_1": 41, "auroc": 0.7212543554006968}, "k_shots": {"5": {"accuracy": 0.704, "balanced_accuracy": 0.6517857142857143, "f1_score": 0.7995980359970299, "auroc": 0.6845238095238095}, "10": {"accuracy": 0.7347826086956523, "balanced_accuracy": 0.6223684210526316, "f1_score": 0.8315164011951938, "auroc": 0.7644736842105263}, "20": {"accuracy": 0.7388888888888888, "balanced_accuracy": 0.5821428571428572, "f1_score": 0.8355661866868763, "auroc": 0.7071428571428573}}}