{"subject_id": "S21", "zero_shot": {"accuracy": 0.7333333333333333, "balanced_accuracy": 0.8596491228070176, "f1_score": 0.8367346938775511, "tn": 3, "fp": 0, "fn": 16, "tp": 41, "n_samples": 60, "n_class_0": 3, "n_class_1": 57, "auroc": 0.9181286549707602}, "k_shots": {"5": {"accuracy": 0.8206896551724137, "balanced_accuracy": 0.8111111111111111, "f1_score": 0.8900491144379578, "auroc": 0.9055555555555556}, "10": {"accuracy": 0.8555555555555555, "balanced_accuracy": 0.7839999999999999, "f1_score": 0.9158025431485175, "auroc": 0.9239999999999998}, "20": {"accuracy": 0.8909090909090909, "balanced_accuracy": 0.7374999999999999, "f1_score": 0.9386356979360831, "auroc": 0.9524999999999999}}}