{"subject_id": "S13", "zero_shot": {"accuracy": 0.5724381625441696, "balanced_accuracy": 0.5712716012386375, "f1_score": 0.6790450928381963, "tn": 34, "fp": 107, "fn": 14, "tp": 128, "n_samples": 283, "n_class_0": 141, "n_class_1": 142, "auroc": 0.6543302367395866}, "k_shots": {"5": {"accuracy": 0.6064999999999999, "balanced_accuracy": 0.6064999999999999, "f1_score": 0.6596927305646718, "auroc": 0.6599299999999999}, "10": {"accuracy": 0.6125, "balanced_accuracy": 0.6125, "f1_score": 0.6349747837879383, "auroc": 0.65715}, "20": {"accuracy": 0.6255, "balanced_accuracy": 0.6255000000000001, "f1_score": 0.6408626839344757, "auroc": 0.6597500000000001}}}