{"subject_id": "S18", "zero_shot": {"accuracy": 0.6094674556213018, "balanced_accuracy": 0.569377990430622, "f1_score": 0.7027027027027027, "tn": 25, "fp": 30, "fn": 36, "tp": 78, "n_samples": 169, "n_class_0": 55, "n_class_1": 114, "auroc": 0.5725677830940991}, "k_shots": {"5": {"accuracy": 0.470909090909091, "balanced_accuracy": 0.549869337979094, "f1_score": 0.5034421368677742, "auroc": 0.5851480836236934}, "10": {"accuracy": 0.5383177570093458, "balanced_accuracy": 0.5420886075949366, "f1_score": 0.6292842703013953, "auroc": 0.5593580470162748}, "20": {"accuracy": 0.5823529411764705, "balanced_accuracy": 0.5856177606177605, "f1_score": 0.6655329459123516, "auroc": 0.6034749034749035}}}