{"subject_id": "S22", "zero_shot": {"accuracy": 0.75, "balanced_accuracy": 0.6167247386759582, "f1_score": 0.8461538461538461, "tn": 3, "fp": 4, "fn": 8, "tp": 33, "n_samples": 48, "n_class_0": 7, "n_class_1": 41, "auroc": 0.7351916376306621}, "k_shots": {"5": {"accuracy": 0.7, "balanced_accuracy": 0.6696428571428572, "f1_score": 0.7937942662822516, "auroc": 0.6857142857142857}, "10": {"accuracy": 0.7608695652173912, "balanced_accuracy": 0.7763157894736842, "f1_score": 0.8377604732680635, "auroc": 0.7947368421052632}, "20": {"accuracy": 0.7111111111111111, "balanced_accuracy": 0.6267857142857143, "f1_score": 0.8022444809341363, "auroc": 0.7089285714285714}}}