{"subject_id": "S23", "zero_shot": {"accuracy": 0.6118421052631579, "balanced_accuracy": 0.5173841449070806, "f1_score": 0.7377777777777778, "tn": 20, "fp": 89, "fn": 29, "tp": 166, "n_samples": 304, "n_class_0": 109, "n_class_1": 195, "auroc": 0.5527170077628794}, "k_shots": {"5": {"accuracy": 0.539, "balanced_accuracy": 0.539, "f1_score": 0.6042566875471544, "auroc": 0.5598000000000001}, "10": {"accuracy": 0.5440000000000002, "balanced_accuracy": 0.5440000000000002, "f1_score": 0.5812417447339487, "auroc": 0.55811}, "20": {"accuracy": 0.42387096774193544, "balanced_accuracy": 0.5309999999999999, "f1_score": 0.2649701078508464, "auroc": 0.5811636363636363}}}