{"subject_id": "S02", "zero_shot": {"accuracy": 0.6, "balanced_accuracy": 0.5036113699906803, "f1_score": 0.7414965986394558, "tn": 5, "fp": 69, "fn": 7, "tp": 109, "n_samples": 190, "n_class_0": 74, "n_class_1": 116, "auroc": 0.5146784715750233}, "k_shots": {"5": {"accuracy": 0.37131782945736436, "balanced_accuracy": 0.5519682726204466, "f1_score": 0.2248405651606888, "auroc": 0.6032902467685076}, "10": {"accuracy": 0.3811023622047244, "balanced_accuracy": 0.5458258258258258, "f1_score": 0.25623705301504585, "auroc": 0.5773573573573574}, "20": {"accuracy": 0.4450819672131147, "balanced_accuracy": 0.5819236883942767, "f1_score": 0.36967213111893016, "auroc": 0.6035930047694753}}}