{"subject_id": "S14", "zero_shot": {"accuracy": 0.5976331360946746, "balanced_accuracy": 0.5058788061501357, "f1_score": 0.728, "tn": 20, "fp": 104, "fn": 32, "tp": 182, "n_samples": 338, "n_class_0": 124, "n_class_1": 214, "auroc": 0.5681715405486886}, "k_shots": {"5": {"accuracy": 0.5399999999999999, "balanced_accuracy": 0.5399999999999999, "f1_score": 0.5548150797763272, "auroc": 0.58831}, "10": {"accuracy": 0.5585, "balanced_accuracy": 0.5585, "f1_score": 0.5749178398212191, "auroc": 0.5945600000000001}, "20": {"accuracy": 0.5465000000000001, "balanced_accuracy": 0.5465000000000001, "f1_score": 0.5707179753291738, "auroc": 0.5829}}}