{"subject_id": "S06", "zero_shot": {"accuracy": 0.7142857142857143, "balanced_accuracy": 0.5255681818181819, "f1_score": 0.8297872340425532, "tn": 5, "fp": 11, "fn": 69, "tp": 195, "n_samples": 280, "n_class_0": 16, "n_class_1": 264, "auroc": 0.5601325757575758}, "k_shots": {"5": {"accuracy": 0.38981481481481484, "balanced_accuracy": 0.5267499999999999, "f1_score": 0.5217644947174601, "auroc": 0.5680000000000001}, "10": {"accuracy": 0.4916666666666667, "balanced_accuracy": 0.53, "f1_score": 0.6323447319650588, "auroc": 0.525625}, "20": {"accuracy": 0.6453703703703704, "balanced_accuracy": 0.5727499999999999, "f1_score": 0.7679862505395899, "auroc": 0.567375}}}