{"subject_id": "S24", "zero_shot": {"accuracy": 0.7212543554006968, "balanced_accuracy": 0.5498490338164251, "f1_score": 0.8290598290598291, "tn": 13, "fp": 67, "fn": 13, "tp": 194, "n_samples": 287, "n_class_0": 80, "n_class_1": 207, "auroc": 0.6770531400966183}, "k_shots": {"5": {"accuracy": 0.3707142857142857, "balanced_accuracy": 0.54525, "f1_score": 0.23747768668791522, "auroc": 0.6814749999999999}, "10": {"accuracy": 0.4007142857142857, "balanced_accuracy": 0.552, "f1_score": 0.32115316953646966, "auroc": 0.6553500000000001}, "20": {"accuracy": 0.44571428571428573, "balanced_accuracy": 0.5774999999999999, "f1_score": 0.40329609573884834, "auroc": 0.6745}}}