{"subject_id": "S17", "zero_shot": {"accuracy": 0.6920415224913494, "balanced_accuracy": 0.6067989417989418, "f1_score": 0.789598108747045, "tn": 33, "fp": 67, "fn": 22, "tp": 167, "n_samples": 289, "n_class_0": 100, "n_class_1": 189, "auroc": 0.6713227513227512}, "k_shots": {"5": {"accuracy": 0.372, "balanced_accuracy": 0.518, "f1_score": 0.14456058944540712, "auroc": 0.67432}, "10": {"accuracy": 0.4013333333333334, "balanced_accuracy": 0.541, "f1_score": 0.21087103040106098, "auroc": 0.6790799999999999}, "20": {"accuracy": 0.41200000000000003, "balanced_accuracy": 0.5439999999999999, "f1_score": 0.2506760589929208, "auroc": 0.6906}}}