{"subject_id": "S18", "zero_shot": {"accuracy": 0.6390532544378699, "balanced_accuracy": 0.5630781499202552, "f1_score": 0.7447698744769874, "tn": 19, "fp": 36, "fn": 25, "tp": 89, "n_samples": 169, "n_class_0": 55, "n_class_1": 114, "auroc": 0.5681020733652313}, "k_shots": {"5": {"accuracy": 0.29454545454545455, "balanced_accuracy": 0.5033101045296168, "f1_score": 0.14004214604520604, "auroc": 0.5707317073170732}, "10": {"accuracy": 0.34018691588785044, "balanced_accuracy": 0.504746835443038, "f1_score": 0.2602138307948233, "auroc": 0.5410036166365281}, "20": {"accuracy": 0.4352941176470588, "balanced_accuracy": 0.5297779922779923, "f1_score": 0.4476080527806012, "auroc": 0.587596525096525}}}