{"subject_id": "S20", "zero_shot": {"accuracy": 0.5661764705882353, "balanced_accuracy": 0.5439024390243903, "f1_score": 0.6589595375722543, "tn": 20, "fp": 21, "fn": 38, "tp": 57, "n_samples": 136, "n_class_0": 41, "n_class_1": 95, "auroc": 0.5614890885750963}, "k_shots": {"5": {"accuracy": 0.5406976744186047, "balanced_accuracy": 0.5333699633699633, "f1_score": 0.6385237480076558, "auroc": 0.5473992673992674}, "10": {"accuracy": 0.5297619047619048, "balanced_accuracy": 0.5658730158730159, "f1_score": 0.6068599037990947, "auroc": 0.5766439909297052}, "20": {"accuracy": 0.5164556962025316, "balanced_accuracy": 0.5263957307060755, "f1_score": 0.603136358535729, "auroc": 0.5400656814449919}}}