{"subject_id": "S26", "zero_shot": {"accuracy": 0.5540540540540541, "balanced_accuracy": 0.5440222428174235, "f1_score": 0.611764705882353, "tn": 30, "fp": 35, "fn": 31, "tp": 52, "n_samples": 148, "n_class_0": 65, "n_class_1": 83, "auroc": 0.5117701575532901}, "k_shots": {"5": {"accuracy": 0.36538461538461536, "balanced_accuracy": 0.4865556978233034, "f1_score": 0.24906240510169003, "auroc": 0.49645753307725143}, "10": {"accuracy": 0.3950980392156863, "balanced_accuracy": 0.48728590250329384, "f1_score": 0.33437962158868095, "auroc": 0.50689503732982}, "20": {"accuracy": 0.4360824742268042, "balanced_accuracy": 0.49926609848484843, "f1_score": 0.4109247060222028, "auroc": 0.5031723484848485}}}