{"subject_id": "S24", "zero_shot": {"accuracy": 0.6829268292682927, "balanced_accuracy": 0.5769625603864734, "f1_score": 0.7878787878787878, "tn": 27, "fp": 53, "fn": 38, "tp": 169, "n_samples": 287, "n_class_0": 80, "n_class_1": 207, "auroc": 0.6589975845410627}, "k_shots": {"5": {"accuracy": 0.4557142857142857, "balanced_accuracy": 0.58, "f1_score": 0.4304371474468529, "auroc": 0.6671500000000001}, "10": {"accuracy": 0.49714285714285705, "balanced_accuracy": 0.588, "f1_score": 0.5157199788601922, "auroc": 0.6427750000000001}, "20": {"accuracy": 0.517857142857143, "balanced_accuracy": 0.59875, "f1_score": 0.5456083480624361, "auroc": 0.663675}}}