{"subject_id": "S11", "zero_shot": {"accuracy": 0.6440129449838188, "balanced_accuracy": 0.6099744245524297, "f1_score": 0.7277227722772277, "tn": 52, "fp": 50, "fn": 60, "tp": 147, "n_samples": 309, "n_class_0": 102, "n_class_1": 207, "auroc": 0.6598939092545231}, "k_shots": {"5": {"accuracy": 0.625, "balanced_accuracy": 0.625, "f1_score": 0.6425839092027479, "auroc": 0.66422}, "10": {"accuracy": 0.6139072847682119, "balanced_accuracy": 0.6076176470588235, "f1_score": 0.679888453125683, "auroc": 0.651}, "20": {"accuracy": 0.6450331125827814, "balanced_accuracy": 0.6344803921568627, "f1_score": 0.7131038959035807, "auroc": 0.6633333333333333}}}