{"subject_id": "S18", "zero_shot": {"accuracy": 0.5798816568047337, "balanced_accuracy": 0.5615629984051036, "f1_score": 0.6635071090047393, "tn": 28, "fp": 27, "fn": 44, "tp": 70, "n_samples": 169, "n_class_0": 55, "n_class_1": 114, "auroc": 0.5704944178628389}, "k_shots": {"5": {"accuracy": 0.5872727272727272, "balanced_accuracy": 0.5726480836236933, "f1_score": 0.672216276399451, "auroc": 0.5850174216027875}, "10": {"accuracy": 0.5682242990654205, "balanced_accuracy": 0.5473553345388789, "f1_score": 0.6685382313165963, "auroc": 0.5551537070524412}, "20": {"accuracy": 0.5970588235294118, "balanced_accuracy": 0.5924227799227799, "f1_score": 0.6828989834842115, "auroc": 0.5967181467181467}}}