{"subject_id": "S06", "zero_shot": {"accuracy": 0.6571428571428571, "balanced_accuracy": 0.5833333333333333, "f1_score": 0.7857142857142857, "tn": 8, "fp": 8, "fn": 88, "tp": 176, "n_samples": 280, "n_class_0": 16, "n_class_1": 264, "auroc": 0.5719696969696969}, "k_shots": {"5": {"accuracy": 0.5074074074074073, "balanced_accuracy": 0.5729999999999998, "f1_score": 0.6491784744337641, "auroc": 0.58025}, "10": {"accuracy": 0.5611111111111111, "balanced_accuracy": 0.5445, "f1_score": 0.7031573037756595, "auroc": 0.555625}, "20": {"accuracy": 0.6305555555555556, "balanced_accuracy": 0.5705, "f1_score": 0.760567202749335, "auroc": 0.5585}}}