{"subject_id": "S16", "zero_shot": {"accuracy": 0.5377358490566038, "balanced_accuracy": 0.509532845396223, "f1_score": 0.6423357664233577, "tn": 26, "fp": 67, "fn": 31, "tp": 88, "n_samples": 212, "n_class_0": 93, "n_class_1": 119, "auroc": 0.544230595463992}, "k_shots": {"5": {"accuracy": 0.5666666666666667, "balanced_accuracy": 0.5467446808510639, "f1_score": 0.6524114413160642, "auroc": 0.5673404255319149}, "10": {"accuracy": 0.5312925170068028, "balanced_accuracy": 0.5173617021276596, "f1_score": 0.6133188610978317, "auroc": 0.5397659574468086}, "20": {"accuracy": 0.5482517482517483, "balanced_accuracy": 0.5435394503546099, "f1_score": 0.6227203893094713, "auroc": 0.5701241134751773}}}