{"subject_id": "S21", "zero_shot": {"accuracy": 0.6333333333333333, "balanced_accuracy": 0.8070175438596492, "f1_score": 0.7608695652173914, "tn": 3, "fp": 0, "fn": 22, "tp": 35, "n_samples": 60, "n_class_0": 3, "n_class_1": 57, "auroc": 0.935672514619883}, "k_shots": {"5": {"accuracy": 0.7586206896551724, "balanced_accuracy": 0.8703703703703705, "f1_score": 0.8447496461441533, "auroc": 0.9351851851851851}, "10": {"accuracy": 0.7222222222222222, "balanced_accuracy": 0.85, "f1_score": 0.819123254694245, "auroc": 0.9059999999999999}, "20": {"accuracy": 0.8181818181818181, "balanced_accuracy": 0.9, "f1_score": 0.8835633783002204, "auroc": 0.9349999999999998}}}