{"subject_id": "S02", "zero_shot": {"accuracy": 0.5842105263157895, "balanced_accuracy": 0.5102516309412861, "f1_score": 0.7127272727272728, "tn": 13, "fp": 61, "fn": 18, "tp": 98, "n_samples": 190, "n_class_0": 74, "n_class_1": 116, "auroc": 0.5071062441752098}, "k_shots": {"5": {"accuracy": 0.44728682170542633, "balanced_accuracy": 0.5454465334900117, "f1_score": 0.44806094013114633, "auroc": 0.5418037602820212}, "10": {"accuracy": 0.44015748031496066, "balanced_accuracy": 0.5158708708708708, "f1_score": 0.45747350003675075, "auroc": 0.5214414414414414}, "20": {"accuracy": 0.4737704918032787, "balanced_accuracy": 0.5254372019077902, "f1_score": 0.5102365614008889, "auroc": 0.5418759936406995}}}