{"subject_id": "S18", "zero_shot": {"accuracy": 0.5976331360946746, "balanced_accuracy": 0.5794258373205741, "f1_score": 0.6792452830188679, "tn": 29, "fp": 26, "fn": 42, "tp": 72, "n_samples": 169, "n_class_0": 55, "n_class_1": 114, "auroc": 0.5738437001594896}, "k_shots": {"5": {"accuracy": 0.4009090909090909, "balanced_accuracy": 0.5323170731707317, "f1_score": 0.3928540854550754, "auroc": 0.581794425087108}, "10": {"accuracy": 0.42897196261682247, "balanced_accuracy": 0.5360533453887883, "f1_score": 0.44534860226302186, "auroc": 0.5567359855334539}, "20": {"accuracy": 0.4794117647058823, "balanced_accuracy": 0.5468629343629343, "f1_score": 0.5239534957470277, "auroc": 0.5934362934362934}}}