{"subject_id": "S17", "zero_shot": {"accuracy": 0.657439446366782, "balanced_accuracy": 0.6156613756613756, "f1_score": 0.741514360313316, "tn": 48, "fp": 52, "fn": 47, "tp": 142, "n_samples": 289, "n_class_0": 100, "n_class_1": 189, "auroc": 0.6592592592592592}, "k_shots": {"5": {"accuracy": 0.4726666666666667, "balanced_accuracy": 0.564, "f1_score": 0.42178150680990195, "auroc": 0.6596399999999999}, "10": {"accuracy": 0.49733333333333335, "balanced_accuracy": 0.5754999999999999, "f1_score": 0.4721142837966276, "auroc": 0.66016}, "20": {"accuracy": 0.5166666666666667, "balanced_accuracy": 0.5850000000000002, "f1_score": 0.5112490434569713, "auroc": 0.66978}}}