{"subject_id": "S12", "zero_shot": {"accuracy": 0.4845360824742268, "balanced_accuracy": 0.571889400921659, "f1_score": 0.5535714285714286, "tn": 16, "fp": 46, "fn": 4, "tp": 31, "n_samples": 97, "n_class_0": 62, "n_class_1": 35, "auroc": 0.5709677419354838}, "k_shots": {"5": {"accuracy": 0.39375, "balanced_accuracy": 0.551207729468599, "f1_score": 0.458124112443614, "auroc": 0.5560386473429951}, "10": {"accuracy": 0.4311475409836065, "balanced_accuracy": 0.5658268733850129, "f1_score": 0.4809183703099037, "auroc": 0.5648578811369509}, "20": {"accuracy": 0.517857142857143, "balanced_accuracy": 0.5935672514619883, "f1_score": 0.5169215157877483, "auroc": 0.583625730994152}}}