{"subject_id": "S02", "zero_shot": {"accuracy": 0.5789473684210527, "balanced_accuracy": 0.5059412861136999, "f1_score": 0.708029197080292, "tn": 13, "fp": 61, "fn": 19, "tp": 97, "n_samples": 190, "n_class_0": 74, "n_class_1": 116, "auroc": 0.505358807082945}, "k_shots": {"5": {"accuracy": 0.5201550387596899, "balanced_accuracy": 0.5076674500587545, "f1_score": 0.6109146045902691, "auroc": 0.5259400705052879}, "10": {"accuracy": 0.5118110236220472, "balanced_accuracy": 0.49560060060060057, "f1_score": 0.6024935693927648, "auroc": 0.5027327327327327}, "20": {"accuracy": 0.5221311475409836, "balanced_accuracy": 0.5036724960254372, "f1_score": 0.614747679537943, "auroc": 0.5277901430842606}}}