{"subject_id": "S16", "zero_shot": {"accuracy": 0.5424528301886793, "balanced_accuracy": 0.5113851992409867, "f1_score": 0.6523297491039427, "tn": 24, "fp": 69, "fn": 28, "tp": 91, "n_samples": 212, "n_class_0": 93, "n_class_1": 119, "auroc": 0.5421523448088913}, "k_shots": {"5": {"accuracy": 0.46802721088435373, "balanced_accuracy": 0.5464148936170213, "f1_score": 0.45552637082677105, "auroc": 0.5643191489361702}, "10": {"accuracy": 0.4727891156462585, "balanced_accuracy": 0.533563829787234, "f1_score": 0.4844174203947625, "auroc": 0.538468085106383}, "20": {"accuracy": 0.4993006993006993, "balanced_accuracy": 0.553235815602837, "f1_score": 0.5147804289771368, "auroc": 0.5634308510638298}}}