{"subject_id": "S07", "zero_shot": {"accuracy": 0.7941176470588235, "balanced_accuracy": 0.637280807110257, "f1_score": 0.8786127167630058, "tn": 10, "fp": 13, "fn": 29, "tp": 152, "n_samples": 204, "n_class_0": 23, "n_class_1": 181, "auroc": 0.6627432140283449}, "k_shots": {"5": {"accuracy": 0.627927927927928, "balanced_accuracy": 0.601010101010101, "f1_score": 0.7457750184905287, "auroc": 0.6626262626262627}, "10": {"accuracy": 0.6201834862385321, "balanced_accuracy": 0.6076890034364262, "f1_score": 0.7435869542258138, "auroc": 0.6678694158075602}, "20": {"accuracy": 0.6615384615384616, "balanced_accuracy": 0.6021739130434783, "f1_score": 0.7753220349764247, "auroc": 0.6714673913043477}}}