{"subject_id": "S13", "zero_shot": {"accuracy": 0.6007067137809188, "balanced_accuracy": 0.6000149835181301, "f1_score": 0.6666666666666666, "tn": 57, "fp": 84, "fn": 29, "tp": 113, "n_samples": 283, "n_class_0": 141, "n_class_1": 142, "auroc": 0.6451902906802517}, "k_shots": {"5": {"accuracy": 0.6014999999999999, "balanced_accuracy": 0.6014999999999999, "f1_score": 0.6353791848723489, "auroc": 0.64912}, "10": {"accuracy": 0.6144999999999999, "balanced_accuracy": 0.6144999999999999, "f1_score": 0.6407879825370121, "auroc": 0.6471399999999999}, "20": {"accuracy": 0.611, "balanced_accuracy": 0.611, "f1_score": 0.6367499085756212, "auroc": 0.63947}}}