{"subject_id": "S13", "zero_shot": {"accuracy": 0.6113074204946997, "balanced_accuracy": 0.610703226450904, "f1_score": 0.6686746987951807, "tn": 62, "fp": 79, "fn": 31, "tp": 111, "n_samples": 283, "n_class_0": 141, "n_class_1": 142, "auroc": 0.6401458395764659}, "k_shots": {"5": {"accuracy": 0.6005, "balanced_accuracy": 0.6005, "f1_score": 0.6131261081998837, "auroc": 0.64597}, "10": {"accuracy": 0.6210000000000001, "balanced_accuracy": 0.6210000000000001, "f1_score": 0.6344490479995833, "auroc": 0.64496}, "20": {"accuracy": 0.6215, "balanced_accuracy": 0.6215, "f1_score": 0.6306759298644695, "auroc": 0.63553}}}