{"subject_id": "S20", "zero_shot": {"accuracy": 0.5882352941176471, "balanced_accuracy": 0.5596919127086007, "f1_score": 0.6818181818181818, "tn": 20, "fp": 21, "fn": 35, "tp": 60, "n_samples": 136, "n_class_0": 41, "n_class_1": 95, "auroc": 0.5838254172015404}, "k_shots": {"5": {"accuracy": 0.3918604651162791, "balanced_accuracy": 0.5767399267399267, "f1_score": 0.34528403697606946, "auroc": 0.5946520146520147}, "10": {"accuracy": 0.4511904761904762, "balanced_accuracy": 0.6055555555555555, "f1_score": 0.4461928695517706, "auroc": 0.6263038548752834}, "20": {"accuracy": 0.4772151898734177, "balanced_accuracy": 0.5604269293924466, "f1_score": 0.5143829145731554, "auroc": 0.5760262725779968}}}