{"subject_id": "S11", "zero_shot": {"accuracy": 0.6472491909385113, "balanced_accuracy": 0.6123898834896278, "f1_score": 0.7308641975308642, "tn": 52, "fp": 50, "fn": 59, "tp": 148, "n_samples": 309, "n_class_0": 102, "n_class_1": 207, "auroc": 0.6580467935966656}, "k_shots": {"5": {"accuracy": 0.6330000000000001, "balanced_accuracy": 0.6330000000000001, "f1_score": 0.6500876480429217, "auroc": 0.6612}, "10": {"accuracy": 0.4880794701986755, "balanced_accuracy": 0.5765098039215687, "f1_score": 0.4386100786844772, "auroc": 0.641235294117647}, "20": {"accuracy": 0.5079470198675496, "balanced_accuracy": 0.5790196078431372, "f1_score": 0.4914458399988849, "auroc": 0.6545882352941176}}}