{"subject_id": "S07", "zero_shot": {"accuracy": 0.7941176470588235, "balanced_accuracy": 0.5613740091280327, "f1_score": 0.8813559322033898, "tn": 6, "fp": 17, "fn": 25, "tp": 156, "n_samples": 204, "n_class_0": 23, "n_class_1": 181, "auroc": 0.65073264472736}, "k_shots": {"5": {"accuracy": 0.35315315315315315, "balanced_accuracy": 0.5824494949494949, "f1_score": 0.44335603333707035, "auroc": 0.6776094276094276}, "10": {"accuracy": 0.46880733944954134, "balanced_accuracy": 0.5920103092783504, "f1_score": 0.5899745246999002, "auroc": 0.6789518900343643}, "20": {"accuracy": 0.6413461538461538, "balanced_accuracy": 0.6088768115942028, "f1_score": 0.7560340019317193, "auroc": 0.6678442028985507}}}