{"subject_id": "S22", "zero_shot": {"accuracy": 0.75, "balanced_accuracy": 0.6759581881533101, "f1_score": 0.8421052631578947, "tn": 4, "fp": 3, "fn": 9, "tp": 32, "n_samples": 48, "n_class_0": 7, "n_class_1": 41, "auroc": 0.6689895470383276}, "k_shots": {"5": {"accuracy": 0.592, "balanced_accuracy": 0.6053571428571429, "f1_score": 0.6945380277617119, "auroc": 0.6309523809523809}, "10": {"accuracy": 0.7391304347826086, "balanced_accuracy": 0.6842105263157895, "f1_score": 0.8278206585407224, "auroc": 0.7539473684210527}, "20": {"accuracy": 0.7333333333333334, "balanced_accuracy": 0.6053571428571429, "f1_score": 0.8279871453063888, "auroc": 0.6732142857142858}}}