{"subject_id": "S23", "zero_shot": {"accuracy": 0.618421052631579, "balanced_accuracy": 0.5548812044224889, "f1_score": 0.7238095238095238, "tn": 36, "fp": 73, "fn": 43, "tp": 152, "n_samples": 304, "n_class_0": 109, "n_class_1": 195, "auroc": 0.5603387438249823}, "k_shots": {"5": {"accuracy": 0.551, "balanced_accuracy": 0.551, "f1_score": 0.5950422058001761, "auroc": 0.56948}, "10": {"accuracy": 0.5519999999999999, "balanced_accuracy": 0.5519999999999999, "f1_score": 0.5922377740327682, "auroc": 0.5692800000000001}, "20": {"accuracy": 0.4806451612903226, "balanced_accuracy": 0.525090909090909, "f1_score": 0.47966455879619774, "auroc": 0.5788000000000001}}}