{"subject_id": "S22", "zero_shot": {"accuracy": 0.7708333333333334, "balanced_accuracy": 0.7473867595818815, "f1_score": 0.8533333333333334, "tn": 5, "fp": 2, "fn": 9, "tp": 32, "n_samples": 48, "n_class_0": 7, "n_class_1": 41, "auroc": 0.7003484320557491}, "k_shots": {"5": {"accuracy": 0.6479999999999999, "balanced_accuracy": 0.6386904761904761, "f1_score": 0.7455471242377533, "auroc": 0.6785714285714286}, "10": {"accuracy": 0.6782608695652174, "balanced_accuracy": 0.7559210526315788, "f1_score": 0.7567519118449073, "auroc": 0.7789473684210526}, "20": {"accuracy": 0.7333333333333334, "balanced_accuracy": 0.7125, "f1_score": 0.8075791335101681, "auroc": 0.7125}}}