{"subject_id": "S14", "zero_shot": {"accuracy": 0.591715976331361, "balanced_accuracy": 0.524947241483268, "f1_score": 0.7063829787234043, "tn": 34, "fp": 90, "fn": 48, "tp": 166, "n_samples": 338, "n_class_0": 124, "n_class_1": 214, "auroc": 0.56787006331022}, "k_shots": {"5": {"accuracy": 0.5465, "balanced_accuracy": 0.5465, "f1_score": 0.5567474251679505, "auroc": 0.58536}, "10": {"accuracy": 0.5485, "balanced_accuracy": 0.5485, "f1_score": 0.5849348991785825, "auroc": 0.58061}, "20": {"accuracy": 0.5235000000000001, "balanced_accuracy": 0.5235000000000001, "f1_score": 0.583300118886433, "auroc": 0.56543}}}