{"subject_id": "S18", "zero_shot": {"accuracy": 0.6331360946745562, "balanced_accuracy": 0.5351674641148325, "f1_score": 0.75, "tn": 14, "fp": 41, "fn": 21, "tp": 93, "n_samples": 169, "n_class_0": 55, "n_class_1": 114, "auroc": 0.5500797448165868}, "k_shots": {"5": {"accuracy": 0.3054545454545454, "balanced_accuracy": 0.5070993031358886, "f1_score": 0.17065922316612223, "auroc": 0.5679006968641115}, "10": {"accuracy": 0.31962616822429907, "balanced_accuracy": 0.4965867992766727, "f1_score": 0.21055493272533185, "auroc": 0.5448462929475587}, "20": {"accuracy": 0.4176470588235294, "balanced_accuracy": 0.5198359073359073, "f1_score": 0.4142904815893746, "auroc": 0.5503378378378379}}}