{"subject_id": "S22", "zero_shot": {"accuracy": 0.8125, "balanced_accuracy": 0.6533101045296167, "f1_score": 0.8888888888888888, "tn": 3, "fp": 4, "fn": 5, "tp": 36, "n_samples": 48, "n_class_0": 7, "n_class_1": 41, "auroc": 0.7421602787456446}, "k_shots": {"5": {"accuracy": 0.6119999999999999, "balanced_accuracy": 0.6071428571428571, "f1_score": 0.7090288933430268, "auroc": 0.7345238095238095}, "10": {"accuracy": 0.7782608695652173, "balanced_accuracy": 0.6388157894736841, "f1_score": 0.8631301747091221, "auroc": 0.718421052631579}, "20": {"accuracy": 0.7944444444444445, "balanced_accuracy": 0.6357142857142858, "f1_score": 0.8739128131786641, "auroc": 0.7035714285714285}}}