{"subject_id": "S12", "zero_shot": {"accuracy": 0.4639175257731959, "balanced_accuracy": 0.5744239631336405, "f1_score": 0.5666666666666667, "tn": 11, "fp": 51, "fn": 1, "tp": 34, "n_samples": 97, "n_class_0": 62, "n_class_1": 35, "auroc": 0.5612903225806452}, "k_shots": {"5": {"accuracy": 0.3671875, "balanced_accuracy": 0.5496376811594204, "f1_score": 0.4622741501069374, "auroc": 0.5852657004830918}, "10": {"accuracy": 0.40983606557377056, "balanced_accuracy": 0.5361757105943153, "f1_score": 0.45723138989453516, "auroc": 0.5373385012919896}, "20": {"accuracy": 0.5196428571428571, "balanced_accuracy": 0.5890350877192982, "f1_score": 0.511657102971536, "auroc": 0.5840643274853801}}}