{"subject_id": "S06", "zero_shot": {"accuracy": 0.7, "balanced_accuracy": 0.5767045454545454, "f1_score": 0.8181818181818182, "tn": 7, "fp": 9, "fn": 75, "tp": 189, "n_samples": 280, "n_class_0": 16, "n_class_1": 264, "auroc": 0.603219696969697}, "k_shots": {"5": {"accuracy": 0.38055555555555554, "balanced_accuracy": 0.5735, "f1_score": 0.5023477022742566, "auroc": 0.622625}, "10": {"accuracy": 0.5222222222222223, "balanced_accuracy": 0.5925, "f1_score": 0.6565609289694391, "auroc": 0.614375}, "20": {"accuracy": 0.6435185185185185, "balanced_accuracy": 0.612, "f1_score": 0.7691040948677363, "auroc": 0.6408750000000001}}}