{"subject_id": "S07", "zero_shot": {"accuracy": 0.8774509803921569, "balanced_accuracy": 0.6083353350948835, "f1_score": 0.9326145552560647, "tn": 6, "fp": 17, "fn": 8, "tp": 173, "n_samples": 204, "n_class_0": 23, "n_class_1": 181, "auroc": 0.5964448714869085}, "k_shots": {"5": {"accuracy": 0.35765765765765767, "balanced_accuracy": 0.5373737373737373, "f1_score": 0.45533847531297544, "auroc": 0.6228114478114477}, "10": {"accuracy": 0.46972477064220186, "balanced_accuracy": 0.5121993127147767, "f1_score": 0.5949098752959723, "auroc": 0.5846219931271477}, "20": {"accuracy": 0.589423076923077, "balanced_accuracy": 0.5722826086956523, "f1_score": 0.7147546388014341, "auroc": 0.6447463768115943}}}