{"subject_id": "S13", "zero_shot": {"accuracy": 0.558303886925795, "balanced_accuracy": 0.5571121766057338, "f1_score": 0.6701846965699209, "tn": 31, "fp": 110, "fn": 15, "tp": 127, "n_samples": 283, "n_class_0": 141, "n_class_1": 142, "auroc": 0.6245629807212066}, "k_shots": {"5": {"accuracy": 0.6005, "balanced_accuracy": 0.6005, "f1_score": 0.6180480270800959, "auroc": 0.6246600000000001}, "10": {"accuracy": 0.6114999999999999, "balanced_accuracy": 0.6114999999999999, "f1_score": 0.6454586296695464, "auroc": 0.6337999999999999}, "20": {"accuracy": 0.6115, "balanced_accuracy": 0.6115, "f1_score": 0.6346316521736944, "auroc": 0.6419600000000001}}}