{"subject_id": "S20", "zero_shot": {"accuracy": 0.6102941176470589, "balanced_accuracy": 0.5200256739409499, "f1_score": 0.7282051282051282, "tn": 12, "fp": 29, "fn": 24, "tp": 71, "n_samples": 136, "n_class_0": 41, "n_class_1": 95, "auroc": 0.6182284980744543}, "k_shots": {"5": {"accuracy": 0.31860465116279074, "balanced_accuracy": 0.5395604395604395, "f1_score": 0.1922309687654083, "auroc": 0.661831501831502}, "10": {"accuracy": 0.380952380952381, "balanced_accuracy": 0.5603174603174603, "f1_score": 0.3185402461486107, "auroc": 0.6476946334089192}, "20": {"accuracy": 0.5341772151898734, "balanced_accuracy": 0.6417487684729064, "f1_score": 0.5605416136588498, "auroc": 0.6563218390804598}}}