{"subject_id": "S02", "zero_shot": {"accuracy": 0.5947368421052631, "balanced_accuracy": 0.4968546132339236, "f1_score": 0.7389830508474576, "tn": 4, "fp": 70, "fn": 7, "tp": 109, "n_samples": 190, "n_class_0": 74, "n_class_1": 116, "auroc": 0.5425209692451072}, "k_shots": {"5": {"accuracy": 0.3767441860465116, "balanced_accuracy": 0.5549647473560516, "f1_score": 0.23751512915334932, "auroc": 0.6110164512338424}, "10": {"accuracy": 0.4165354330708662, "balanced_accuracy": 0.5732132132132132, "f1_score": 0.3217849278125297, "auroc": 0.5786186186186185}, "20": {"accuracy": 0.47049180327868856, "balanced_accuracy": 0.5826073131955486, "f1_score": 0.4379893236387956, "auroc": 0.571637519872814}}}