{"subject_id": "S26", "zero_shot": {"accuracy": 0.6013513513513513, "balanced_accuracy": 0.5628359592215013, "f1_score": 0.7121951219512195, "tn": 16, "fp": 49, "fn": 10, "tp": 73, "n_samples": 148, "n_class_0": 65, "n_class_1": 83, "auroc": 0.5612604263206673}, "k_shots": {"5": {"accuracy": 0.33461538461538465, "balanced_accuracy": 0.5005121638924456, "f1_score": 0.0866285874144562, "auroc": 0.5522833973538198}, "10": {"accuracy": 0.34509803921568627, "balanced_accuracy": 0.4811594202898551, "f1_score": 0.1641442297567461, "auroc": 0.5483530961791832}, "20": {"accuracy": 0.3969072164948454, "balanced_accuracy": 0.4908617424242424, "f1_score": 0.298584829096307, "auroc": 0.5559185606060606}}}