{"subject_id": "S11", "zero_shot": {"accuracy": 0.6634304207119741, "balanced_accuracy": 0.5747371412333049, "f1_score": 0.7688888888888888, "tn": 32, "fp": 70, "fn": 34, "tp": 173, "n_samples": 309, "n_class_0": 102, "n_class_1": 207, "auroc": 0.645590603391115}, "k_shots": {"5": {"accuracy": 0.601, "balanced_accuracy": 0.601, "f1_score": 0.6704579587270219, "auroc": 0.6573100000000001}, "10": {"accuracy": 0.40066225165562913, "balanced_accuracy": 0.5340490196078432, "f1_score": 0.21214830291776154, "auroc": 0.6537647058823529}, "20": {"accuracy": 0.43973509933774835, "balanced_accuracy": 0.5529803921568627, "f1_score": 0.3226882930101765, "auroc": 0.6477647058823529}}}