{"subject_id": "S23", "zero_shot": {"accuracy": 0.6447368421052632, "balanced_accuracy": 0.5389790637497059, "f1_score": 0.7672413793103449, "tn": 18, "fp": 91, "fn": 17, "tp": 178, "n_samples": 304, "n_class_0": 109, "n_class_1": 195, "auroc": 0.5822159491884263}, "k_shots": {"5": {"accuracy": 0.5754999999999999, "balanced_accuracy": 0.5754999999999999, "f1_score": 0.6257711489418277, "auroc": 0.60489}, "10": {"accuracy": 0.5690000000000002, "balanced_accuracy": 0.5690000000000002, "f1_score": 0.567172693377345, "auroc": 0.5896700000000001}, "20": {"accuracy": 0.4187096774193549, "balanced_accuracy": 0.5163636363636364, "f1_score": 0.28409731281588196, "auroc": 0.6340909090909091}}}