{"subject_id": "S11", "zero_shot": {"accuracy": 0.6440129449838188, "balanced_accuracy": 0.5851094060812732, "f1_score": 0.7405660377358491, "tn": 42, "fp": 60, "fn": 50, "tp": 157, "n_samples": 309, "n_class_0": 102, "n_class_1": 207, "auroc": 0.6423226295349058}, "k_shots": {"5": {"accuracy": 0.605, "balanced_accuracy": 0.6050000000000001, "f1_score": 0.6641794820642399, "auroc": 0.65215}, "10": {"accuracy": 0.5960264900662251, "balanced_accuracy": 0.6066078431372548, "f1_score": 0.6510422531077571, "auroc": 0.6440392156862746}, "20": {"accuracy": 0.5953642384105959, "balanced_accuracy": 0.5965, "f1_score": 0.657121016329923, "auroc": 0.6358627450980392}}}