{"subject_id": "S23", "zero_shot": {"accuracy": 0.6348684210526315, "balanced_accuracy": 0.5414020230533992, "f1_score": 0.753880266075388, "tn": 23, "fp": 86, "fn": 25, "tp": 170, "n_samples": 304, "n_class_0": 109, "n_class_1": 195, "auroc": 0.5846624323688543}, "k_shots": {"5": {"accuracy": 0.576, "balanced_accuracy": 0.576, "f1_score": 0.6191825173770074, "auroc": 0.5999000000000001}, "10": {"accuracy": 0.5690000000000001, "balanced_accuracy": 0.5690000000000001, "f1_score": 0.5613428177818758, "auroc": 0.5825000000000001}, "20": {"accuracy": 0.5922580645161291, "balanced_accuracy": 0.5833636363636365, "f1_score": 0.6592392258876683, "auroc": 0.6062000000000001}}}