{"subject_id": "S21", "zero_shot": {"accuracy": 0.6333333333333333, "balanced_accuracy": 0.8070175438596492, "f1_score": 0.7608695652173914, "tn": 3, "fp": 0, "fn": 22, "tp": 35, "n_samples": 60, "n_class_0": 3, "n_class_1": 57, "auroc": 0.8479532163742689}, "k_shots": {"5": {"accuracy": 0.7034482758620689, "balanced_accuracy": 0.7712962962962961, "f1_score": 0.8090492676976446, "auroc": 0.861111111111111}, "10": {"accuracy": 0.8481481481481483, "balanced_accuracy": 0.6649999999999999, "f1_score": 0.9124686471138503, "auroc": 0.9020000000000001}, "20": {"accuracy": 0.8909090909090909, "balanced_accuracy": 0.6475, "f1_score": 0.939865484409772, "auroc": 0.8875}}}