{"subject_id": "S20", "zero_shot": {"accuracy": 0.5882352941176471, "balanced_accuracy": 0.5666238767650835, "f1_score": 0.6781609195402298, "tn": 21, "fp": 20, "fn": 36, "tp": 59, "n_samples": 136, "n_class_0": 41, "n_class_1": 95, "auroc": 0.6249037227214377}, "k_shots": {"5": {"accuracy": 0.5127906976744186, "balanced_accuracy": 0.626117216117216, "f1_score": 0.5477834586897794, "auroc": 0.6443223443223444}, "10": {"accuracy": 0.5380952380952381, "balanced_accuracy": 0.6206349206349205, "f1_score": 0.589599693409007, "auroc": 0.6323507180650038}, "20": {"accuracy": 0.5886075949367089, "balanced_accuracy": 0.6211001642036125, "f1_score": 0.6612690121741694, "auroc": 0.6531198686371099}}}