{"subject_id": "S17", "zero_shot": {"accuracy": 0.6955017301038062, "balanced_accuracy": 0.5976719576719577, "f1_score": 0.7972350230414746, "tn": 28, "fp": 72, "fn": 16, "tp": 173, "n_samples": 289, "n_class_0": 100, "n_class_1": 189, "auroc": 0.6802116402116402}, "k_shots": {"5": {"accuracy": 0.398, "balanced_accuracy": 0.5375, "f1_score": 0.2074828420253599, "auroc": 0.6596}, "10": {"accuracy": 0.41933333333333334, "balanced_accuracy": 0.553, "f1_score": 0.2573979515338377, "auroc": 0.6956}, "20": {"accuracy": 0.48266666666666663, "balanced_accuracy": 0.5854999999999999, "f1_score": 0.41472448637134623, "auroc": 0.6675}}}