{"subject_id": "S06", "zero_shot": {"accuracy": 0.7035714285714286, "balanced_accuracy": 0.6079545454545454, "f1_score": 0.8199566160520607, "tn": 8, "fp": 8, "fn": 75, "tp": 189, "n_samples": 280, "n_class_0": 16, "n_class_1": 264, "auroc": 0.5854640151515151}, "k_shots": {"5": {"accuracy": 0.525, "balanced_accuracy": 0.56525, "f1_score": 0.6638750431782771, "auroc": 0.6096249999999999}, "10": {"accuracy": 0.5787037037037037, "balanced_accuracy": 0.5770000000000001, "f1_score": 0.711367805727958, "auroc": 0.5939999999999999}, "20": {"accuracy": 0.6101851851851852, "balanced_accuracy": 0.6054999999999999, "f1_score": 0.7413598192651812, "auroc": 0.6359999999999999}}}