{"subject_id": "S14", "zero_shot": {"accuracy": 0.621301775147929, "balanced_accuracy": 0.5245703949351824, "f1_score": 0.7480314960629921, "tn": 20, "fp": 104, "fn": 24, "tp": 190, "n_samples": 338, "n_class_0": 124, "n_class_1": 214, "auroc": 0.578120289418149}, "k_shots": {"5": {"accuracy": 0.558, "balanced_accuracy": 0.558, "f1_score": 0.5872343214447142, "auroc": 0.5814100000000001}, "10": {"accuracy": 0.555, "balanced_accuracy": 0.555, "f1_score": 0.5855048601983868, "auroc": 0.58099}, "20": {"accuracy": 0.5665, "balanced_accuracy": 0.5665, "f1_score": 0.5753245123116248, "auroc": 0.5924400000000001}}}