{"subject_id": "S24", "zero_shot": {"accuracy": 0.7456445993031359, "balanced_accuracy": 0.5782608695652174, "f1_score": 0.8443496801705757, "tn": 16, "fp": 64, "fn": 9, "tp": 198, "n_samples": 287, "n_class_0": 80, "n_class_1": 207, "auroc": 0.6420893719806764}, "k_shots": {"5": {"accuracy": 0.3321428571428572, "balanced_accuracy": 0.50325, "f1_score": 0.17830439872773154, "auroc": 0.65475}, "10": {"accuracy": 0.3442857142857143, "balanced_accuracy": 0.49749999999999994, "f1_score": 0.2329290179189329, "auroc": 0.6407499999999999}, "20": {"accuracy": 0.4064285714285714, "balanced_accuracy": 0.53125, "f1_score": 0.36285659333351006, "auroc": 0.6344000000000001}}}