{"subject_id": "S16", "zero_shot": {"accuracy": 0.5801886792452831, "balanced_accuracy": 0.5320773470678595, "f1_score": 0.7119741100323624, "tn": 13, "fp": 80, "fn": 9, "tp": 110, "n_samples": 212, "n_class_0": 93, "n_class_1": 119, "auroc": 0.5402548116020602}, "k_shots": {"5": {"accuracy": 0.35714285714285715, "balanced_accuracy": 0.5038191489361702, "f1_score": 0.17003732531917498, "auroc": 0.5919574468085107}, "10": {"accuracy": 0.3727891156462585, "balanced_accuracy": 0.5125, "f1_score": 0.21196182727489435, "auroc": 0.571127659574468}, "20": {"accuracy": 0.42027972027972027, "balanced_accuracy": 0.5318484042553191, "f1_score": 0.32169772254823176, "auroc": 0.5709663120567374}}}