{"subject_id": "S14", "zero_shot": {"accuracy": 0.621301775147929, "balanced_accuracy": 0.5533991558637323, "f1_score": 0.729957805907173, "tn": 37, "fp": 87, "fn": 41, "tp": 173, "n_samples": 338, "n_class_0": 124, "n_class_1": 214, "auroc": 0.5743895085921014}, "k_shots": {"5": {"accuracy": 0.56, "balanced_accuracy": 0.56, "f1_score": 0.5964476536605874, "auroc": 0.57056}, "10": {"accuracy": 0.5475000000000001, "balanced_accuracy": 0.5475000000000001, "f1_score": 0.5929086165599677, "auroc": 0.5656300000000001}, "20": {"accuracy": 0.558, "balanced_accuracy": 0.558, "f1_score": 0.5917973879031593, "auroc": 0.5794900000000001}}}