{"subject_id": "S12", "zero_shot": {"accuracy": 0.5051546391752577, "balanced_accuracy": 0.5817972350230415, "f1_score": 0.5555555555555556, "tn": 19, "fp": 43, "fn": 5, "tp": 30, "n_samples": 97, "n_class_0": 62, "n_class_1": 35, "auroc": 0.5571428571428572}, "k_shots": {"5": {"accuracy": 0.5359375, "balanced_accuracy": 0.5520531400966183, "f1_score": 0.4146053460724882, "auroc": 0.5896135265700483}, "10": {"accuracy": 0.5081967213114755, "balanced_accuracy": 0.5445736434108527, "f1_score": 0.4300782315353594, "auroc": 0.5413436692506459}, "20": {"accuracy": 0.5285714285714286, "balanced_accuracy": 0.5736842105263158, "f1_score": 0.4880857184497584, "auroc": 0.5814327485380117}}}