{"subject_id": "S11", "zero_shot": {"accuracy": 0.6537216828478964, "balanced_accuracy": 0.6172208013640239, "f1_score": 0.7371007371007371, "tn": 52, "fp": 50, "fn": 57, "tp": 150, "n_samples": 309, "n_class_0": 102, "n_class_1": 207, "auroc": 0.6555366107795776}, "k_shots": {"5": {"accuracy": 0.6060000000000001, "balanced_accuracy": 0.6060000000000001, "f1_score": 0.6575816095524836, "auroc": 0.66205}, "10": {"accuracy": 0.4794701986754967, "balanced_accuracy": 0.5709705882352941, "f1_score": 0.4229017892801551, "auroc": 0.6596274509803921}, "20": {"accuracy": 0.49735099337748345, "balanced_accuracy": 0.5638137254901959, "f1_score": 0.48329676571221764, "auroc": 0.6408823529411765}}}