{"subject_id": "S14", "zero_shot": {"accuracy": 0.636094674556213, "balanced_accuracy": 0.5667772083207718, "f1_score": 0.7421383647798742, "tn": 38, "fp": 86, "fn": 37, "tp": 177, "n_samples": 338, "n_class_0": 124, "n_class_1": 214, "auroc": 0.5775550195960204}, "k_shots": {"5": {"accuracy": 0.548, "balanced_accuracy": 0.548, "f1_score": 0.5744755042721019, "auroc": 0.57317}, "10": {"accuracy": 0.542, "balanced_accuracy": 0.542, "f1_score": 0.5748305155324936, "auroc": 0.56538}, "20": {"accuracy": 0.546, "balanced_accuracy": 0.546, "f1_score": 0.5692355130506026, "auroc": 0.5801}}}