{"subject_id": "S23", "zero_shot": {"accuracy": 0.625, "balanced_accuracy": 0.5559633027522937, "f1_score": 0.7323943661971831, "tn": 34, "fp": 75, "fn": 39, "tp": 156, "n_samples": 304, "n_class_0": 109, "n_class_1": 195, "auroc": 0.5808045165843331}, "k_shots": {"5": {"accuracy": 0.582, "balanced_accuracy": 0.582, "f1_score": 0.6191044173485611, "auroc": 0.59993}, "10": {"accuracy": 0.5595000000000001, "balanced_accuracy": 0.5595, "f1_score": 0.5590646073088383, "auroc": 0.5770299999999999}, "20": {"accuracy": 0.5458064516129033, "balanced_accuracy": 0.5960454545454545, "f1_score": 0.5443640046519812, "auroc": 0.6144727272727273}}}