{"subject_id": "S23", "zero_shot": {"accuracy": 0.6282894736842105, "balanced_accuracy": 0.5625735121147966, "f1_score": 0.7328605200945626, "tn": 36, "fp": 73, "fn": 40, "tp": 155, "n_samples": 304, "n_class_0": 109, "n_class_1": 195, "auroc": 0.5761467889908257}, "k_shots": {"5": {"accuracy": 0.556, "balanced_accuracy": 0.5559999999999999, "f1_score": 0.5797238283147728, "auroc": 0.58715}, "10": {"accuracy": 0.5385, "balanced_accuracy": 0.5385, "f1_score": 0.51748712500337, "auroc": 0.5673900000000001}, "20": {"accuracy": 0.6, "balanced_accuracy": 0.5635909090909091, "f1_score": 0.6892214460129479, "auroc": 0.5913454545454544}}}