{"subject_id": "S12", "zero_shot": {"accuracy": 0.5257731958762887, "balanced_accuracy": 0.597926267281106, "f1_score": 0.5660377358490566, "tn": 21, "fp": 41, "fn": 5, "tp": 30, "n_samples": 97, "n_class_0": 62, "n_class_1": 35, "auroc": 0.5497695852534562}, "k_shots": {"5": {"accuracy": 0.4359375, "balanced_accuracy": 0.5721014492753624, "f1_score": 0.46814630659937373, "auroc": 0.5828502415458937}, "10": {"accuracy": 0.4606557377049181, "balanced_accuracy": 0.5657622739018087, "f1_score": 0.47308511317006297, "auroc": 0.5397932816537468}, "20": {"accuracy": 0.5071428571428571, "balanced_accuracy": 0.5842105263157895, "f1_score": 0.51064194580154, "auroc": 0.567690058479532}}}