{"subject_id": "S13", "zero_shot": {"accuracy": 0.5901060070671378, "balanced_accuracy": 0.5894016581760064, "f1_score": 0.6588235294117647, "tn": 55, "fp": 86, "fn": 30, "tp": 112, "n_samples": 283, "n_class_0": 141, "n_class_1": 142, "auroc": 0.6304065527919289}, "k_shots": {"5": {"accuracy": 0.6005, "balanced_accuracy": 0.6005, "f1_score": 0.5902899931676935, "auroc": 0.62808}, "10": {"accuracy": 0.603, "balanced_accuracy": 0.603, "f1_score": 0.6298882477645357, "auroc": 0.62254}, "20": {"accuracy": 0.616, "balanced_accuracy": 0.616, "f1_score": 0.6386375696046043, "auroc": 0.63264}}}