{"subject_id": "S07", "zero_shot": {"accuracy": 0.803921568627451, "balanced_accuracy": 0.5858755705020418, "f1_score": 0.8870056497175142, "tn": 7, "fp": 16, "fn": 24, "tp": 157, "n_samples": 204, "n_class_0": 23, "n_class_1": 181, "auroc": 0.5978861398030266}, "k_shots": {"5": {"accuracy": 0.36666666666666664, "balanced_accuracy": 0.5241161616161616, "f1_score": 0.4756076120816757, "auroc": 0.6152356902356902}, "10": {"accuracy": 0.46972477064220186, "balanced_accuracy": 0.5158505154639176, "f1_score": 0.5956123813529285, "auroc": 0.5759450171821305}, "20": {"accuracy": 0.575, "balanced_accuracy": 0.607608695652174, "f1_score": 0.7007166402253265, "auroc": 0.6353260869565218}}}