{"subject_id": "S16", "zero_shot": {"accuracy": 0.5424528301886793, "balanced_accuracy": 0.5113851992409867, "f1_score": 0.6523297491039427, "tn": 24, "fp": 69, "fn": 28, "tp": 91, "n_samples": 212, "n_class_0": 93, "n_class_1": 119, "auroc": 0.5265202855335682}, "k_shots": {"5": {"accuracy": 0.46394557823129257, "balanced_accuracy": 0.5484893617021277, "f1_score": 0.4432820907433378, "auroc": 0.5455106382978724}, "10": {"accuracy": 0.4775510204081632, "balanced_accuracy": 0.5528510638297871, "f1_score": 0.4715933107594763, "auroc": 0.5391702127659574}, "20": {"accuracy": 0.4930069930069931, "balanced_accuracy": 0.5480053191489362, "f1_score": 0.5059625386281243, "auroc": 0.5343085106382979}}}