{"subject_id": "S18", "zero_shot": {"accuracy": 0.5857988165680473, "balanced_accuracy": 0.5518341307814992, "f1_score": 0.6788990825688074, "tn": 25, "fp": 30, "fn": 40, "tp": 74, "n_samples": 169, "n_class_0": 55, "n_class_1": 114, "auroc": 0.5585326953748007}, "k_shots": {"5": {"accuracy": 0.4263636363636364, "balanced_accuracy": 0.545862369337979, "f1_score": 0.439594280949471, "auroc": 0.561890243902439}, "10": {"accuracy": 0.41495327102803736, "balanced_accuracy": 0.5138788426763111, "f1_score": 0.4343487672754739, "auroc": 0.545750452079566}, "20": {"accuracy": 0.4833333333333333, "balanced_accuracy": 0.5351351351351351, "f1_score": 0.5387586840313375, "auroc": 0.5505791505791506}}}