{"subject_id": "S21", "zero_shot": {"accuracy": 0.5333333333333333, "balanced_accuracy": 0.7543859649122807, "f1_score": 0.6744186046511628, "tn": 3, "fp": 0, "fn": 28, "tp": 29, "n_samples": 60, "n_class_0": 3, "n_class_1": 57, "auroc": 0.8421052631578947}, "k_shots": {"5": {"accuracy": 0.6172413793103448, "balanced_accuracy": 0.7944444444444445, "f1_score": 0.7370519293745967, "auroc": 0.8481481481481481}, "10": {"accuracy": 0.7, "balanced_accuracy": 0.8380000000000001, "f1_score": 0.8036744271700744, "auroc": 0.8560000000000001}, "20": {"accuracy": 0.7136363636363636, "balanced_accuracy": 0.8425, "f1_score": 0.8110286374992256, "auroc": 0.86}}}