{"subject_id": "S13", "zero_shot": {"accuracy": 0.6042402826855123, "balanced_accuracy": 0.6034362201578264, "f1_score": 0.6781609195402298, "tn": 53, "fp": 88, "fn": 24, "tp": 118, "n_samples": 283, "n_class_0": 141, "n_class_1": 142, "auroc": 0.6405953451203676}, "k_shots": {"5": {"accuracy": 0.6054999999999999, "balanced_accuracy": 0.6054999999999999, "f1_score": 0.610260761651458, "auroc": 0.6317600000000001}, "10": {"accuracy": 0.603, "balanced_accuracy": 0.603, "f1_score": 0.6430259392457994, "auroc": 0.6305000000000001}, "20": {"accuracy": 0.6259999999999999, "balanced_accuracy": 0.6259999999999999, "f1_score": 0.6597402657080507, "auroc": 0.6413000000000001}}}