{"subject_id": "S11", "zero_shot": {"accuracy": 0.627831715210356, "balanced_accuracy": 0.5879511224779768, "f1_score": 0.7174447174447175, "tn": 48, "fp": 54, "fn": 61, "tp": 146, "n_samples": 309, "n_class_0": 102, "n_class_1": 207, "auroc": 0.648053424268258}, "k_shots": {"5": {"accuracy": 0.604, "balanced_accuracy": 0.604, "f1_score": 0.6581589302957792, "auroc": 0.6565900000000001}, "10": {"accuracy": 0.6311258278145695, "balanced_accuracy": 0.6090882352941176, "f1_score": 0.7076176218512932, "auroc": 0.6530980392156863}, "20": {"accuracy": 0.6198675496688744, "balanced_accuracy": 0.6111568627450981, "f1_score": 0.6887236279857685, "auroc": 0.6342941176470589}}}