{"subject_id": "S20", "zero_shot": {"accuracy": 0.5882352941176471, "balanced_accuracy": 0.5735558408215662, "f1_score": 0.6744186046511628, "tn": 22, "fp": 19, "fn": 37, "tp": 58, "n_samples": 136, "n_class_0": 41, "n_class_1": 95, "auroc": 0.617201540436457}, "k_shots": {"5": {"accuracy": 0.4441860465116279, "balanced_accuracy": 0.621025641025641, "f1_score": 0.4275121622598156, "auroc": 0.6527472527472529}, "10": {"accuracy": 0.46071428571428574, "balanced_accuracy": 0.6087301587301587, "f1_score": 0.4629537319022069, "auroc": 0.6308390022675737}, "20": {"accuracy": 0.5253164556962026, "balanced_accuracy": 0.615968801313629, "f1_score": 0.5642837644565636, "auroc": 0.6391625615763548}}}