{"subject_id": "S02", "zero_shot": {"accuracy": 0.5789473684210527, "balanced_accuracy": 0.5010484622553588, "f1_score": 0.7122302158273381, "tn": 11, "fp": 63, "fn": 17, "tp": 99, "n_samples": 190, "n_class_0": 74, "n_class_1": 116, "auroc": 0.5420549860205032}, "k_shots": {"5": {"accuracy": 0.4658914728682171, "balanced_accuracy": 0.5463719153936546, "f1_score": 0.4879798134978848, "auroc": 0.579406580493537}, "10": {"accuracy": 0.4740157480314961, "balanced_accuracy": 0.5333933933933933, "f1_score": 0.5124864490661059, "auroc": 0.5555855855855857}, "20": {"accuracy": 0.4696721311475409, "balanced_accuracy": 0.4957869634340222, "f1_score": 0.5300151285587564, "auroc": 0.5317011128775835}}}