{"subject_id": "S24", "zero_shot": {"accuracy": 0.6724738675958188, "balanced_accuracy": 0.581219806763285, "f1_score": 0.7761904761904762, "tn": 30, "fp": 50, "fn": 44, "tp": 163, "n_samples": 287, "n_class_0": 80, "n_class_1": 207, "auroc": 0.6343599033816425}, "k_shots": {"5": {"accuracy": 0.4542857142857143, "balanced_accuracy": 0.552, "f1_score": 0.4548964476698335, "auroc": 0.647075}, "10": {"accuracy": 0.475, "balanced_accuracy": 0.55975, "f1_score": 0.494385690619395, "auroc": 0.63995}, "20": {"accuracy": 0.5307142857142857, "balanced_accuracy": 0.5829999999999999, "f1_score": 0.5820155576757506, "auroc": 0.6293749999999999}}}