{"subject_id": "S22", "zero_shot": {"accuracy": 0.7291666666666666, "balanced_accuracy": 0.6637630662020906, "f1_score": 0.8266666666666667, "tn": 4, "fp": 3, "fn": 10, "tp": 31, "n_samples": 48, "n_class_0": 7, "n_class_1": 41, "auroc": 0.6585365853658537}, "k_shots": {"5": {"accuracy": 0.568, "balanced_accuracy": 0.5607142857142857, "f1_score": 0.6649775614249299, "auroc": 0.6547619047619047}, "10": {"accuracy": 0.7130434782608696, "balanced_accuracy": 0.6092105263157894, "f1_score": 0.8131063416357535, "auroc": 0.6578947368421053}, "20": {"accuracy": 0.7444444444444444, "balanced_accuracy": 0.6303571428571428, "f1_score": 0.8340175150519977, "auroc": 0.6375}}}