{"subject_id": "S02", "zero_shot": {"accuracy": 0.5578947368421052, "balanced_accuracy": 0.4862534948741845, "f1_score": 0.6911764705882353, "tn": 12, "fp": 62, "fn": 22, "tp": 94, "n_samples": 190, "n_class_0": 74, "n_class_1": 116, "auroc": 0.5350652376514445}, "k_shots": {"5": {"accuracy": 0.5496124031007751, "balanced_accuracy": 0.5218566392479435, "f1_score": 0.6432145142335686, "auroc": 0.5548178613396005}, "10": {"accuracy": 0.5251968503937008, "balanced_accuracy": 0.5066366366366366, "f1_score": 0.6194788021999466, "auroc": 0.5354954954954955}, "20": {"accuracy": 0.521311475409836, "balanced_accuracy": 0.4870588235294117, "f1_score": 0.6240311616038363, "auroc": 0.516248012718601}}}