{"subject_id": "S26", "zero_shot": {"accuracy": 0.6013513513513513, "balanced_accuracy": 0.5828544949026877, "f1_score": 0.6740331491712708, "tn": 28, "fp": 37, "fn": 22, "tp": 61, "n_samples": 148, "n_class_0": 65, "n_class_1": 83, "auroc": 0.5657089898053753}, "k_shots": {"5": {"accuracy": 0.3557692307692308, "balanced_accuracy": 0.4592402902262057, "f1_score": 0.27042714030560805, "auroc": 0.5506615450277422}, "10": {"accuracy": 0.4117647058823529, "balanced_accuracy": 0.4806324110671937, "f1_score": 0.3954545136747942, "auroc": 0.548572683355292}, "20": {"accuracy": 0.47938144329896903, "balanced_accuracy": 0.5196022727272727, "f1_score": 0.4976759811379191, "auroc": 0.5558712121212122}}}