{"subject_id": "S17", "zero_shot": {"accuracy": 0.6505190311418685, "balanced_accuracy": 0.5985978835978836, "f1_score": 0.7416879795396419, "tn": 43, "fp": 57, "fn": 44, "tp": 145, "n_samples": 289, "n_class_0": 100, "n_class_1": 189, "auroc": 0.6692592592592592}, "k_shots": {"5": {"accuracy": 0.5266666666666667, "balanced_accuracy": 0.6075, "f1_score": 0.5055259739481367, "auroc": 0.65616}, "10": {"accuracy": 0.5426666666666666, "balanced_accuracy": 0.618, "f1_score": 0.5330158891013219, "auroc": 0.68834}, "20": {"accuracy": 0.5706666666666667, "balanced_accuracy": 0.6185, "f1_score": 0.595295954774429, "auroc": 0.6618799999999999}}}