{"subject_id": "S06", "zero_shot": {"accuracy": 0.6571428571428571, "balanced_accuracy": 0.5833333333333333, "f1_score": 0.7857142857142857, "tn": 8, "fp": 8, "fn": 88, "tp": 176, "n_samples": 280, "n_class_0": 16, "n_class_1": 264, "auroc": 0.5946969696969697}, "k_shots": {"5": {"accuracy": 0.500925925925926, "balanced_accuracy": 0.60975, "f1_score": 0.6385484656476728, "auroc": 0.60875}, "10": {"accuracy": 0.5842592592592594, "balanced_accuracy": 0.5972500000000001, "f1_score": 0.7203821974977922, "auroc": 0.602875}, "20": {"accuracy": 0.6462962962962964, "balanced_accuracy": 0.6020000000000001, "f1_score": 0.7732539638292368, "auroc": 0.626625}}}