{"subject_id": "S12", "k_shots": {"5": {"accuracy": 0.5453125, "balanced_accuracy": 0.5805555555555555, "f1_score": 0.44251981626613157, "auroc": 0.5946859903381643}, "10": {"accuracy": 0.540983606557377, "balanced_accuracy": 0.5872093023255813, "f1_score": 0.4715937025283619, "auroc": 0.584108527131783}, "20": {"accuracy": 0.5553571428571428, "balanced_accuracy": 0.5992690058479532, "f1_score": 0.51060297015198, "auroc": 0.612719298245614}}}