{"subject_id": "S02", "k_shots": {"5": {"accuracy": 0.5906976744186047, "balanced_accuracy": 0.5708578143360752, "f1_score": 0.6771513307871396, "auroc": 0.5804054054054053}, "10": {"accuracy": 0.5511811023622047, "balanced_accuracy": 0.5504354354354355, "f1_score": 0.6304488223260749, "auroc": 0.5574174174174175}, "20": {"accuracy": 0.5434426229508198, "balanced_accuracy": 0.5403338632750398, "f1_score": 0.6242015927068728, "auroc": 0.5329411764705883}}}