{"subject_id": "S20", "k_shots": {"5": {"accuracy": 0.5174418604651163, "balanced_accuracy": 0.5421611721611722, "f1_score": 0.6010446194109003, "auroc": 0.5726739926739928}, "10": {"accuracy": 0.5357142857142857, "balanced_accuracy": 0.5396825396825398, "f1_score": 0.626583536115241, "auroc": 0.5670445956160242}, "20": {"accuracy": 0.5367088607594936, "balanced_accuracy": 0.5599343185550082, "f1_score": 0.6146523062808302, "auroc": 0.5874384236453202}}}