{"subject_id": "S14", "k_shots": {"5": {"accuracy": 0.5445, "balanced_accuracy": 0.5445, "f1_score": 0.6022862591346732, "auroc": 0.5755700000000001}, "10": {"accuracy": 0.5504999999999999, "balanced_accuracy": 0.5504999999999999, "f1_score": 0.589343826712171, "auroc": 0.5818}, "20": {"accuracy": 0.5455, "balanced_accuracy": 0.5454999999999999, "f1_score": 0.5897962876763259, "auroc": 0.57774}}}