{"subject_id": "S13", "k_shots": {"5": {"accuracy": 0.5925, "balanced_accuracy": 0.5925, "f1_score": 0.62785699455014, "auroc": 0.63512}, "10": {"accuracy": 0.6014999999999999, "balanced_accuracy": 0.6014999999999999, "f1_score": 0.6190093128555268, "auroc": 0.6334500000000001}, "20": {"accuracy": 0.6125, "balanced_accuracy": 0.6125, "f1_score": 0.6238947796489489, "auroc": 0.63978}}}