{"subject_id": "S23", "k_shots": {"5": {"accuracy": 0.522, "balanced_accuracy": 0.522, "f1_score": 0.5448297706588682, "auroc": 0.54408}, "10": {"accuracy": 0.537, "balanced_accuracy": 0.537, "f1_score": 0.5863118697770618, "auroc": 0.56186}, "20": {"accuracy": 0.5535483870967742, "balanced_accuracy": 0.5214545454545454, "f1_score": 0.6456750354890158, "auroc": 0.5490363636363637}}}