{"subject_id": "S07", "k_shots": {"5": {"accuracy": 0.6261261261261262, "balanced_accuracy": 0.6292929292929292, "f1_score": 0.7412737035590069, "auroc": 0.6967171717171717}, "10": {"accuracy": 0.6, "balanced_accuracy": 0.6693728522336769, "f1_score": 0.7203220959239242, "auroc": 0.7098797250859107}, "20": {"accuracy": 0.6240384615384615, "balanced_accuracy": 0.5990942028985506, "f1_score": 0.7465491014544081, "auroc": 0.6945652173913042}}}