{"subject_id": "S26", "k_shots": {"5": {"accuracy": 0.5586538461538461, "balanced_accuracy": 0.5551216389244559, "f1_score": 0.618927620843208, "auroc": 0.5678190354246693}, "10": {"accuracy": 0.5970588235294118, "balanced_accuracy": 0.5717391304347826, "f1_score": 0.683227594348491, "auroc": 0.5787439613526569}, "20": {"accuracy": 0.6, "balanced_accuracy": 0.5713778409090909, "f1_score": 0.6843769507215054, "auroc": 0.594034090909091}}}