{"subject_id": "S23", "k_shots": {"5": {"accuracy": 0.5595000000000001, "balanced_accuracy": 0.5595000000000001, "f1_score": 0.5713701165787719, "auroc": 0.59582}, "10": {"accuracy": 0.5495, "balanced_accuracy": 0.5495, "f1_score": 0.5650351822887798, "auroc": 0.58807}, "20": {"accuracy": 0.5541935483870968, "balanced_accuracy": 0.5399545454545454, "f1_score": 0.6296728327225865, "auroc": 0.5784727272727272}}}