{"subject_id": "S12", "k_shots": {"5": {"accuracy": 0.5203125, "balanced_accuracy": 0.5986714975845412, "f1_score": 0.47598143517068625, "auroc": 0.5972222222222223}, "10": {"accuracy": 0.49344262295081964, "balanced_accuracy": 0.5890180878552971, "f1_score": 0.4888699726043231, "auroc": 0.57687338501292}, "20": {"accuracy": 0.5303571428571429, "balanced_accuracy": 0.6027777777777777, "f1_score": 0.5231354839655304, "auroc": 0.5869883040935673}}}