{"subject_id": "S02", "k_shots": {"5": {"accuracy": 0.5023255813953489, "balanced_accuracy": 0.5315217391304348, "f1_score": 0.5595390301364251, "auroc": 0.5569623971797885}, "10": {"accuracy": 0.4850393700787402, "balanced_accuracy": 0.5117267267267268, "f1_score": 0.5454671799131084, "auroc": 0.5483783783783784}, "20": {"accuracy": 0.5008196721311475, "balanced_accuracy": 0.5044038155802861, "f1_score": 0.578712696119702, "auroc": 0.5402861685214627}}}