{"subject_id": "S18", "k_shots": {"5": {"accuracy": 0.5063636363636365, "balanced_accuracy": 0.5136759581881533, "f1_score": 0.5845666834230612, "auroc": 0.5226045296167247}, "10": {"accuracy": 0.5205607476635514, "balanced_accuracy": 0.5369801084990959, "f1_score": 0.6043007832488175, "auroc": 0.5384267631103075}, "20": {"accuracy": 0.5470588235294118, "balanced_accuracy": 0.5402027027027027, "f1_score": 0.6385315903322256, "auroc": 0.5367760617760617}}}