{"subject_id": "S06", "k_shots": {"5": {"accuracy": 0.5620370370370371, "balanced_accuracy": 0.5622499999999999, "f1_score": 0.696363976134071, "auroc": 0.55975}, "10": {"accuracy": 0.5324074074074074, "balanced_accuracy": 0.56925, "f1_score": 0.6723362233598733, "auroc": 0.5207499999999999}, "20": {"accuracy": 0.5629629629629631, "balanced_accuracy": 0.603, "f1_score": 0.6996205896904195, "auroc": 0.58875}}}