{"subject_id": "S11", "k_shots": {"5": {"accuracy": 0.597, "balanced_accuracy": 0.597, "f1_score": 0.5298299620557366, "auroc": 0.6465799999999999}, "10": {"accuracy": 0.5927152317880795, "balanced_accuracy": 0.602186274509804, "f1_score": 0.6487263762266771, "auroc": 0.6444509803921569}, "20": {"accuracy": 0.5980132450331126, "balanced_accuracy": 0.6033039215686274, "f1_score": 0.657513919132168, "auroc": 0.6504901960784315}}}