{"subject_id": "S24", "k_shots": {"5": {"accuracy": 0.5835714285714285, "balanced_accuracy": 0.57125, "f1_score": 0.65719737016986, "auroc": 0.6205250000000001}, "10": {"accuracy": 0.5628571428571428, "balanced_accuracy": 0.583, "f1_score": 0.6346426207204077, "auroc": 0.631325}, "20": {"accuracy": 0.5892857142857142, "balanced_accuracy": 0.5925, "f1_score": 0.668113396922472, "auroc": 0.6350250000000001}}}