{"subject_id": "S21", "k_shots": {"5": {"accuracy": 0.6724137931034483, "balanced_accuracy": 0.8240740740740741, "f1_score": 0.7838273278794008, "auroc": 0.788888888888889}, "10": {"accuracy": 0.6777777777777778, "balanced_accuracy": 0.826, "f1_score": 0.780355345258813, "auroc": 0.792}, "20": {"accuracy": 0.7090909090909091, "balanced_accuracy": 0.8400000000000001, "f1_score": 0.8068142244612833, "auroc": 0.7875}}}