{"subject_id": "S16", "k_shots": {"5": {"accuracy": 0.5503401360544218, "balanced_accuracy": 0.5409468085106383, "f1_score": 0.6276658235069501, "auroc": 0.5606382978723404}, "10": {"accuracy": 0.5462585034013607, "balanced_accuracy": 0.534, "f1_score": 0.6271632896941325, "auroc": 0.560595744680851}, "20": {"accuracy": 0.5552447552447551, "balanced_accuracy": 0.5444038120567376, "f1_score": 0.6329035814443608, "auroc": 0.5565824468085105}}}