{"subject_id": "S20", "k_shots": {"5": {"accuracy": 0.5825581395348837, "balanced_accuracy": 0.569120879120879, "f1_score": 0.6799445749834391, "auroc": 0.5821978021978022}, "10": {"accuracy": 0.5797619047619047, "balanced_accuracy": 0.5642857142857143, "f1_score": 0.6747722174739981, "auroc": 0.5681027966742254}, "20": {"accuracy": 0.5772151898734177, "balanced_accuracy": 0.566256157635468, "f1_score": 0.6690613541481059, "auroc": 0.5952380952380952}}}