{"subject_id": "S22", "k_shots": {"5": {"accuracy": 0.516, "balanced_accuracy": 0.5095238095238095, "f1_score": 0.6201888791782774, "auroc": 0.555952380952381}, "10": {"accuracy": 0.6130434782608696, "balanced_accuracy": 0.5190789473684211, "f1_score": 0.7340772668476653, "auroc": 0.5526315789473685}, "20": {"accuracy": 0.611111111111111, "balanced_accuracy": 0.5803571428571428, "f1_score": 0.7085311112897319, "auroc": 0.6428571428571428}}}