{"subject_id": "S14", "k_shots": {"5": {"accuracy": 0.5355000000000001, "balanced_accuracy": 0.5355000000000001, "f1_score": 0.544852477164211, "auroc": 0.55707}, "10": {"accuracy": 0.546, "balanced_accuracy": 0.546, "f1_score": 0.5778793696252988, "auroc": 0.5616099999999999}, "20": {"accuracy": 0.5594999999999999, "balanced_accuracy": 0.5594999999999999, "f1_score": 0.5661163334354676, "auroc": 0.5716600000000001}}}