method1,method2,metric,k,n,mean1,mean2,mean_diff,statistic,p_value,significant,effect_r,effect_interp
Full-MAML,Full-MAML-Uniform,balanced_accuracy,5,16,0.5735341295886828,0.5615049292843881,0.012029200304294746,45.0,0.252227783203125,False,0.2862387593919965,small
Full-MAML,Full-MAML-Uniform,balanced_accuracy,10,16,0.577968642465158,0.5622141961964418,0.01575444626871629,46.0,0.274444580078125,False,0.2732210876926527,small
Full-MAML,Full-MAML-Uniform,balanced_accuracy,20,16,0.5809998307801654,0.5596837632062479,0.02131606757391756,43.0,0.21142578125,False,0.3124136276382867,medium
MAML-ANIL,MAML-ANIL-Uniform,balanced_accuracy,5,16,0.566798686733016,0.5639140471118158,0.002884639621200273,64.0,0.860260009765625,False,0.04401079806969293,negligible
MAML-ANIL,MAML-ANIL-Uniform,balanced_accuracy,10,16,0.5637359781618099,0.5689170598740811,-0.005181081712271204,65.0,0.899932861328125,False,-0.03143654003685107,negligible
MAML-ANIL,MAML-ANIL-Uniform,balanced_accuracy,20,16,0.5686177854288395,0.5748076592066249,-0.006189873777785484,56.0,0.5618896484375,False,-0.14500925678862678,small
