{"subject_id": "S14", "k_shots": {"5": {"accuracy": 0.425, "balanced_accuracy": 0.42500000000000004, "f1_score": 0.25806451612903225, "tn": 26, "fp": 14, "fn": 32, "tp": 8, "n_samples": 80, "n_class_0": 40, "n_class_1": 40, "auroc": 0.37750000000000006}, "10": {"accuracy": 0.5625, "balanced_accuracy": 0.5625, "f1_score": 0.4444444444444444, "tn": 31, "fp": 9, "fn": 26, "tp": 14, "n_samples": 80, "n_class_0": 40, "n_class_1": 40, "auroc": 0.660625}, "20": {"accuracy": 0.5, "balanced_accuracy": 0.5, "f1_score": 0.5348837209302325, "tn": 17, "fp": 23, "fn": 17, "tp": 23, "n_samples": 80, "n_class_0": 40, "n_class_1": 40, "auroc": 0.48375}}}