{"subject_id": "S26", "k_shots": {"5": {"accuracy": 0.475, "balanced_accuracy": 0.475, "f1_score": 0.3, "tn": 29, "fp": 11, "fn": 31, "tp": 9, "n_samples": 80, "n_class_0": 40, "n_class_1": 40, "auroc": 0.4225}, "10": {"accuracy": 0.4625, "balanced_accuracy": 0.4625, "f1_score": 0.5376344086021505, "tn": 12, "fp": 28, "fn": 15, "tp": 25, "n_samples": 80, "n_class_0": 40, "n_class_1": 40, "auroc": 0.375}, "20": {"accuracy": 0.475, "balanced_accuracy": 0.475, "f1_score": 0.5333333333333333, "tn": 14, "fp": 26, "fn": 16, "tp": 24, "n_samples": 80, "n_class_0": 40, "n_class_1": 40, "auroc": 0.551875}}}