{"subject_id": "S11", "k_shots": {"5": {"accuracy": 0.5125, "balanced_accuracy": 0.5125, "f1_score": 0.5301204819277109, "tn": 19, "fp": 21, "fn": 18, "tp": 22, "n_samples": 80, "n_class_0": 40, "n_class_1": 40, "auroc": 0.526875}, "10": {"accuracy": 0.5625, "balanced_accuracy": 0.5625, "f1_score": 0.5977011494252874, "tn": 19, "fp": 21, "fn": 14, "tp": 26, "n_samples": 80, "n_class_0": 40, "n_class_1": 40, "auroc": 0.5656249999999999}, "20": {"accuracy": 0.575, "balanced_accuracy": 0.575, "f1_score": 0.5277777777777778, "tn": 27, "fp": 13, "fn": 21, "tp": 19, "n_samples": 80, "n_class_0": 40, "n_class_1": 40, "auroc": 0.575}}}