{"subject_id": "S22", "k_shots": {"5": {"accuracy": 0.4318181818181818, "balanced_accuracy": 0.5923076923076923, "f1_score": 0.5454545454545454, "tn": 4, "fp": 1, "fn": 24, "tp": 15, "n_samples": 44, "n_class_0": 5, "n_class_1": 39, "auroc": 0.6205128205128205}, "10": {"accuracy": 0.631578947368421, "balanced_accuracy": 0.5694444444444444, "f1_score": 0.7666666666666667, "tn": 1, "fp": 1, "fn": 13, "tp": 23, "n_samples": 38, "n_class_0": 2, "n_class_1": 36, "auroc": 0.6666666666666667}, "20": {"accuracy": 0.71875, "balanced_accuracy": 0.8548387096774194, "f1_score": 0.8301886792452831, "tn": 1, "fp": 0, "fn": 9, "tp": 22, "n_samples": 32, "n_class_0": 1, "n_class_1": 31, "auroc": 0.9032258064516129}}}