{"subject_id": "S06", "k_shots": {"5": {"accuracy": 0.6111111111111112, "balanced_accuracy": 0.5982142857142857, "f1_score": 0.704225352112676, "tn": 8, "fp": 6, "fn": 15, "tp": 25, "n_samples": 54, "n_class_0": 14, "n_class_1": 40, "auroc": 0.6642857142857143}, "10": {"accuracy": 0.47058823529411764, "balanced_accuracy": 0.5636363636363637, "f1_score": 0.5423728813559322, "tn": 8, "fp": 3, "fn": 24, "tp": 16, "n_samples": 51, "n_class_0": 11, "n_class_1": 40, "auroc": 0.625}, "20": {"accuracy": 0.45652173913043476, "balanced_accuracy": 0.5458333333333333, "f1_score": 0.576271186440678, "tn": 4, "fp": 2, "fn": 23, "tp": 17, "n_samples": 46, "n_class_0": 6, "n_class_1": 40, "auroc": 0.5583333333333335}}}