{"subject_id": "S21", "k_shots": {"5": {"accuracy": 0.43902439024390244, "balanced_accuracy": 0.225, "f1_score": 0.6101694915254238, "tn": 0, "fp": 1, "fn": 22, "tp": 18, "n_samples": 41, "n_class_0": 1, "n_class_1": 40, "auroc": 0.175}, "10": {"accuracy": 0.8292682926829268, "balanced_accuracy": 0.9125, "f1_score": 0.9041095890410958, "tn": 1, "fp": 0, "fn": 7, "tp": 33, "n_samples": 41, "n_class_0": 1, "n_class_1": 40, "auroc": 0.975}, "20": {"accuracy": 0.975609756097561, "balanced_accuracy": 0.5, "f1_score": 0.9876543209876543, "tn": 0, "fp": 1, "fn": 0, "tp": 40, "n_samples": 41, "n_class_0": 1, "n_class_1": 40, "auroc": 0.8}}}