{"subject_id": "S07", "k_shots": {"5": {"accuracy": 0.6557377049180327, "balanced_accuracy": 0.5678571428571428, "f1_score": 0.7640449438202247, "tn": 6, "fp": 15, "fn": 6, "tp": 34, "n_samples": 61, "n_class_0": 21, "n_class_1": 40, "auroc": 0.6571428571428571}, "10": {"accuracy": 0.5517241379310345, "balanced_accuracy": 0.5527777777777778, "f1_score": 0.6285714285714286, "tn": 10, "fp": 8, "fn": 18, "tp": 22, "n_samples": 58, "n_class_0": 18, "n_class_1": 40, "auroc": 0.5111111111111112}, "20": {"accuracy": 0.6226415094339622, "balanced_accuracy": 0.6721153846153847, "f1_score": 0.696969696969697, "tn": 10, "fp": 3, "fn": 17, "tp": 23, "n_samples": 53, "n_class_0": 13, "n_class_1": 40, "auroc": 0.7038461538461539}}}