{"subject_id": "S24", "k_shots": {"5": {"accuracy": 0.4875, "balanced_accuracy": 0.48750000000000004, "f1_score": 0.6434782608695652, "tn": 2, "fp": 38, "fn": 3, "tp": 37, "n_samples": 80, "n_class_0": 40, "n_class_1": 40, "auroc": 0.6325000000000001}, "10": {"accuracy": 0.55, "balanced_accuracy": 0.55, "f1_score": 0.5813953488372093, "tn": 19, "fp": 21, "fn": 15, "tp": 25, "n_samples": 80, "n_class_0": 40, "n_class_1": 40, "auroc": 0.5575}, "20": {"accuracy": 0.4375, "balanced_accuracy": 0.4375, "f1_score": 0.4578313253012048, "tn": 16, "fp": 24, "fn": 21, "tp": 19, "n_samples": 80, "n_class_0": 40, "n_class_1": 40, "auroc": 0.5075000000000001}}}