{"subject_id": "S02", "k_shots": {"5": {"accuracy": 0.5, "balanced_accuracy": 0.5, "f1_score": 0.3548387096774194, "tn": 29, "fp": 11, "fn": 29, "tp": 11, "n_samples": 80, "n_class_0": 40, "n_class_1": 40, "auroc": 0.520625}, "10": {"accuracy": 0.5375, "balanced_accuracy": 0.5375, "f1_score": 0.5066666666666667, "tn": 24, "fp": 16, "fn": 21, "tp": 19, "n_samples": 80, "n_class_0": 40, "n_class_1": 40, "auroc": 0.5550000000000002}, "20": {"accuracy": 0.5625, "balanced_accuracy": 0.5625, "f1_score": 0.5679012345679012, "tn": 22, "fp": 18, "fn": 17, "tp": 23, "n_samples": 80, "n_class_0": 40, "n_class_1": 40, "auroc": 0.600625}}}