{"subject_id": "S12", "k_shots": {"5": {"accuracy": 0.5342465753424658, "balanced_accuracy": 0.5511363636363636, "f1_score": 0.5853658536585366, "tn": 15, "fp": 25, "fn": 9, "tp": 24, "n_samples": 73, "n_class_0": 40, "n_class_1": 33, "auroc": 0.5681818181818181}, "10": {"accuracy": 0.5285714285714286, "balanced_accuracy": 0.5166666666666666, "f1_score": 0.4406779661016949, "tn": 24, "fp": 16, "fn": 17, "tp": 13, "n_samples": 70, "n_class_0": 40, "n_class_1": 30, "auroc": 0.4866666666666667}, "20": {"accuracy": 0.6, "balanced_accuracy": 0.5475, "f1_score": 0.38095238095238093, "tn": 31, "fp": 9, "fn": 17, "tp": 8, "n_samples": 65, "n_class_0": 40, "n_class_1": 25, "auroc": 0.5670000000000001}}}