{"subject_id": "S18", "k_shots": {"5": {"accuracy": 0.525, "balanced_accuracy": 0.5249999999999999, "f1_score": 0.42424242424242425, "tn": 28, "fp": 12, "fn": 26, "tp": 14, "n_samples": 80, "n_class_0": 40, "n_class_1": 40, "auroc": 0.51}, "10": {"accuracy": 0.5375, "balanced_accuracy": 0.5375000000000001, "f1_score": 0.5432098765432098, "tn": 21, "fp": 19, "fn": 18, "tp": 22, "n_samples": 80, "n_class_0": 40, "n_class_1": 40, "auroc": 0.474375}, "20": {"accuracy": 0.5125, "balanced_accuracy": 0.5125, "f1_score": 0.4935064935064935, "tn": 22, "fp": 18, "fn": 21, "tp": 19, "n_samples": 80, "n_class_0": 40, "n_class_1": 40, "auroc": 0.608125}}}