{"subject_id": "S17", "k_shots": {"5": {"accuracy": 0.5, "balanced_accuracy": 0.5, "f1_score": 0.3333333333333333, "tn": 30, "fp": 10, "fn": 30, "tp": 10, "n_samples": 80, "n_class_0": 40, "n_class_1": 40, "auroc": 0.34875}, "10": {"accuracy": 0.45, "balanced_accuracy": 0.44999999999999996, "f1_score": 0.4358974358974359, "tn": 19, "fp": 21, "fn": 23, "tp": 17, "n_samples": 80, "n_class_0": 40, "n_class_1": 40, "auroc": 0.44937499999999997}, "20": {"accuracy": 0.45, "balanced_accuracy": 0.45, "f1_score": 0.45, "tn": 18, "fp": 22, "fn": 22, "tp": 18, "n_samples": 80, "n_class_0": 40, "n_class_1": 40, "auroc": 0.46249999999999997}}}