{"subject_id": "S13", "k_shots": {"5": {"accuracy": 0.475, "balanced_accuracy": 0.47500000000000003, "f1_score": 0.34375, "tn": 27, "fp": 13, "fn": 29, "tp": 11, "n_samples": 80, "n_class_0": 40, "n_class_1": 40, "auroc": 0.5325000000000001}, "10": {"accuracy": 0.5, "balanced_accuracy": 0.5, "f1_score": 0.3548387096774194, "tn": 29, "fp": 11, "fn": 29, "tp": 11, "n_samples": 80, "n_class_0": 40, "n_class_1": 40, "auroc": 0.48812500000000003}, "20": {"accuracy": 0.425, "balanced_accuracy": 0.42500000000000004, "f1_score": 0.41025641025641024, "tn": 18, "fp": 22, "fn": 24, "tp": 16, "n_samples": 80, "n_class_0": 40, "n_class_1": 40, "auroc": 0.40875000000000006}}}