{"subject_id": "S16", "k_shots": {"5": {"accuracy": 0.45, "balanced_accuracy": 0.45, "f1_score": 0.42105263157894735, "tn": 20, "fp": 20, "fn": 24, "tp": 16, "n_samples": 80, "n_class_0": 40, "n_class_1": 40, "auroc": 0.519375}, "10": {"accuracy": 0.35, "balanced_accuracy": 0.35, "f1_score": 0.44680851063829785, "tn": 7, "fp": 33, "fn": 19, "tp": 21, "n_samples": 80, "n_class_0": 40, "n_class_1": 40, "auroc": 0.40937500000000004}, "20": {"accuracy": 0.5375, "balanced_accuracy": 0.5375000000000001, "f1_score": 0.5316455696202531, "tn": 22, "fp": 18, "fn": 19, "tp": 21, "n_samples": 80, "n_class_0": 40, "n_class_1": 40, "auroc": 0.5818749999999999}}}