{"subject_id": "S20", "k_shots": {"5": {"accuracy": 0.569620253164557, "balanced_accuracy": 0.5705128205128205, "f1_score": 0.5405405405405406, "tn": 25, "fp": 14, "fn": 20, "tp": 20, "n_samples": 79, "n_class_0": 39, "n_class_1": 40, "auroc": 0.5570512820512821}, "10": {"accuracy": 0.40789473684210525, "balanced_accuracy": 0.4083333333333333, "f1_score": 0.4155844155844156, "tn": 15, "fp": 21, "fn": 24, "tp": 16, "n_samples": 76, "n_class_0": 36, "n_class_1": 40, "auroc": 0.3770833333333333}, "20": {"accuracy": 0.5070422535211268, "balanced_accuracy": 0.4862903225806452, "f1_score": 0.5977011494252874, "tn": 10, "fp": 21, "fn": 14, "tp": 26, "n_samples": 71, "n_class_0": 31, "n_class_1": 40, "auroc": 0.4774193548387097}}}