{"subject_id": "S22", "k_shots": {"5": {"accuracy": 0.5568181818181817, "balanced_accuracy": 0.5756410256410256, "f1_score": 0.6559844258614295, "auroc": 0.5902564102564101}, "10": {"accuracy": 0.605263157894737, "balanced_accuracy": 0.673611111111111, "f1_score": 0.732665769788745, "auroc": 0.6916666666666667}, "20": {"accuracy": 0.746875, "balanced_accuracy": 0.7725806451612902, "f1_score": 0.8493366677717399, "auroc": 0.8290322580645162}}}