{"subject_id": "S14", "k_shots": {"5": {"accuracy": 0.5725, "balanced_accuracy": 0.5725, "f1_score": 0.5320274637872298, "auroc": 0.6221875000000001}, "10": {"accuracy": 0.67125, "balanced_accuracy": 0.67125, "f1_score": 0.688916527559955, "auroc": 0.7391875}, "20": {"accuracy": 0.6775, "balanced_accuracy": 0.6775, "f1_score": 0.6887079242745826, "auroc": 0.73375}}}