{"subject_id": "S18", "k_shots": {"5": {"accuracy": 0.53125, "balanced_accuracy": 0.53125, "f1_score": 0.5293338789438492, "auroc": 0.5740625}, "10": {"accuracy": 0.55125, "balanced_accuracy": 0.55125, "f1_score": 0.5723095478294654, "auroc": 0.5804374999999999}, "20": {"accuracy": 0.5974999999999999, "balanced_accuracy": 0.5974999999999999, "f1_score": 0.5900718928323508, "auroc": 0.6345625}}}