{"subject_id": "S06", "k_shots": {"5": {"accuracy": 0.5703703703703704, "balanced_accuracy": 0.5382142857142858, "f1_score": 0.6574568868475035, "auroc": 0.5517857142857144}, "10": {"accuracy": 0.627450980392157, "balanced_accuracy": 0.58125, "f1_score": 0.7307743133372815, "auroc": 0.5759090909090909}, "20": {"accuracy": 0.5869565217391306, "balanced_accuracy": 0.5925, "f1_score": 0.7044881860060214, "auroc": 0.6291666666666667}}}