{"subject_id": "S26", "k_shots": {"5": {"accuracy": 0.51375, "balanced_accuracy": 0.51375, "f1_score": 0.5074071209113992, "auroc": 0.5072500000000001}, "10": {"accuracy": 0.5125000000000001, "balanced_accuracy": 0.5125, "f1_score": 0.513687753607935, "auroc": 0.5078124999999999}, "20": {"accuracy": 0.5175, "balanced_accuracy": 0.5175000000000001, "f1_score": 0.5175023251354829, "auroc": 0.5165}}}