{"subject_id": "S07", "k_shots": {"5": {"accuracy": 0.659016393442623, "balanced_accuracy": 0.6845833333333333, "f1_score": 0.682935652983389, "auroc": 0.785}, "10": {"accuracy": 0.7706896551724137, "balanced_accuracy": 0.7711111111111112, "f1_score": 0.8144636530203332, "auroc": 0.8719444444444445}, "20": {"accuracy": 0.839622641509434, "balanced_accuracy": 0.8496153846153846, "f1_score": 0.883225524547937, "auroc": 0.9044230769230769}}}