{"subject_id": "S17", "k_shots": {"5": {"accuracy": 0.6962499999999999, "balanced_accuracy": 0.6962499999999999, "f1_score": 0.6901743577365702, "auroc": 0.7505}, "10": {"accuracy": 0.735, "balanced_accuracy": 0.7350000000000001, "f1_score": 0.7380455596770832, "auroc": 0.8080000000000002}, "20": {"accuracy": 0.73125, "balanced_accuracy": 0.73125, "f1_score": 0.7332108519516688, "auroc": 0.792625}}}