{"subject_id": "S11", "k_shots": {"5": {"accuracy": 0.55125, "balanced_accuracy": 0.5512499999999999, "f1_score": 0.5594518206810128, "auroc": 0.5853125}, "10": {"accuracy": 0.615, "balanced_accuracy": 0.615, "f1_score": 0.6450993726935988, "auroc": 0.6398124999999999}, "20": {"accuracy": 0.5987500000000001, "balanced_accuracy": 0.5987500000000001, "f1_score": 0.5913138576588292, "auroc": 0.6249375}}}