{"subject_id": "S21", "k_shots": {"5": {"accuracy": 0.7365853658536585, "balanced_accuracy": 0.865, "f1_score": 0.8390903443830291, "auroc": 0.9475}, "10": {"accuracy": 0.8926829268292684, "balanced_accuracy": 0.7012499999999999, "f1_score": 0.9416321562769486, "auroc": 0.925}, "20": {"accuracy": 0.9317073170731707, "balanced_accuracy": 0.77, "f1_score": 0.9636804959378799, "auroc": 0.9625}}}