{"subject_id": "S12", "k_shots": {"5": {"accuracy": 0.5315068493150685, "balanced_accuracy": 0.5319318181818182, "f1_score": 0.4995723938283835, "auroc": 0.556969696969697}, "10": {"accuracy": 0.49000000000000005, "balanced_accuracy": 0.48958333333333337, "f1_score": 0.4420386072226569, "auroc": 0.5016666666666667}, "20": {"accuracy": 0.5323076923076924, "balanced_accuracy": 0.5225000000000001, "f1_score": 0.4395025507690205, "auroc": 0.5598}}}