{"subject_id": "S24", "k_shots": {"5": {"accuracy": 0.5750000000000001, "balanced_accuracy": 0.5750000000000001, "f1_score": 0.5545448979378964, "auroc": 0.6423125000000001}, "10": {"accuracy": 0.655, "balanced_accuracy": 0.655, "f1_score": 0.6709286817874459, "auroc": 0.725625}, "20": {"accuracy": 0.6900000000000002, "balanced_accuracy": 0.6900000000000002, "f1_score": 0.6885066406986995, "auroc": 0.7404999999999999}}}