{"subject_id": "S02", "k_shots": {"5": {"accuracy": 0.645, "balanced_accuracy": 0.6449999999999999, "f1_score": 0.5672950616855104, "auroc": 0.7226874999999999}, "10": {"accuracy": 0.7262500000000001, "balanced_accuracy": 0.72625, "f1_score": 0.7144309974335181, "auroc": 0.7948124999999999}, "20": {"accuracy": 0.755, "balanced_accuracy": 0.755, "f1_score": 0.7491686602070808, "auroc": 0.8181875}}}