{"subject_id": "S20", "k_shots": {"5": {"accuracy": 0.5531645569620254, "balanced_accuracy": 0.5522756410256411, "f1_score": 0.5746397924446744, "auroc": 0.5717307692307692}, "10": {"accuracy": 0.6368421052631579, "balanced_accuracy": 0.6362500000000001, "f1_score": 0.6462910729981746, "auroc": 0.699375}, "20": {"accuracy": 0.6253521126760564, "balanced_accuracy": 0.6246774193548387, "f1_score": 0.6477049319567477, "auroc": 0.6908870967741936}}}