{"subject_id": "S21", "zero_shot": {"accuracy": 0.5833333333333334, "balanced_accuracy": 0.7807017543859649, "f1_score": 0.7191011235955056, "tn": 3, "fp": 0, "fn": 25, "tp": 32, "n_samples": 60, "n_class_0": 3, "n_class_1": 57, "auroc": 0.8830409356725146}, "k_shots": {"5": {"accuracy": 0.7482758620689656, "balanced_accuracy": 0.8185185185185185, "f1_score": 0.8423984073535069, "auroc": 0.9074074074074074}, "10": {"accuracy": 0.7925925925925925, "balanced_accuracy": 0.796, "f1_score": 0.8726977959854926, "auroc": 0.9040000000000001}, "20": {"accuracy": 0.7772727272727271, "balanced_accuracy": 0.8100000000000002, "f1_score": 0.8600963989199284, "auroc": 0.9175000000000001}}}