{"subject_id": "S13", "zero_shot": {"accuracy": 0.5618374558303887, "balanced_accuracy": 0.5608580561382479, "f1_score": 0.6574585635359116, "tn": 40, "fp": 101, "fn": 23, "tp": 119, "n_samples": 283, "n_class_0": 141, "n_class_1": 142, "auroc": 0.624113475177305}, "k_shots": {"5": {"accuracy": 0.5984999999999999, "balanced_accuracy": 0.5984999999999999, "f1_score": 0.6307503114484434, "auroc": 0.64078}, "10": {"accuracy": 0.599, "balanced_accuracy": 0.599, "f1_score": 0.6377429118835147, "auroc": 0.63229}, "20": {"accuracy": 0.5835, "balanced_accuracy": 0.5835, "f1_score": 0.614880028803637, "auroc": 0.61885}}}