{"subject_id": "S16", "zero_shot": {"accuracy": 0.6084905660377359, "balanced_accuracy": 0.571383392066504, "f1_score": 0.7147766323024055, "tn": 25, "fp": 68, "fn": 15, "tp": 104, "n_samples": 212, "n_class_0": 93, "n_class_1": 119, "auroc": 0.5450438239812054}, "k_shots": {"5": {"accuracy": 0.47619047619047616, "balanced_accuracy": 0.5309893617021277, "f1_score": 0.4864004114704019, "auroc": 0.5621489361702128}, "10": {"accuracy": 0.48979591836734687, "balanced_accuracy": 0.5291489361702127, "f1_score": 0.5236545935370487, "auroc": 0.5543404255319149}, "20": {"accuracy": 0.4923076923076922, "balanced_accuracy": 0.5035017730496454, "f1_score": 0.5520446402525736, "auroc": 0.525709219858156}}}