{"subject_id": "S14", "zero_shot": {"accuracy": 0.606508875739645, "balanced_accuracy": 0.52306300874284, "f1_score": 0.7291242362525459, "tn": 26, "fp": 98, "fn": 35, "tp": 179, "n_samples": 338, "n_class_0": 124, "n_class_1": 214, "auroc": 0.5876168224299065}, "k_shots": {"5": {"accuracy": 0.5589999999999999, "balanced_accuracy": 0.5589999999999999, "f1_score": 0.5834726248925249, "auroc": 0.5836499999999999}, "10": {"accuracy": 0.5885, "balanced_accuracy": 0.5885, "f1_score": 0.606544081408136, "auroc": 0.61619}, "20": {"accuracy": 0.5785, "balanced_accuracy": 0.5785, "f1_score": 0.5847353424355957, "auroc": 0.6106900000000001}}}