{"subject_id": "S16", "zero_shot": {"accuracy": 0.5754716981132075, "balanced_accuracy": 0.5443209541881269, "f1_score": 0.6785714285714286, "tn": 27, "fp": 66, "fn": 24, "tp": 95, "n_samples": 212, "n_class_0": 93, "n_class_1": 119, "auroc": 0.5371826149814765}, "k_shots": {"5": {"accuracy": 0.5707482993197279, "balanced_accuracy": 0.5322659574468085, "f1_score": 0.6618509109701065, "auroc": 0.5395957446808511}, "10": {"accuracy": 0.5258503401360544, "balanced_accuracy": 0.5122340425531915, "f1_score": 0.6091492134834166, "auroc": 0.5346595744680851}, "20": {"accuracy": 0.5328671328671328, "balanced_accuracy": 0.5027593085106383, "f1_score": 0.62775044812293, "auroc": 0.5083333333333333}}}