{"subject_id": "S13", "zero_shot": {"accuracy": 0.5830388692579506, "balanced_accuracy": 0.5823594046548797, "f1_score": 0.650887573964497, "tn": 55, "fp": 86, "fn": 32, "tp": 110, "n_samples": 283, "n_class_0": 141, "n_class_1": 142, "auroc": 0.6247128159025073}, "k_shots": {"5": {"accuracy": 0.5994999999999999, "balanced_accuracy": 0.5994999999999999, "f1_score": 0.6019621250397892, "auroc": 0.63178}, "10": {"accuracy": 0.5784999999999999, "balanced_accuracy": 0.5784999999999999, "f1_score": 0.6233526164135847, "auroc": 0.61455}, "20": {"accuracy": 0.5850000000000001, "balanced_accuracy": 0.5850000000000001, "f1_score": 0.6080150400107194, "auroc": 0.6060500000000001}}}