{"subject_id": "S07", "zero_shot": {"accuracy": 0.7205882352941176, "balanced_accuracy": 0.5578909440307471, "f1_score": 0.8298507462686567, "tn": 8, "fp": 15, "fn": 42, "tp": 139, "n_samples": 204, "n_class_0": 23, "n_class_1": 181, "auroc": 0.6231083353350948}, "k_shots": {"5": {"accuracy": 0.5747747747747748, "balanced_accuracy": 0.5968434343434343, "f1_score": 0.6950202861447725, "auroc": 0.6553872053872054}, "10": {"accuracy": 0.5944954128440367, "balanced_accuracy": 0.5640463917525773, "f1_score": 0.7235786100768568, "auroc": 0.6399484536082474}, "20": {"accuracy": 0.5807692307692307, "balanced_accuracy": 0.6181159420289853, "f1_score": 0.7052322158319231, "auroc": 0.6567934782608695}}}