{"subject_id": "S18", "zero_shot": {"accuracy": 0.5502958579881657, "balanced_accuracy": 0.5396331738437001, "f1_score": 0.6310679611650486, "tn": 28, "fp": 27, "fn": 49, "tp": 65, "n_samples": 169, "n_class_0": 55, "n_class_1": 114, "auroc": 0.552153110047847}, "k_shots": {"5": {"accuracy": 0.5663636363636363, "balanced_accuracy": 0.536280487804878, "f1_score": 0.6630023154971558, "auroc": 0.5431620209059235}, "10": {"accuracy": 0.5261682242990654, "balanced_accuracy": 0.5304023508137432, "f1_score": 0.6062412792276737, "auroc": 0.542992766726944}, "20": {"accuracy": 0.5137254901960784, "balanced_accuracy": 0.5305501930501929, "f1_score": 0.5936205323690027, "auroc": 0.538368725868726}}}