{"subject_id": "S23", "zero_shot": {"accuracy": 0.6282894736842105, "balanced_accuracy": 0.5504351917195953, "f1_score": 0.7402298850574712, "tn": 30, "fp": 79, "fn": 34, "tp": 161, "n_samples": 304, "n_class_0": 109, "n_class_1": 195, "auroc": 0.5584568336861915}, "k_shots": {"5": {"accuracy": 0.5435, "balanced_accuracy": 0.5435, "f1_score": 0.5855729825226217, "auroc": 0.5660700000000001}, "10": {"accuracy": 0.5429999999999999, "balanced_accuracy": 0.5429999999999999, "f1_score": 0.5755092471392917, "auroc": 0.56231}, "20": {"accuracy": 0.5806451612903226, "balanced_accuracy": 0.5584090909090909, "f1_score": 0.660601029785583, "auroc": 0.5688909090909092}}}