{"subject_id": "S24", "zero_shot": {"accuracy": 0.6933797909407665, "balanced_accuracy": 0.5918780193236715, "f1_score": 0.794392523364486, "tn": 29, "fp": 51, "fn": 37, "tp": 170, "n_samples": 287, "n_class_0": 80, "n_class_1": 207, "auroc": 0.6105676328502415}, "k_shots": {"5": {"accuracy": 0.6050000000000001, "balanced_accuracy": 0.57575, "f1_score": 0.6941243459351447, "auroc": 0.621}, "10": {"accuracy": 0.5735714285714285, "balanced_accuracy": 0.56575, "f1_score": 0.6575340959377783, "auroc": 0.6017250000000001}, "20": {"accuracy": 0.6192857142857143, "balanced_accuracy": 0.5872499999999999, "f1_score": 0.7084096725771166, "auroc": 0.622225}}}