{"subject_id": "S20", "k_shots": {"5": {"accuracy": 0.5050000000000001, "balanced_accuracy": 0.5050000000000001, "f1_score": 0.5076034618975795, "auroc": 0.5087499999999999}, "10": {"accuracy": 0.5025000000000001, "balanced_accuracy": 0.5025000000000001, "f1_score": 0.5318156843156843, "auroc": 0.491375}, "20": {"accuracy": 0.4624999999999999, "balanced_accuracy": 0.4624999999999999, "f1_score": 0.41066724140790356, "auroc": 0.45999999999999996}}}