{"subject_id": "S06", "k_shots": {"5": {"accuracy": 0.5147058823529412, "balanced_accuracy": 0.49107142857142855, "f1_score": 0.5538419435992739, "auroc": 0.49642857142857133}, "10": {"accuracy": 0.4806451612903226, "balanced_accuracy": 0.4993181818181818, "f1_score": 0.48090698858824704, "auroc": 0.49022727272727273}, "20": {"accuracy": 0.5538461538461539, "balanced_accuracy": 0.45333333333333325, "f1_score": 0.6662906640319906, "auroc": 0.45916666666666667}}}