{"subject_id": "S18", "k_shots": {"5": {"accuracy": 0.55, "balanced_accuracy": 0.55, "f1_score": 0.5094969239913036, "auroc": 0.5934999999999999}, "10": {"accuracy": 0.5225, "balanced_accuracy": 0.5225, "f1_score": 0.5135095942457497, "auroc": 0.55725}, "20": {"accuracy": 0.53, "balanced_accuracy": 0.53, "f1_score": 0.43755599930591343, "auroc": 0.57075}}}