{"subject_id": "S16", "k_shots": {"5": {"accuracy": 0.5399999999999999, "balanced_accuracy": 0.5399999999999999, "f1_score": 0.48546741222950995, "auroc": 0.561375}, "10": {"accuracy": 0.51, "balanced_accuracy": 0.51, "f1_score": 0.3443410787661231, "auroc": 0.5189999999999999}, "20": {"accuracy": 0.5725, "balanced_accuracy": 0.5725, "f1_score": 0.6470651903528036, "auroc": 0.5805}}}