{"subject_id": "S07", "k_shots": {"5": {"accuracy": 0.5175, "balanced_accuracy": 0.5175, "f1_score": 0.5013535226520329, "auroc": 0.52675}, "10": {"accuracy": 0.55, "balanced_accuracy": 0.5397222222222221, "f1_score": 0.6156391683086234, "auroc": 0.6236111111111111}, "20": {"accuracy": 0.6, "balanced_accuracy": 0.5367307692307692, "f1_score": 0.7129911982002514, "auroc": 0.5865384615384615}}}