{"subject_id": "S02", "k_shots": {"5": {"accuracy": 0.5175000000000001, "balanced_accuracy": 0.5175000000000001, "f1_score": 0.5303931274884873, "auroc": 0.572}, "10": {"accuracy": 0.5225000000000001, "balanced_accuracy": 0.5225000000000001, "f1_score": 0.5496333978041094, "auroc": 0.5725}, "20": {"accuracy": 0.5525, "balanced_accuracy": 0.5525, "f1_score": 0.5462767432463913, "auroc": 0.5952500000000001}}}