{"subject_id": "S26", "k_shots": {"5": {"accuracy": 0.5499999999999999, "balanced_accuracy": 0.55, "f1_score": 0.5497694398906321, "auroc": 0.57875}, "10": {"accuracy": 0.55, "balanced_accuracy": 0.55, "f1_score": 0.5714509463965985, "auroc": 0.5587500000000001}, "20": {"accuracy": 0.5774999999999999, "balanced_accuracy": 0.5774999999999999, "f1_score": 0.5997764649267887, "auroc": 0.5752499999999999}}}