{"subject_id": "S24", "k_shots": {"5": {"accuracy": 0.5650000000000001, "balanced_accuracy": 0.5650000000000001, "f1_score": 0.5961508334655752, "auroc": 0.599}, "10": {"accuracy": 0.5375, "balanced_accuracy": 0.5375, "f1_score": 0.5138877020900934, "auroc": 0.578125}, "20": {"accuracy": 0.595, "balanced_accuracy": 0.595, "f1_score": 0.6196365127919019, "auroc": 0.64425}}}