{"subject_id": "S23", "k_shots": {"5": {"accuracy": 0.5599999999999999, "balanced_accuracy": 0.5599999999999999, "f1_score": 0.5593380927248852, "auroc": 0.50875}, "10": {"accuracy": 0.48999999999999994, "balanced_accuracy": 0.49000000000000005, "f1_score": 0.44500866643824655, "auroc": 0.4847499999999999}, "20": {"accuracy": 0.53, "balanced_accuracy": 0.53, "f1_score": 0.6088155533358179, "auroc": 0.5732499999999999}}}