{"subject_id": "S14", "k_shots": {"5": {"accuracy": 0.475, "balanced_accuracy": 0.475, "f1_score": 0.40923347620121814, "auroc": 0.47087500000000004}, "10": {"accuracy": 0.5199999999999999, "balanced_accuracy": 0.5199999999999999, "f1_score": 0.5224139534356252, "auroc": 0.52275}, "20": {"accuracy": 0.5125, "balanced_accuracy": 0.5125, "f1_score": 0.5816291560102302, "auroc": 0.54775}}}