{"subject_id": "S21", "k_shots": {"5": {"accuracy": 0.4523809523809524, "balanced_accuracy": 0.7125, "f1_score": 0.5665949283422804, "auroc": 0.6549999999999999}, "10": {"accuracy": 0.7095238095238094, "balanced_accuracy": 0.6575, "f1_score": 0.8057930672743879, "auroc": 0.6749999999999999}, "20": {"accuracy": 0.8047619047619048, "balanced_accuracy": 0.7074999999999999, "f1_score": 0.8801093009981333, "auroc": 0.78}}}