{"subject_id": "S11", "k_shots": {"5": {"accuracy": 0.5424999999999999, "balanced_accuracy": 0.5424999999999999, "f1_score": 0.5862581496394325, "auroc": 0.5883750000000001}, "10": {"accuracy": 0.53, "balanced_accuracy": 0.53, "f1_score": 0.5365759758280573, "auroc": 0.55675}, "20": {"accuracy": 0.5675000000000001, "balanced_accuracy": 0.5675000000000001, "f1_score": 0.5513213072939769, "auroc": 0.6129999999999999}}}