{"subject_id": "S13", "k_shots": {"5": {"accuracy": 0.5325, "balanced_accuracy": 0.5325, "f1_score": 0.5285228954052483, "auroc": 0.584375}, "10": {"accuracy": 0.5299999999999999, "balanced_accuracy": 0.5299999999999999, "f1_score": 0.5253287895847109, "auroc": 0.5285}, "20": {"accuracy": 0.55, "balanced_accuracy": 0.55, "f1_score": 0.6325169541152794, "auroc": 0.5682499999999999}}}