{"subject_id": "S17", "k_shots": {"5": {"accuracy": 0.5925, "balanced_accuracy": 0.5925, "f1_score": 0.6189117188714295, "auroc": 0.6325000000000001}, "10": {"accuracy": 0.5700000000000001, "balanced_accuracy": 0.5700000000000001, "f1_score": 0.5168444840594586, "auroc": 0.578}, "20": {"accuracy": 0.67, "balanced_accuracy": 0.6699999999999999, "f1_score": 0.6762548987349628, "auroc": 0.6990000000000001}}}