{"subject_id": "S22", "k_shots": {"5": {"accuracy": 0.516, "balanced_accuracy": 0.4574999999999999, "f1_score": 0.6028641927424186, "auroc": 0.406}, "10": {"accuracy": 0.5545454545454545, "balanced_accuracy": 0.4625, "f1_score": 0.6549501620554252, "auroc": 0.46749999999999997}, "20": {"accuracy": 0.7, "balanced_accuracy": 0.6525000000000001, "f1_score": 0.7957478511826338, "auroc": 0.7}}}