{"subject_id": "S11", "k_shots": {"5": {"accuracy": 0.5573770491803278, "balanced_accuracy": 0.5529268292682927, "f1_score": 0.6321525885558583, "tn": 54, "fp": 46, "fn": 89, "tp": 116, "n_samples": 305, "n_class_0": 100, "n_class_1": 205, "auroc": 0.5616585365853659}, "10": {"accuracy": 0.5752508361204013, "balanced_accuracy": 0.4954067571705624, "f1_score": 0.6968973747016707, "tn": 26, "fp": 71, "fn": 56, "tp": 146, "n_samples": 299, "n_class_0": 97, "n_class_1": 202, "auroc": 0.5349086455037257}, "20": {"accuracy": 0.4671280276816609, "balanced_accuracy": 0.47009490178768487, "f1_score": 0.5416666666666666, "tn": 44, "fp": 48, "fn": 106, "tp": 91, "n_samples": 289, "n_class_0": 92, "n_class_1": 197, "auroc": 0.47522621937762083}}}