{"subject_id": "S12", "k_shots": {"5": {"accuracy": 0.40860215053763443, "balanced_accuracy": 0.48030303030303034, "f1_score": 0.46601941747572817, "tn": 14, "fp": 46, "fn": 9, "tp": 24, "n_samples": 93, "n_class_0": 60, "n_class_1": 33, "auroc": 0.4702020202020202}, "10": {"accuracy": 0.42528735632183906, "balanced_accuracy": 0.4903508771929824, "f1_score": 0.45652173913043476, "tn": 16, "fp": 41, "fn": 9, "tp": 21, "n_samples": 87, "n_class_0": 57, "n_class_1": 30, "auroc": 0.4947368421052632}, "20": {"accuracy": 0.37662337662337664, "balanced_accuracy": 0.4034615384615384, "f1_score": 0.3333333333333333, "tn": 17, "fp": 35, "fn": 13, "tp": 12, "n_samples": 77, "n_class_0": 52, "n_class_1": 25, "auroc": 0.3984615384615384}}}