{"subject_id": "S02", "k_shots": {"5": {"accuracy": 0.521505376344086, "balanced_accuracy": 0.47916666666666663, "f1_score": 0.6307053941908713, "tn": 21, "fp": 51, "fn": 38, "tp": 76, "n_samples": 186, "n_class_0": 72, "n_class_1": 114, "auroc": 0.5363060428849903}, "10": {"accuracy": 0.4666666666666667, "balanced_accuracy": 0.518213866039953, "f1_score": 0.4074074074074074, "tn": 51, "fp": 18, "fn": 78, "tp": 33, "n_samples": 180, "n_class_0": 69, "n_class_1": 111, "auroc": 0.4990207598903251}, "20": {"accuracy": 0.5588235294117647, "balanced_accuracy": 0.5719339622641509, "f1_score": 0.5945945945945946, "tn": 40, "fp": 24, "fn": 51, "tp": 55, "n_samples": 170, "n_class_0": 64, "n_class_1": 106, "auroc": 0.5496757075471699}}}