{"subject_id": "S17", "k_shots": {"5": {"accuracy": 0.5228070175438596, "balanced_accuracy": 0.5319491432936811, "f1_score": 0.5802469135802469, "tn": 55, "fp": 43, "fn": 93, "tp": 94, "n_samples": 285, "n_class_0": 98, "n_class_1": 187, "auroc": 0.5413619993451926}, "10": {"accuracy": 0.4444444444444444, "balanced_accuracy": 0.5126144164759725, "f1_score": 0.41509433962264153, "tn": 69, "fp": 26, "fn": 129, "tp": 55, "n_samples": 279, "n_class_0": 95, "n_class_1": 184, "auroc": 0.4902173913043478}, "20": {"accuracy": 0.5241635687732342, "balanced_accuracy": 0.5430167597765363, "f1_score": 0.5761589403973509, "tn": 54, "fp": 36, "fn": 92, "tp": 87, "n_samples": 269, "n_class_0": 90, "n_class_1": 179, "auroc": 0.5972067039106146}}}