{"subject_id": "S18", "k_shots": {"5": {"accuracy": 0.49696969696969695, "balanced_accuracy": 0.5201314016172507, "f1_score": 0.5513513513513514, "tn": 31, "fp": 22, "fn": 61, "tp": 51, "n_samples": 165, "n_class_0": 53, "n_class_1": 112, "auroc": 0.5402628032345013}, "10": {"accuracy": 0.559748427672956, "balanced_accuracy": 0.5760550458715596, "f1_score": 0.6236559139784946, "tn": 31, "fp": 19, "fn": 51, "tp": 58, "n_samples": 159, "n_class_0": 50, "n_class_1": 109, "auroc": 0.5895412844036698}, "20": {"accuracy": 0.5369127516778524, "balanced_accuracy": 0.5674145299145299, "f1_score": 0.5964912280701754, "tn": 29, "fp": 16, "fn": 53, "tp": 51, "n_samples": 149, "n_class_0": 45, "n_class_1": 104, "auroc": 0.6455128205128206}}}