{"subject_id": "S24", "k_shots": {"5": {"accuracy": 0.6236933797909407, "balanced_accuracy": 0.5397342995169082, "f1_score": 0.7365853658536585, "tn": 28, "fp": 52, "fn": 56, "tp": 151, "n_samples": 287, "n_class_0": 80, "n_class_1": 207, "auroc": 0.6005434782608695}, "10": {"accuracy": 0.6236933797909407, "balanced_accuracy": 0.5397342995169082, "f1_score": 0.7365853658536585, "tn": 28, "fp": 52, "fn": 56, "tp": 151, "n_samples": 287, "n_class_0": 80, "n_class_1": 207, "auroc": 0.6005434782608695}, "20": {"accuracy": 0.6236933797909407, "balanced_accuracy": 0.5397342995169082, "f1_score": 0.7365853658536585, "tn": 28, "fp": 52, "fn": 56, "tp": 151, "n_samples": 287, "n_class_0": 80, "n_class_1": 207, "auroc": 0.6005434782608695}}}