{"subject_id": "S07", "k_shots": {"5": {"accuracy": 0.75, "balanced_accuracy": 0.5934422291616622, "f1_score": 0.8495575221238938, "tn": 9, "fp": 14, "fn": 37, "tp": 144, "n_samples": 204, "n_class_0": 23, "n_class_1": 181, "auroc": 0.638001441268316}, "10": {"accuracy": 0.75, "balanced_accuracy": 0.5934422291616622, "f1_score": 0.8495575221238938, "tn": 9, "fp": 14, "fn": 37, "tp": 144, "n_samples": 204, "n_class_0": 23, "n_class_1": 181, "auroc": 0.638001441268316}, "20": {"accuracy": 0.75, "balanced_accuracy": 0.5934422291616622, "f1_score": 0.8495575221238938, "tn": 9, "fp": 14, "fn": 37, "tp": 144, "n_samples": 204, "n_class_0": 23, "n_class_1": 181, "auroc": 0.638001441268316}}}