{"subject_id": "S02", "k_shots": {"5": {"accuracy": 0.5894736842105263, "balanced_accuracy": 0.5194547996272134, "f1_score": 0.7132352941176471, "tn": 15, "fp": 59, "fn": 19, "tp": 97, "n_samples": 190, "n_class_0": 74, "n_class_1": 116, "auroc": 0.5309878844361603}, "10": {"accuracy": 0.5894736842105263, "balanced_accuracy": 0.5194547996272134, "f1_score": 0.7132352941176471, "tn": 15, "fp": 59, "fn": 19, "tp": 97, "n_samples": 190, "n_class_0": 74, "n_class_1": 116, "auroc": 0.5309878844361603}, "20": {"accuracy": 0.5894736842105263, "balanced_accuracy": 0.5194547996272134, "f1_score": 0.7132352941176471, "tn": 15, "fp": 59, "fn": 19, "tp": 97, "n_samples": 190, "n_class_0": 74, "n_class_1": 116, "auroc": 0.5309878844361603}}}