{"subject_id": "S13", "k_shots": {"5": {"accuracy": 0.5618374558303887, "balanced_accuracy": 0.5611327539706323, "f1_score": 0.6352941176470588, "tn": 51, "fp": 90, "fn": 34, "tp": 108, "n_samples": 283, "n_class_0": 141, "n_class_1": 142, "auroc": 0.6100289681350514}, "10": {"accuracy": 0.5618374558303887, "balanced_accuracy": 0.5611327539706323, "f1_score": 0.6352941176470588, "tn": 51, "fp": 90, "fn": 34, "tp": 108, "n_samples": 283, "n_class_0": 141, "n_class_1": 142, "auroc": 0.6100289681350514}, "20": {"accuracy": 0.5618374558303887, "balanced_accuracy": 0.5611327539706323, "f1_score": 0.6352941176470588, "tn": 51, "fp": 90, "fn": 34, "tp": 108, "n_samples": 283, "n_class_0": 141, "n_class_1": 142, "auroc": 0.6100289681350514}}}