{"subject_id": "S14", "k_shots": {"5": {"accuracy": 0.5, "balanced_accuracy": 0.5365372718836994, "f1_score": 0.5044510385756676, "tn": 82, "fp": 40, "fn": 127, "tp": 85, "n_samples": 334, "n_class_0": 122, "n_class_1": 212, "auroc": 0.5533946798639034}, "10": {"accuracy": 0.4725609756097561, "balanced_accuracy": 0.48299223995818424, "f1_score": 0.5181058495821727, "tn": 62, "fp": 57, "fn": 116, "tp": 93, "n_samples": 328, "n_class_0": 119, "n_class_1": 209, "auroc": 0.4672912227091794}, "20": {"accuracy": 0.5188679245283019, "balanced_accuracy": 0.5185758513931888, "f1_score": 0.5808219178082191, "tn": 59, "fp": 55, "fn": 98, "tp": 106, "n_samples": 318, "n_class_0": 114, "n_class_1": 204, "auroc": 0.5511265909872721}}}