{"subject_id": "S24", "k_shots": {"5": {"accuracy": 0.4028268551236749, "balanced_accuracy": 0.5480925578486554, "f1_score": 0.3524904214559387, "tn": 68, "fp": 10, "fn": 159, "tp": 46, "n_samples": 283, "n_class_0": 78, "n_class_1": 205, "auroc": 0.541400875547217}, "10": {"accuracy": 0.44404332129963897, "balanced_accuracy": 0.5182178217821782, "f1_score": 0.48322147651006714, "tn": 51, "fp": 24, "fn": 130, "tp": 72, "n_samples": 277, "n_class_0": 75, "n_class_1": 202, "auroc": 0.5226402640264026}, "20": {"accuracy": 0.6104868913857678, "balanced_accuracy": 0.551849166062364, "f1_score": 0.7189189189189189, "tn": 30, "fp": 40, "fn": 64, "tp": 133, "n_samples": 267, "n_class_0": 70, "n_class_1": 197, "auroc": 0.5508339376359681}}}