{"subject_id": "S06", "k_shots": {"5": {"accuracy": 0.6321428571428571, "balanced_accuracy": 0.5113636363636364, "f1_score": 0.7685393258426966, "tn": 6, "fp": 10, "fn": 93, "tp": 171, "n_samples": 280, "n_class_0": 16, "n_class_1": 264, "auroc": 0.5340909090909092}, "10": {"accuracy": 0.6321428571428571, "balanced_accuracy": 0.5113636363636364, "f1_score": 0.7685393258426966, "tn": 6, "fp": 10, "fn": 93, "tp": 171, "n_samples": 280, "n_class_0": 16, "n_class_1": 264, "auroc": 0.5340909090909092}, "20": {"accuracy": 0.6321428571428571, "balanced_accuracy": 0.5113636363636364, "f1_score": 0.7685393258426966, "tn": 6, "fp": 10, "fn": 93, "tp": 171, "n_samples": 280, "n_class_0": 16, "n_class_1": 264, "auroc": 0.5340909090909092}}}