{"subject_id": "S21", "k_shots": {"5": {"accuracy": 0.5666666666666667, "balanced_accuracy": 0.7719298245614035, "f1_score": 0.7045454545454546, "tn": 3, "fp": 0, "fn": 26, "tp": 31, "n_samples": 60, "n_class_0": 3, "n_class_1": 57, "auroc": 0.7426900584795322}, "10": {"accuracy": 0.5666666666666667, "balanced_accuracy": 0.7719298245614035, "f1_score": 0.7045454545454546, "tn": 3, "fp": 0, "fn": 26, "tp": 31, "n_samples": 60, "n_class_0": 3, "n_class_1": 57, "auroc": 0.7426900584795322}, "20": {"accuracy": 0.5666666666666667, "balanced_accuracy": 0.7719298245614035, "f1_score": 0.7045454545454546, "tn": 3, "fp": 0, "fn": 26, "tp": 31, "n_samples": 60, "n_class_0": 3, "n_class_1": 57, "auroc": 0.7426900584795322}}}