{"subject_id": "S16", "k_shots": {"5": {"accuracy": 0.5566037735849056, "balanced_accuracy": 0.5251649046715461, "f1_score": 0.6642857142857143, "tn": 25, "fp": 68, "fn": 26, "tp": 93, "n_samples": 212, "n_class_0": 93, "n_class_1": 119, "auroc": 0.5789283455317611}, "10": {"accuracy": 0.5566037735849056, "balanced_accuracy": 0.5251649046715461, "f1_score": 0.6642857142857143, "tn": 25, "fp": 68, "fn": 26, "tp": 93, "n_samples": 212, "n_class_0": 93, "n_class_1": 119, "auroc": 0.5789283455317611}, "20": {"accuracy": 0.5566037735849056, "balanced_accuracy": 0.5251649046715461, "f1_score": 0.6642857142857143, "tn": 25, "fp": 68, "fn": 26, "tp": 93, "n_samples": 212, "n_class_0": 93, "n_class_1": 119, "auroc": 0.5789283455317611}}}