{"subject_id": "S11", "k_shots": {"5": {"accuracy": 0.6343042071197411, "balanced_accuracy": 0.6226200625177607, "f1_score": 0.7064935064935065, "tn": 60, "fp": 42, "fn": 71, "tp": 136, "n_samples": 309, "n_class_0": 102, "n_class_1": 207, "auroc": 0.6793123046319979}, "10": {"accuracy": 0.6343042071197411, "balanced_accuracy": 0.6226200625177607, "f1_score": 0.7064935064935065, "tn": 60, "fp": 42, "fn": 71, "tp": 136, "n_samples": 309, "n_class_0": 102, "n_class_1": 207, "auroc": 0.6793123046319979}, "20": {"accuracy": 0.6343042071197411, "balanced_accuracy": 0.6226200625177607, "f1_score": 0.7064935064935065, "tn": 60, "fp": 42, "fn": 71, "tp": 136, "n_samples": 309, "n_class_0": 102, "n_class_1": 207, "auroc": 0.6793123046319979}}}