{"subject_id": "S12", "k_shots": {"5": {"accuracy": 0.4948453608247423, "balanced_accuracy": 0.5737327188940092, "f1_score": 0.5504587155963303, "tn": 18, "fp": 44, "fn": 5, "tp": 30, "n_samples": 97, "n_class_0": 62, "n_class_1": 35, "auroc": 0.6470046082949309}, "10": {"accuracy": 0.4948453608247423, "balanced_accuracy": 0.5737327188940092, "f1_score": 0.5504587155963303, "tn": 18, "fp": 44, "fn": 5, "tp": 30, "n_samples": 97, "n_class_0": 62, "n_class_1": 35, "auroc": 0.6470046082949309}, "20": {"accuracy": 0.4948453608247423, "balanced_accuracy": 0.5737327188940092, "f1_score": 0.5504587155963303, "tn": 18, "fp": 44, "fn": 5, "tp": 30, "n_samples": 97, "n_class_0": 62, "n_class_1": 35, "auroc": 0.6470046082949309}}}