{"subject_id": "S22", "k_shots": {"5": {"accuracy": 0.2727272727272727, "balanced_accuracy": 0.5897435897435898, "f1_score": 0.30434782608695654, "tn": 5, "fp": 0, "fn": 32, "tp": 7, "n_samples": 44, "n_class_0": 5, "n_class_1": 39, "auroc": 0.7897435897435898}, "10": {"accuracy": 0.3684210526315789, "balanced_accuracy": 0.19444444444444445, "f1_score": 0.5384615384615384, "tn": 0, "fp": 2, "fn": 22, "tp": 14, "n_samples": 38, "n_class_0": 2, "n_class_1": 36, "auroc": 0.1111111111111111}, "20": {"accuracy": 0.3870967741935484, "balanced_accuracy": 0.3870967741935484, "f1_score": 0.5581395348837209, "tn": 0, "fp": 0, "fn": 19, "tp": 12, "n_samples": 31, "n_class_0": 0, "n_class_1": 31, "auroc": NaN}}}