{"subject_id": "S26", "k_shots": {"5": {"accuracy": 0.5472972972972973, "balanced_accuracy": 0.5363299351251158, "f1_score": 0.6081871345029239, "tn": 29, "fp": 36, "fn": 31, "tp": 52, "n_samples": 148, "n_class_0": 65, "n_class_1": 83, "auroc": 0.5573679332715478}, "10": {"accuracy": 0.5472972972972973, "balanced_accuracy": 0.5363299351251158, "f1_score": 0.6081871345029239, "tn": 29, "fp": 36, "fn": 31, "tp": 52, "n_samples": 148, "n_class_0": 65, "n_class_1": 83, "auroc": 0.5573679332715478}, "20": {"accuracy": 0.5472972972972973, "balanced_accuracy": 0.5363299351251158, "f1_score": 0.6081871345029239, "tn": 29, "fp": 36, "fn": 31, "tp": 52, "n_samples": 148, "n_class_0": 65, "n_class_1": 83, "auroc": 0.5573679332715478}}}