{"subject_id": "S17", "k_shots": {"5": {"accuracy": 0.6678200692041523, "balanced_accuracy": 0.6306613756613757, "f1_score": 0.7473684210526316, "tn": 51, "fp": 49, "fn": 47, "tp": 142, "n_samples": 289, "n_class_0": 100, "n_class_1": 189, "auroc": 0.6517460317460316}, "10": {"accuracy": 0.6678200692041523, "balanced_accuracy": 0.6306613756613757, "f1_score": 0.7473684210526316, "tn": 51, "fp": 49, "fn": 47, "tp": 142, "n_samples": 289, "n_class_0": 100, "n_class_1": 189, "auroc": 0.6517460317460316}, "20": {"accuracy": 0.6678200692041523, "balanced_accuracy": 0.6306613756613757, "f1_score": 0.7473684210526316, "tn": 51, "fp": 49, "fn": 47, "tp": 142, "n_samples": 289, "n_class_0": 100, "n_class_1": 189, "auroc": 0.6517460317460316}}}