{"subject_id": "S14", "k_shots": {"5": {"accuracy": 0.5887573964497042, "balanced_accuracy": 0.5327856496834489, "f1_score": 0.6958424507658644, "tn": 40, "fp": 84, "fn": 55, "tp": 159, "n_samples": 338, "n_class_0": 124, "n_class_1": 214, "auroc": 0.5672294241784746}, "10": {"accuracy": 0.5887573964497042, "balanced_accuracy": 0.5327856496834489, "f1_score": 0.6958424507658644, "tn": 40, "fp": 84, "fn": 55, "tp": 159, "n_samples": 338, "n_class_0": 124, "n_class_1": 214, "auroc": 0.5672294241784746}, "20": {"accuracy": 0.5887573964497042, "balanced_accuracy": 0.5327856496834489, "f1_score": 0.6958424507658644, "tn": 40, "fp": 84, "fn": 55, "tp": 159, "n_samples": 338, "n_class_0": 124, "n_class_1": 214, "auroc": 0.5672294241784746}}}