{"subject_id": "S13", "k_shots": {"5": {"accuracy": 0.5125448028673835, "balanced_accuracy": 0.5135149023638232, "f1_score": 0.3333333333333333, "tn": 109, "fp": 30, "fn": 106, "tp": 34, "n_samples": 279, "n_class_0": 139, "n_class_1": 140, "auroc": 0.5328879753340184}, "10": {"accuracy": 0.5421245421245421, "balanced_accuracy": 0.5424001717475311, "f1_score": 0.5059288537549407, "tn": 84, "fp": 52, "fn": 73, "tp": 64, "n_samples": 273, "n_class_0": 136, "n_class_1": 137, "auroc": 0.5364963503649636}, "20": {"accuracy": 0.5285171102661597, "balanced_accuracy": 0.5288572750404812, "f1_score": 0.48333333333333334, "tn": 81, "fp": 50, "fn": 74, "tp": 58, "n_samples": 263, "n_class_0": 131, "n_class_1": 132, "auroc": 0.5685287994448299}}}