{"subject_id": "S22", "k_shots": {"5": {"accuracy": 0.6458333333333334, "balanced_accuracy": 0.4965156794425087, "f1_score": 0.7733333333333333, "tn": 2, "fp": 5, "fn": 12, "tp": 29, "n_samples": 48, "n_class_0": 7, "n_class_1": 41, "auroc": 0.7177700348432056}, "10": {"accuracy": 0.6458333333333334, "balanced_accuracy": 0.4965156794425087, "f1_score": 0.7733333333333333, "tn": 2, "fp": 5, "fn": 12, "tp": 29, "n_samples": 48, "n_class_0": 7, "n_class_1": 41, "auroc": 0.7177700348432056}, "20": {"accuracy": 0.6458333333333334, "balanced_accuracy": 0.4965156794425087, "f1_score": 0.7733333333333333, "tn": 2, "fp": 5, "fn": 12, "tp": 29, "n_samples": 48, "n_class_0": 7, "n_class_1": 41, "auroc": 0.7177700348432056}}}