{"subject_id": "S16", "k_shots": {"5": {"accuracy": 0.4951923076923077, "balanced_accuracy": 0.49511599511599513, "f1_score": 0.5248868778280543, "tn": 45, "fp": 46, "fn": 59, "tp": 58, "n_samples": 208, "n_class_0": 91, "n_class_1": 117, "auroc": 0.4803230957077111}, "10": {"accuracy": 0.45544554455445546, "balanced_accuracy": 0.48773923444976075, "f1_score": 0.32926829268292684, "tn": 65, "fp": 23, "fn": 87, "tp": 27, "n_samples": 202, "n_class_0": 88, "n_class_1": 114, "auroc": 0.502890749601276}, "20": {"accuracy": 0.5260416666666666, "balanced_accuracy": 0.5365867138277882, "f1_score": 0.5235602094240838, "tn": 51, "fp": 32, "fn": 59, "tp": 50, "n_samples": 192, "n_class_0": 83, "n_class_1": 109, "auroc": 0.5745551011384991}}}