{"subject_id": "S23", "k_shots": {"5": {"accuracy": 0.42333333333333334, "balanced_accuracy": 0.49975788097428697, "f1_score": 0.34220532319391633, "tn": 82, "fp": 25, "fn": 148, "tp": 45, "n_samples": 300, "n_class_0": 107, "n_class_1": 193, "auroc": 0.48084838506609845}, "10": {"accuracy": 0.4897959183673469, "balanced_accuracy": 0.49645748987854255, "f1_score": 0.5454545454545454, "tn": 54, "fp": 50, "fn": 100, "tp": 90, "n_samples": 294, "n_class_0": 104, "n_class_1": 190, "auroc": 0.5132085020242915}, "20": {"accuracy": 0.5528169014084507, "balanced_accuracy": 0.544062244062244, "f1_score": 0.6253687315634219, "tn": 51, "fp": 48, "fn": 79, "tp": 106, "n_samples": 284, "n_class_0": 99, "n_class_1": 185, "auroc": 0.5487851487851487}}}