{"subject_id": "S18", "k_shots": {"5": {"accuracy": 0.5502958579881657, "balanced_accuracy": 0.5255183413078149, "f1_score": 0.6415094339622641, "tn": 25, "fp": 30, "fn": 46, "tp": 68, "n_samples": 169, "n_class_0": 55, "n_class_1": 114, "auroc": 0.49872408293460924}, "10": {"accuracy": 0.5502958579881657, "balanced_accuracy": 0.5255183413078149, "f1_score": 0.6415094339622641, "tn": 25, "fp": 30, "fn": 46, "tp": 68, "n_samples": 169, "n_class_0": 55, "n_class_1": 114, "auroc": 0.49872408293460924}, "20": {"accuracy": 0.5502958579881657, "balanced_accuracy": 0.5255183413078149, "f1_score": 0.6415094339622641, "tn": 25, "fp": 30, "fn": 46, "tp": 68, "n_samples": 169, "n_class_0": 55, "n_class_1": 114, "auroc": 0.49872408293460924}}}