{"subject_id": "S20", "k_shots": {"5": {"accuracy": 0.6544117647058824, "balanced_accuracy": 0.655584082156611, "f1_score": 0.7251461988304093, "tn": 27, "fp": 14, "fn": 33, "tp": 62, "n_samples": 136, "n_class_0": 41, "n_class_1": 95, "auroc": 0.6777920410783056}, "10": {"accuracy": 0.6544117647058824, "balanced_accuracy": 0.655584082156611, "f1_score": 0.7251461988304093, "tn": 27, "fp": 14, "fn": 33, "tp": 62, "n_samples": 136, "n_class_0": 41, "n_class_1": 95, "auroc": 0.6777920410783056}, "20": {"accuracy": 0.6544117647058824, "balanced_accuracy": 0.655584082156611, "f1_score": 0.7251461988304093, "tn": 27, "fp": 14, "fn": 33, "tp": 62, "n_samples": 136, "n_class_0": 41, "n_class_1": 95, "auroc": 0.6777920410783056}}}