{"subject_id": "S20", "k_shots": {"5": {"accuracy": 0.4696969696969697, "balanced_accuracy": 0.511993382961125, "f1_score": 0.5205479452054794, "tn": 24, "fp": 15, "fn": 55, "tp": 38, "n_samples": 132, "n_class_0": 39, "n_class_1": 93, "auroc": 0.5285359801488834}, "10": {"accuracy": 0.47619047619047616, "balanced_accuracy": 0.5249999999999999, "f1_score": 0.5285714285714286, "tn": 23, "fp": 13, "fn": 53, "tp": 37, "n_samples": 126, "n_class_0": 36, "n_class_1": 90, "auroc": 0.5231481481481481}, "20": {"accuracy": 0.5603448275862069, "balanced_accuracy": 0.5462998102466793, "f1_score": 0.6577181208053692, "tn": 16, "fp": 15, "fn": 36, "tp": 49, "n_samples": 116, "n_class_0": 31, "n_class_1": 85, "auroc": 0.5628083491461101}}}