{"subject_id": "S21", "k_shots": {"5": {"accuracy": 0.19642857142857142, "balanced_accuracy": 0.5909090909090909, "f1_score": 0.3076923076923077, "tn": 1, "fp": 0, "fn": 45, "tp": 10, "n_samples": 56, "n_class_0": 1, "n_class_1": 55, "auroc": 0.9090909090909091}, "10": {"accuracy": 0.8461538461538461, "balanced_accuracy": 0.8461538461538461, "f1_score": 0.9166666666666666, "tn": 0, "fp": 0, "fn": 8, "tp": 44, "n_samples": 52, "n_class_0": 0, "n_class_1": 52, "auroc": NaN}, "20": {"accuracy": 0.8297872340425532, "balanced_accuracy": 0.8297872340425532, "f1_score": 0.9069767441860465, "tn": 0, "fp": 0, "fn": 8, "tp": 39, "n_samples": 47, "n_class_0": 0, "n_class_1": 47, "auroc": NaN}}}