{"subject_id": "S07", "k_shots": {"5": {"accuracy": 0.265, "balanced_accuracy": 0.5263367916999202, "f1_score": 0.3225806451612903, "tn": 18, "fp": 3, "fn": 144, "tp": 35, "n_samples": 200, "n_class_0": 21, "n_class_1": 179, "auroc": 0.49853684490556}, "10": {"accuracy": 0.4690721649484536, "balanced_accuracy": 0.5827020202020202, "f1_score": 0.6023166023166023, "tn": 13, "fp": 5, "fn": 98, "tp": 78, "n_samples": 194, "n_class_0": 18, "n_class_1": 176, "auroc": 0.6452020202020201}, "20": {"accuracy": 0.5978260869565217, "balanced_accuracy": 0.4993252361673415, "f1_score": 0.7394366197183099, "tn": 5, "fp": 8, "fn": 66, "tp": 105, "n_samples": 184, "n_class_0": 13, "n_class_1": 171, "auroc": 0.5060728744939271}}}