{"subject_id": "S26", "k_shots": {"5": {"accuracy": 0.4930555555555556, "balanced_accuracy": 0.5211640211640212, "f1_score": 0.39669421487603307, "tn": 47, "fp": 16, "fn": 57, "tp": 24, "n_samples": 144, "n_class_0": 63, "n_class_1": 81, "auroc": 0.5087203605722125}, "10": {"accuracy": 0.4782608695652174, "balanced_accuracy": 0.5038461538461538, "f1_score": 0.4, "tn": 42, "fp": 18, "fn": 54, "tp": 24, "n_samples": 138, "n_class_0": 60, "n_class_1": 78, "auroc": 0.4867521367521368}, "20": {"accuracy": 0.46875, "balanced_accuracy": 0.44009962640099626, "f1_score": 0.5802469135802469, "tn": 13, "fp": 42, "fn": 26, "tp": 47, "n_samples": 128, "n_class_0": 55, "n_class_1": 73, "auroc": 0.43088418430884184}}}