{"subject_id": "S23", "k_shots": {"5": {"accuracy": 0.5756578947368421, "balanced_accuracy": 0.5215478710891555, "f1_score": 0.683046683046683, "tn": 36, "fp": 73, "fn": 56, "tp": 139, "n_samples": 304, "n_class_0": 109, "n_class_1": 195, "auroc": 0.5692307692307692}, "10": {"accuracy": 0.5756578947368421, "balanced_accuracy": 0.5215478710891555, "f1_score": 0.683046683046683, "tn": 36, "fp": 73, "fn": 56, "tp": 139, "n_samples": 304, "n_class_0": 109, "n_class_1": 195, "auroc": 0.5692307692307692}, "20": {"accuracy": 0.5756578947368421, "balanced_accuracy": 0.5215478710891555, "f1_score": 0.683046683046683, "tn": 36, "fp": 73, "fn": 56, "tp": 139, "n_samples": 304, "n_class_0": 109, "n_class_1": 195, "auroc": 0.5692307692307692}}}