{"subject_id": "S06", "k_shots": {"5": {"accuracy": 0.2898550724637681, "balanced_accuracy": 0.49073064340239914, "f1_score": 0.4166666666666667, "tn": 10, "fp": 4, "fn": 192, "tp": 70, "n_samples": 276, "n_class_0": 14, "n_class_1": 262, "auroc": 0.43593238822246455}, "10": {"accuracy": 0.5407407407407407, "balanced_accuracy": 0.6735696735696737, "f1_score": 0.6884422110552764, "tn": 9, "fp": 2, "fn": 122, "tp": 137, "n_samples": 270, "n_class_0": 11, "n_class_1": 259, "auroc": 0.7311337311337311}, "20": {"accuracy": 0.5423076923076923, "balanced_accuracy": 0.4402887139107612, "f1_score": 0.7002518891687658, "tn": 2, "fp": 4, "fn": 115, "tp": 139, "n_samples": 260, "n_class_0": 6, "n_class_1": 254, "auroc": 0.5288713910761155}}}