{"subject_id": "S16", "k_shots": {"5": {"accuracy": 0.48500000000000004, "balanced_accuracy": 0.48500000000000004, "f1_score": 0.505386203614902, "auroc": 0.486625}, "10": {"accuracy": 0.565, "balanced_accuracy": 0.565, "f1_score": 0.5519842071632353, "auroc": 0.55525}, "20": {"accuracy": 0.5999999999999999, "balanced_accuracy": 0.5999999999999999, "f1_score": 0.6112599296872645, "auroc": 0.5984999999999999}}}