{"subject_id": "S06", "k_shots": {"5": {"accuracy": 0.4294117647058823, "balanced_accuracy": 0.4432142857142858, "f1_score": 0.38611132770435097, "auroc": 0.43392857142857144}, "10": {"accuracy": 0.5516129032258064, "balanced_accuracy": 0.5420454545454546, "f1_score": 0.616921950181768, "auroc": 0.5413636363636364}, "20": {"accuracy": 0.5230769230769231, "balanced_accuracy": 0.5033333333333333, "f1_score": 0.616662507068803, "auroc": 0.5599999999999999}}}