{"subject_id": "S17", "k_shots": {"5": {"accuracy": 0.65, "balanced_accuracy": 0.65, "f1_score": 0.6516414141414141, "auroc": 0.69475}, "10": {"accuracy": 0.6799999999999999, "balanced_accuracy": 0.6799999999999999, "f1_score": 0.6766454252684363, "auroc": 0.74125}, "20": {"accuracy": 0.675, "balanced_accuracy": 0.675, "f1_score": 0.6726307123991552, "auroc": 0.725}}}