{"subject_id": "S26", "k_shots": {"5": {"accuracy": 0.49499999999999994, "balanced_accuracy": 0.49499999999999994, "f1_score": 0.5031313982889836, "auroc": 0.50975}, "10": {"accuracy": 0.4875000000000001, "balanced_accuracy": 0.4875, "f1_score": 0.4361140355652551, "auroc": 0.51525}, "20": {"accuracy": 0.52, "balanced_accuracy": 0.5200000000000001, "f1_score": 0.5230516683844244, "auroc": 0.53775}}}