{"subject_id": "S22", "k_shots": {"5": {"accuracy": 0.544, "balanced_accuracy": 0.475, "f1_score": 0.6266150974688307, "auroc": 0.45499999999999996}, "10": {"accuracy": 0.48636363636363633, "balanced_accuracy": 0.47000000000000003, "f1_score": 0.6165285635281538, "auroc": 0.4025}, "20": {"accuracy": 0.5428571428571429, "balanced_accuracy": 0.42750000000000005, "f1_score": 0.6905027471601441, "auroc": 0.4}}}