{"subject_id": "S24", "k_shots": {"5": {"accuracy": 0.5225000000000001, "balanced_accuracy": 0.5225, "f1_score": 0.4732077361736483, "auroc": 0.548}, "10": {"accuracy": 0.62, "balanced_accuracy": 0.62, "f1_score": 0.6356107713835402, "auroc": 0.66925}, "20": {"accuracy": 0.6250000000000001, "balanced_accuracy": 0.625, "f1_score": 0.627820745303948, "auroc": 0.6599999999999999}}}