{"subject_id": "S07", "k_shots": {"5": {"accuracy": 0.5999999999999999, "balanced_accuracy": 0.5999999999999999, "f1_score": 0.5268240857960429, "auroc": 0.59975}, "10": {"accuracy": 0.55, "balanced_accuracy": 0.5505555555555556, "f1_score": 0.5572406363874257, "auroc": 0.5586111111111112}, "20": {"accuracy": 0.6060606060606061, "balanced_accuracy": 0.5928846153846155, "f1_score": 0.664211702410751, "auroc": 0.6173076923076922}}}