{"subject_id": "S20", "k_shots": {"5": {"accuracy": 0.525, "balanced_accuracy": 0.525, "f1_score": 0.5789574450485215, "auroc": 0.52925}, "10": {"accuracy": 0.5425, "balanced_accuracy": 0.5425000000000001, "f1_score": 0.5486710822975265, "auroc": 0.5662499999999999}, "20": {"accuracy": 0.53, "balanced_accuracy": 0.53, "f1_score": 0.5250897823114038, "auroc": 0.51775}}}