{"subject_id": "S21", "k_shots": {"5": {"accuracy": 0.6380952380952382, "balanced_accuracy": 0.715, "f1_score": 0.7487802329330928, "auroc": 0.7899999999999999}, "10": {"accuracy": 0.6857142857142857, "balanced_accuracy": 0.6924999999999999, "f1_score": 0.7985061073338898, "auroc": 0.7550000000000001}, "20": {"accuracy": 0.7666666666666667, "balanced_accuracy": 0.5924999999999999, "f1_score": 0.8581440509451534, "auroc": 0.825}}}