{"subject_id": "S02", "k_shots": {"5": {"accuracy": 0.5574999999999999, "balanced_accuracy": 0.5574999999999999, "f1_score": 0.5559361194091906, "auroc": 0.59425}, "10": {"accuracy": 0.5750000000000001, "balanced_accuracy": 0.5750000000000001, "f1_score": 0.5899037274884897, "auroc": 0.6217500000000001}, "20": {"accuracy": 0.5599999999999999, "balanced_accuracy": 0.5599999999999999, "f1_score": 0.5910143878676568, "auroc": 0.61725}}}