{"subject_id": "S11", "k_shots": {"5": {"accuracy": 0.4574999999999999, "balanced_accuracy": 0.4574999999999999, "f1_score": 0.45353690169479643, "auroc": 0.43937499999999996}, "10": {"accuracy": 0.57, "balanced_accuracy": 0.5700000000000001, "f1_score": 0.5709194302466287, "auroc": 0.5725}, "20": {"accuracy": 0.6275000000000001, "balanced_accuracy": 0.6275000000000001, "f1_score": 0.6217729267478498, "auroc": 0.6530000000000001}}}