{"subject_id": "S14", "k_shots": {"5": {"accuracy": 0.5375, "balanced_accuracy": 0.5375, "f1_score": 0.4791819836815093, "auroc": 0.54675}, "10": {"accuracy": 0.4625, "balanced_accuracy": 0.4625, "f1_score": 0.4931208682062719, "auroc": 0.4715}, "20": {"accuracy": 0.52, "balanced_accuracy": 0.52, "f1_score": 0.533133034811498, "auroc": 0.52725}}}