{"subject_id": "S16", "k_shots": {"5": {"accuracy": 0.5204081632653061, "balanced_accuracy": 0.5516489361702128, "f1_score": 0.5672849033900003, "auroc": 0.5797872340425532}, "10": {"accuracy": 0.5619047619047619, "balanced_accuracy": 0.5500106382978723, "f1_score": 0.6427756659376921, "auroc": 0.5738297872340425}, "20": {"accuracy": 0.5853146853146853, "balanced_accuracy": 0.5733156028368794, "f1_score": 0.6616959427138318, "auroc": 0.6118351063829788}}}