{"subject_id": "S22", "k_shots": {"5": {"accuracy": 0.5760000000000001, "balanced_accuracy": 0.5553571428571429, "f1_score": 0.6944449453195582, "auroc": 0.5904761904761904}, "10": {"accuracy": 0.6478260869565217, "balanced_accuracy": 0.5796052631578947, "f1_score": 0.7572634312767141, "auroc": 0.6092105263157895}, "20": {"accuracy": 0.638888888888889, "balanced_accuracy": 0.5624999999999999, "f1_score": 0.750121286121286, "auroc": 0.6053571428571428}}}