{"subject_id": "S24", "k_shots": {"5": {"accuracy": 0.5171428571428571, "balanced_accuracy": 0.587, "f1_score": 0.5519093727617662, "auroc": 0.602875}, "10": {"accuracy": 0.5842857142857143, "balanced_accuracy": 0.5725, "f1_score": 0.6697794609289367, "auroc": 0.5949500000000001}, "20": {"accuracy": 0.605, "balanced_accuracy": 0.6034999999999999, "f1_score": 0.6843329066872358, "auroc": 0.6289750000000001}}}