{"subject_id": "S13", "k_shots": {"5": {"accuracy": 0.6300000000000001, "balanced_accuracy": 0.6300000000000001, "f1_score": 0.6464298821739642, "auroc": 0.69184}, "10": {"accuracy": 0.649, "balanced_accuracy": 0.649, "f1_score": 0.6725097496839151, "auroc": 0.6961299999999999}, "20": {"accuracy": 0.6405000000000001, "balanced_accuracy": 0.6405000000000001, "f1_score": 0.6514368200109784, "auroc": 0.7025300000000001}}}