{"subject_id": "S06", "k_shots": {"5": {"accuracy": 0.47222222222222215, "balanced_accuracy": 0.5195, "f1_score": 0.6161562059504051, "auroc": 0.521}, "10": {"accuracy": 0.5444444444444445, "balanced_accuracy": 0.5987500000000001, "f1_score": 0.681116444325415, "auroc": 0.6155000000000002}, "20": {"accuracy": 0.6120370370370372, "balanced_accuracy": 0.572, "f1_score": 0.7455313069408569, "auroc": 0.5647500000000001}}}