{"subject_id": "S26", "k_shots": {"5": {"accuracy": 0.46826923076923077, "balanced_accuracy": 0.5343363209560393, "f1_score": 0.4724415524917568, "auroc": 0.5546308151941954}, "10": {"accuracy": 0.484313725490196, "balanced_accuracy": 0.5295125164690383, "f1_score": 0.5082092414128626, "auroc": 0.5719367588932806}, "20": {"accuracy": 0.5268041237113403, "balanced_accuracy": 0.543063446969697, "f1_score": 0.5755370706940486, "auroc": 0.5662878787878788}}}