{"subject_id": "S20", "k_shots": {"5": {"accuracy": 0.4534883720930233, "balanced_accuracy": 0.5675457875457874, "f1_score": 0.4857118965599379, "auroc": 0.6057142857142856}, "10": {"accuracy": 0.5083333333333333, "balanced_accuracy": 0.5484126984126985, "f1_score": 0.5864938407773244, "auroc": 0.6067271352985639}, "20": {"accuracy": 0.5582278481012659, "balanced_accuracy": 0.5837027914614121, "f1_score": 0.6355774355877877, "auroc": 0.6073070607553367}}}