{"subject_id": "S07", "k_shots": {"5": {"accuracy": 0.5693693693693693, "balanced_accuracy": 0.6231060606060606, "f1_score": 0.6902943400107431, "auroc": 0.7063973063973064}, "10": {"accuracy": 0.6660550458715597, "balanced_accuracy": 0.6334621993127147, "f1_score": 0.780148948943682, "auroc": 0.6950171821305843}, "20": {"accuracy": 0.6894230769230768, "balanced_accuracy": 0.6215579710144928, "f1_score": 0.8003083148295606, "auroc": 0.6791666666666667}}}