{"subject_id": "S12", "k_shots": {"5": {"accuracy": 0.4765625, "balanced_accuracy": 0.5919082125603865, "f1_score": 0.4799325207171675, "auroc": 0.6617149758454105}, "10": {"accuracy": 0.5475409836065575, "balanced_accuracy": 0.6177002583979329, "f1_score": 0.5056235145803929, "auroc": 0.6538759689922481}, "20": {"accuracy": 0.5625, "balanced_accuracy": 0.6118421052631579, "f1_score": 0.523533396827676, "auroc": 0.6434210526315789}}}