{"subject_id": "S14", "k_shots": {"5": {"accuracy": 0.548, "balanced_accuracy": 0.548, "f1_score": 0.5874369183683651, "auroc": 0.5708499999999999}, "10": {"accuracy": 0.53, "balanced_accuracy": 0.53, "f1_score": 0.5579900136873317, "auroc": 0.56801}, "20": {"accuracy": 0.5359999999999999, "balanced_accuracy": 0.5359999999999999, "f1_score": 0.555737803009981, "auroc": 0.57413}}}