{"subject_id": "S23", "k_shots": {"5": {"accuracy": 0.558, "balanced_accuracy": 0.558, "f1_score": 0.6085782614040054, "auroc": 0.5880500000000001}, "10": {"accuracy": 0.545, "balanced_accuracy": 0.545, "f1_score": 0.5536396057931902, "auroc": 0.5732299999999999}, "20": {"accuracy": 0.5535483870967741, "balanced_accuracy": 0.5648181818181819, "f1_score": 0.6012814823690191, "auroc": 0.5892909090909091}}}