{"subject_id": "S18", "k_shots": {"5": {"accuracy": 0.4663636363636364, "balanced_accuracy": 0.5374128919860627, "f1_score": 0.519496400739256, "auroc": 0.542595818815331}, "10": {"accuracy": 0.5205607476635514, "balanced_accuracy": 0.5415913200723328, "f1_score": 0.6029171005603635, "auroc": 0.5492314647377938}, "20": {"accuracy": 0.5392156862745099, "balanced_accuracy": 0.5536679536679536, "f1_score": 0.6198952508073754, "auroc": 0.5769787644787645}}}