{"subject_id": "S21", "k_shots": {"5": {"accuracy": 0.7241379310344828, "balanced_accuracy": 0.7824074074074073, "f1_score": 0.8247228997869313, "auroc": 0.8962962962962961}, "10": {"accuracy": 0.7518518518518518, "balanced_accuracy": 0.8200000000000001, "f1_score": 0.8399551747576064, "auroc": 0.8920000000000001}, "20": {"accuracy": 0.8045454545454545, "balanced_accuracy": 0.8474999999999999, "f1_score": 0.8791477389000608, "auroc": 0.9175000000000001}}}