{"subject_id": "S17", "k_shots": {"5": {"accuracy": 0.6053333333333333, "balanced_accuracy": 0.6600000000000001, "f1_score": 0.6222987950174567, "auroc": 0.73878}, "10": {"accuracy": 0.6533333333333334, "balanced_accuracy": 0.6639999999999999, "f1_score": 0.7067327661482624, "auroc": 0.7235400000000001}, "20": {"accuracy": 0.6553333333333333, "balanced_accuracy": 0.6625, "f1_score": 0.7100583601756087, "auroc": 0.7308}}}