{"subject_id": "S11", "k_shots": {"5": {"accuracy": 0.6475, "balanced_accuracy": 0.6475, "f1_score": 0.646766855629401, "auroc": 0.71396}, "10": {"accuracy": 0.6238410596026489, "balanced_accuracy": 0.6511470588235294, "f1_score": 0.6644325879455406, "auroc": 0.7228627450980393}, "20": {"accuracy": 0.6437086092715233, "balanced_accuracy": 0.6608627450980392, "f1_score": 0.6910949973532629, "auroc": 0.7176274509803922}}}