{"subject_id": "S02", "k_shots": {"5": {"accuracy": 0.5038759689922481, "balanced_accuracy": 0.5754259694477086, "f1_score": 0.5384068955444691, "auroc": 0.5948589894242067}, "10": {"accuracy": 0.5496062992125983, "balanced_accuracy": 0.5787687687687688, "f1_score": 0.6136680498965177, "auroc": 0.6115615615615615}, "20": {"accuracy": 0.5590163934426229, "balanced_accuracy": 0.5759300476947536, "f1_score": 0.6262142750200665, "auroc": 0.6084260731319555}}}