{"subject_id": "S22", "k_shots": {"5": {"accuracy": 0.4090909090909091, "balanced_accuracy": 0.49230769230769234, "f1_score": 0.5357142857142857, "tn": 3, "fp": 2, "fn": 24, "tp": 15, "n_samples": 44, "n_class_0": 5, "n_class_1": 39, "auroc": 0.6}, "10": {"accuracy": 0.5526315789473685, "balanced_accuracy": 0.7638888888888888, "f1_score": 0.6909090909090909, "tn": 2, "fp": 0, "fn": 17, "tp": 19, "n_samples": 38, "n_class_0": 2, "n_class_1": 36, "auroc": 0.9722222222222222}, "20": {"accuracy": 0.625, "balanced_accuracy": 0.3225806451612903, "f1_score": 0.7692307692307693, "tn": 0, "fp": 1, "fn": 11, "tp": 20, "n_samples": 32, "n_class_0": 1, "n_class_1": 31, "auroc": 0.41935483870967744}}}