{"subject_id": "S17", "k_shots": {"5": {"accuracy": 0.6375, "balanced_accuracy": 0.6375, "f1_score": 0.5245901639344263, "tn": 35, "fp": 5, "fn": 24, "tp": 16, "n_samples": 80, "n_class_0": 40, "n_class_1": 40, "auroc": 0.7200000000000001}, "10": {"accuracy": 0.4, "balanced_accuracy": 0.4, "f1_score": 0.4782608695652174, "tn": 10, "fp": 30, "fn": 18, "tp": 22, "n_samples": 80, "n_class_0": 40, "n_class_1": 40, "auroc": 0.44375000000000003}, "20": {"accuracy": 0.65, "balanced_accuracy": 0.6499999999999999, "f1_score": 0.6216216216216216, "tn": 29, "fp": 11, "fn": 17, "tp": 23, "n_samples": 80, "n_class_0": 40, "n_class_1": 40, "auroc": 0.67125}}}