{"subject_id": "S16", "k_shots": {"5": {"accuracy": 0.4625, "balanced_accuracy": 0.4625, "f1_score": 0.5473684210526316, "tn": 11, "fp": 29, "fn": 14, "tp": 26, "n_samples": 80, "n_class_0": 40, "n_class_1": 40, "auroc": 0.413125}, "10": {"accuracy": 0.6125, "balanced_accuracy": 0.6125, "f1_score": 0.6436781609195402, "tn": 21, "fp": 19, "fn": 12, "tp": 28, "n_samples": 80, "n_class_0": 40, "n_class_1": 40, "auroc": 0.685625}, "20": {"accuracy": 0.575, "balanced_accuracy": 0.575, "f1_score": 0.5952380952380952, "tn": 21, "fp": 19, "fn": 15, "tp": 25, "n_samples": 80, "n_class_0": 40, "n_class_1": 40, "auroc": 0.5393749999999999}}}