{"subject_id": "S07", "k_shots": {"5": {"accuracy": 0.45901639344262296, "balanced_accuracy": 0.44047619047619047, "f1_score": 0.547945205479452, "tn": 8, "fp": 13, "fn": 20, "tp": 20, "n_samples": 61, "n_class_0": 21, "n_class_1": 40, "auroc": 0.4130952380952381}, "10": {"accuracy": 0.5862068965517241, "balanced_accuracy": 0.5625, "f1_score": 0.6756756756756757, "tn": 9, "fp": 9, "fn": 15, "tp": 25, "n_samples": 58, "n_class_0": 18, "n_class_1": 40, "auroc": 0.6402777777777777}, "20": {"accuracy": 0.5849056603773585, "balanced_accuracy": 0.5951923076923077, "f1_score": 0.6764705882352942, "tn": 8, "fp": 5, "fn": 17, "tp": 23, "n_samples": 53, "n_class_0": 13, "n_class_1": 40, "auroc": 0.6153846153846154}}}