{"subject_id": "S12", "k_shots": {"5": {"accuracy": 0.4931506849315068, "balanced_accuracy": 0.5189393939393939, "f1_score": 0.5842696629213483, "tn": 10, "fp": 30, "fn": 7, "tp": 26, "n_samples": 73, "n_class_0": 40, "n_class_1": 33, "auroc": 0.5098484848484849}, "10": {"accuracy": 0.6428571428571429, "balanced_accuracy": 0.6458333333333333, "f1_score": 0.6153846153846154, "tn": 25, "fp": 15, "fn": 10, "tp": 20, "n_samples": 70, "n_class_0": 40, "n_class_1": 30, "auroc": 0.655}, "20": {"accuracy": 0.5846153846153846, "balanced_accuracy": 0.61, "f1_score": 0.5714285714285714, "tn": 20, "fp": 20, "fn": 7, "tp": 18, "n_samples": 65, "n_class_0": 40, "n_class_1": 25, "auroc": 0.5810000000000001}}}