{"subject_id": "S18", "k_shots": {"5": {"accuracy": 0.5125, "balanced_accuracy": 0.5125, "f1_score": 0.5517241379310345, "tn": 17, "fp": 23, "fn": 16, "tp": 24, "n_samples": 80, "n_class_0": 40, "n_class_1": 40, "auroc": 0.50625}, "10": {"accuracy": 0.525, "balanced_accuracy": 0.525, "f1_score": 0.4864864864864865, "tn": 24, "fp": 16, "fn": 22, "tp": 18, "n_samples": 80, "n_class_0": 40, "n_class_1": 40, "auroc": 0.573125}, "20": {"accuracy": 0.4875, "balanced_accuracy": 0.4875, "f1_score": 0.4225352112676056, "tn": 24, "fp": 16, "fn": 25, "tp": 15, "n_samples": 80, "n_class_0": 40, "n_class_1": 40, "auroc": 0.484375}}}