{"subject_id": "S11", "k_shots": {"5": {"accuracy": 0.575, "balanced_accuracy": 0.575, "f1_score": 0.6046511627906976, "tn": 20, "fp": 20, "fn": 14, "tp": 26, "n_samples": 80, "n_class_0": 40, "n_class_1": 40, "auroc": 0.60875}, "10": {"accuracy": 0.525, "balanced_accuracy": 0.5249999999999999, "f1_score": 0.42424242424242425, "tn": 28, "fp": 12, "fn": 26, "tp": 14, "n_samples": 80, "n_class_0": 40, "n_class_1": 40, "auroc": 0.5275}, "20": {"accuracy": 0.5625, "balanced_accuracy": 0.5625, "f1_score": 0.5882352941176471, "tn": 20, "fp": 20, "fn": 15, "tp": 25, "n_samples": 80, "n_class_0": 40, "n_class_1": 40, "auroc": 0.5862499999999999}}}