{"subject_id": "S23", "k_shots": {"5": {"accuracy": 0.3875, "balanced_accuracy": 0.38749999999999996, "f1_score": 0.40963855421686746, "tn": 14, "fp": 26, "fn": 23, "tp": 17, "n_samples": 80, "n_class_0": 40, "n_class_1": 40, "auroc": 0.40812499999999996}, "10": {"accuracy": 0.475, "balanced_accuracy": 0.47500000000000003, "f1_score": 0.2222222222222222, "tn": 32, "fp": 8, "fn": 34, "tp": 6, "n_samples": 80, "n_class_0": 40, "n_class_1": 40, "auroc": 0.448125}, "20": {"accuracy": 0.4875, "balanced_accuracy": 0.4875, "f1_score": 0.4383561643835616, "tn": 23, "fp": 17, "fn": 24, "tp": 16, "n_samples": 80, "n_class_0": 40, "n_class_1": 40, "auroc": 0.4875}}}