{"subject_id": "S24", "k_shots": {"5": {"accuracy": 0.5375, "balanced_accuracy": 0.5375, "f1_score": 0.5647058823529412, "tn": 19, "fp": 21, "fn": 16, "tp": 24, "n_samples": 80, "n_class_0": 40, "n_class_1": 40, "auroc": 0.5318749999999999}, "10": {"accuracy": 0.4375, "balanced_accuracy": 0.4375, "f1_score": 0.43037974683544306, "tn": 18, "fp": 22, "fn": 23, "tp": 17, "n_samples": 80, "n_class_0": 40, "n_class_1": 40, "auroc": 0.44375}, "20": {"accuracy": 0.5125, "balanced_accuracy": 0.5125, "f1_score": 0.48, "tn": 23, "fp": 17, "fn": 22, "tp": 18, "n_samples": 80, "n_class_0": 40, "n_class_1": 40, "auroc": 0.513125}}}