{"subject_id": "S20", "k_shots": {"5": {"accuracy": 0.5063291139240507, "balanced_accuracy": 0.5057692307692307, "f1_score": 0.5301204819277109, "tn": 18, "fp": 21, "fn": 18, "tp": 22, "n_samples": 79, "n_class_0": 39, "n_class_1": 40, "auroc": 0.5705128205128205}, "10": {"accuracy": 0.47368421052631576, "balanced_accuracy": 0.4722222222222222, "f1_score": 0.5, "tn": 16, "fp": 20, "fn": 20, "tp": 20, "n_samples": 76, "n_class_0": 36, "n_class_1": 40, "auroc": 0.44027777777777777}, "20": {"accuracy": 0.5492957746478874, "balanced_accuracy": 0.5419354838709678, "f1_score": 0.6, "tn": 15, "fp": 16, "fn": 16, "tp": 24, "n_samples": 71, "n_class_0": 31, "n_class_1": 40, "auroc": 0.5532258064516129}}}