{"subject_id": "S26", "k_shots": {"5": {"accuracy": 0.475, "balanced_accuracy": 0.475, "f1_score": 0.3225806451612903, "tn": 28, "fp": 12, "fn": 30, "tp": 10, "n_samples": 80, "n_class_0": 40, "n_class_1": 40, "auroc": 0.516875}, "10": {"accuracy": 0.6375, "balanced_accuracy": 0.6375, "f1_score": 0.6133333333333333, "tn": 28, "fp": 12, "fn": 17, "tp": 23, "n_samples": 80, "n_class_0": 40, "n_class_1": 40, "auroc": 0.625625}, "20": {"accuracy": 0.525, "balanced_accuracy": 0.525, "f1_score": 0.6346153846153846, "tn": 9, "fp": 31, "fn": 7, "tp": 33, "n_samples": 80, "n_class_0": 40, "n_class_1": 40, "auroc": 0.6225}}}