{"subject_id": "S21", "k_shots": {"5": {"accuracy": 0.9024390243902439, "balanced_accuracy": 0.95, "f1_score": 0.9473684210526315, "tn": 1, "fp": 0, "fn": 4, "tp": 36, "n_samples": 41, "n_class_0": 1, "n_class_1": 40, "auroc": 0.9}, "10": {"accuracy": 0.9512195121951219, "balanced_accuracy": 0.4875, "f1_score": 0.975, "tn": 0, "fp": 1, "fn": 1, "tp": 39, "n_samples": 41, "n_class_0": 1, "n_class_1": 40, "auroc": 0.95}, "20": {"accuracy": 0.975609756097561, "balanced_accuracy": 0.5, "f1_score": 0.9876543209876543, "tn": 0, "fp": 1, "fn": 0, "tp": 40, "n_samples": 41, "n_class_0": 1, "n_class_1": 40, "auroc": 0.9}}}