{"subject_id": "S06", "k_shots": {"5": {"accuracy": 0.5370370370370371, "balanced_accuracy": 0.5017857142857143, "f1_score": 0.647887323943662, "tn": 6, "fp": 8, "fn": 17, "tp": 23, "n_samples": 54, "n_class_0": 14, "n_class_1": 40, "auroc": 0.49642857142857144}, "10": {"accuracy": 0.5294117647058824, "balanced_accuracy": 0.5352272727272727, "f1_score": 0.6363636363636364, "tn": 6, "fp": 5, "fn": 19, "tp": 21, "n_samples": 51, "n_class_0": 11, "n_class_1": 40, "auroc": 0.4750000000000001}, "20": {"accuracy": 0.45652173913043476, "balanced_accuracy": 0.475, "f1_score": 0.5901639344262295, "tn": 3, "fp": 3, "fn": 22, "tp": 18, "n_samples": 46, "n_class_0": 6, "n_class_1": 40, "auroc": 0.5125}}}