{"subject_id": "S13", "k_shots": {"5": {"accuracy": 0.5125, "balanced_accuracy": 0.5125, "f1_score": 0.43478260869565216, "tn": 26, "fp": 14, "fn": 25, "tp": 15, "n_samples": 80, "n_class_0": 40, "n_class_1": 40, "auroc": 0.519375}, "10": {"accuracy": 0.5375, "balanced_accuracy": 0.5375, "f1_score": 0.6105263157894737, "tn": 14, "fp": 26, "fn": 11, "tp": 29, "n_samples": 80, "n_class_0": 40, "n_class_1": 40, "auroc": 0.5531250000000001}, "20": {"accuracy": 0.475, "balanced_accuracy": 0.475, "f1_score": 0.46153846153846156, "tn": 20, "fp": 20, "fn": 22, "tp": 18, "n_samples": 80, "n_class_0": 40, "n_class_1": 40, "auroc": 0.50625}}}