{"subject_id": "S14", "k_shots": {"5": {"accuracy": 0.4875, "balanced_accuracy": 0.48750000000000004, "f1_score": 0.3880597014925373, "tn": 26, "fp": 14, "fn": 27, "tp": 13, "n_samples": 80, "n_class_0": 40, "n_class_1": 40, "auroc": 0.44062500000000004}, "10": {"accuracy": 0.5125, "balanced_accuracy": 0.5125, "f1_score": 0.4, "tn": 28, "fp": 12, "fn": 27, "tp": 13, "n_samples": 80, "n_class_0": 40, "n_class_1": 40, "auroc": 0.5268750000000001}, "20": {"accuracy": 0.525, "balanced_accuracy": 0.5249999999999999, "f1_score": 0.5, "tn": 23, "fp": 17, "fn": 21, "tp": 19, "n_samples": 80, "n_class_0": 40, "n_class_1": 40, "auroc": 0.495}}}