{"subject_id": "S02", "k_shots": {"5": {"accuracy": 0.55, "balanced_accuracy": 0.55, "f1_score": 0.5813953488372093, "tn": 19, "fp": 21, "fn": 15, "tp": 25, "n_samples": 80, "n_class_0": 40, "n_class_1": 40, "auroc": 0.579375}, "10": {"accuracy": 0.45, "balanced_accuracy": 0.44999999999999996, "f1_score": 0.5111111111111111, "tn": 13, "fp": 27, "fn": 17, "tp": 23, "n_samples": 80, "n_class_0": 40, "n_class_1": 40, "auroc": 0.40937499999999993}, "20": {"accuracy": 0.6, "balanced_accuracy": 0.6, "f1_score": 0.5555555555555556, "tn": 28, "fp": 12, "fn": 20, "tp": 20, "n_samples": 80, "n_class_0": 40, "n_class_1": 40, "auroc": 0.7025}}}