{"subject_id": "S24", "k_shots": {"5": {"accuracy": 0.5757142857142857, "balanced_accuracy": 0.56725, "f1_score": 0.6620439995795164, "auroc": 0.5808500000000001}, "10": {"accuracy": 0.5914285714285714, "balanced_accuracy": 0.567, "f1_score": 0.6848632554967888, "auroc": 0.5729499999999998}, "20": {"accuracy": 0.5878571428571429, "balanced_accuracy": 0.5735, "f1_score": 0.6766705994825808, "auroc": 0.58685}}}