{"subject_id": "S02", "k_shots": {"5": {"accuracy": 0.5488372093023257, "balanced_accuracy": 0.5301997649823738, "f1_score": 0.6404877910016711, "auroc": 0.5871915393654523}, "10": {"accuracy": 0.5708661417322834, "balanced_accuracy": 0.5332882882882883, "f1_score": 0.6704394059333194, "auroc": 0.5704204204204205}, "20": {"accuracy": 0.5467213114754099, "balanced_accuracy": 0.543449920508744, "f1_score": 0.6255306287403772, "auroc": 0.601558028616852}}}