{"subject_id": "S16", "k_shots": {"5": {"accuracy": 0.5789115646258503, "balanced_accuracy": 0.5360106382978724, "f1_score": 0.6781022413998227, "auroc": 0.5514680851063829}, "10": {"accuracy": 0.5619047619047619, "balanced_accuracy": 0.5235106382978724, "f1_score": 0.6607597183609657, "auroc": 0.5508510638297873}, "20": {"accuracy": 0.5853146853146853, "balanced_accuracy": 0.5445367907801419, "f1_score": 0.6818733651937834, "auroc": 0.5626329787234042}}}