{"subject_id": "S22", "k_shots": {"5": {"accuracy": 0.764, "balanced_accuracy": 0.7380952380952381, "f1_score": 0.8462858778455697, "auroc": 0.7988095238095237}, "10": {"accuracy": 0.6391304347826086, "balanced_accuracy": 0.6828947368421052, "f1_score": 0.7345745150610034, "auroc": 0.7934210526315789}, "20": {"accuracy": 0.7055555555555555, "balanced_accuracy": 0.7125, "f1_score": 0.7830436786268871, "auroc": 0.7892857142857144}}}