{"subject_id": "S07", "k_shots": {"5": {"accuracy": 0.6531531531531531, "balanced_accuracy": 0.6188131313131313, "f1_score": 0.7719579222159185, "auroc": 0.7016835016835017}, "10": {"accuracy": 0.6752293577981652, "balanced_accuracy": 0.6240120274914089, "f1_score": 0.7892070748638391, "auroc": 0.7036082474226805}, "20": {"accuracy": 0.6557692307692308, "balanced_accuracy": 0.6315217391304349, "f1_score": 0.7722843627406564, "auroc": 0.7026268115942029}}}