{"subject_id": "S24", "k_shots": {"5": {"accuracy": 0.519434628975265, "balanced_accuracy": 0.5253283302063789, "f1_score": 0.6069364161849711, "tn": 42, "fp": 36, "fn": 100, "tp": 105, "n_samples": 283, "n_class_0": 78, "n_class_1": 205, "auroc": 0.5692933083176986}, "10": {"accuracy": 0.5415162454873647, "balanced_accuracy": 0.4676897689768977, "f1_score": 0.6666666666666666, "tn": 23, "fp": 52, "fn": 75, "tp": 127, "n_samples": 277, "n_class_0": 75, "n_class_1": 202, "auroc": 0.4594719471947195}, "20": {"accuracy": 0.6104868913857678, "balanced_accuracy": 0.5840826686004351, "f1_score": 0.7078651685393258, "tn": 37, "fp": 33, "fn": 71, "tp": 126, "n_samples": 267, "n_class_0": 70, "n_class_1": 197, "auroc": 0.5889050036258158}}}