{"subject_id": "S16", "k_shots": {"5": {"accuracy": 0.5432692307692307, "balanced_accuracy": 0.5341880341880342, "f1_score": 0.5991561181434599, "tn": 42, "fp": 49, "fn": 46, "tp": 71, "n_samples": 208, "n_class_0": 91, "n_class_1": 117, "auroc": 0.5162017469709778}, "10": {"accuracy": 0.5346534653465347, "balanced_accuracy": 0.52811004784689, "f1_score": 0.584070796460177, "tn": 42, "fp": 46, "fn": 48, "tp": 66, "n_samples": 202, "n_class_0": 88, "n_class_1": 114, "auroc": 0.47717304625199364}, "20": {"accuracy": 0.5260416666666666, "balanced_accuracy": 0.5164695479164364, "f1_score": 0.5844748858447488, "tn": 37, "fp": 46, "fn": 45, "tp": 64, "n_samples": 192, "n_class_0": 83, "n_class_1": 109, "auroc": 0.541173869791091}}}