{"subject_id": "S06", "k_shots": {"5": {"accuracy": 0.4166666666666667, "balanced_accuracy": 0.5237186477644493, "f1_score": 0.5683646112600537, "tn": 9, "fp": 5, "fn": 156, "tp": 106, "n_samples": 276, "n_class_0": 14, "n_class_1": 262, "auroc": 0.5280806979280261}, "10": {"accuracy": 0.4148148148148148, "balanced_accuracy": 0.5644085644085644, "f1_score": 0.5683060109289617, "tn": 8, "fp": 3, "fn": 155, "tp": 104, "n_samples": 270, "n_class_0": 11, "n_class_1": 259, "auroc": 0.5514215514215515}, "20": {"accuracy": 0.6, "balanced_accuracy": 0.5511811023622047, "f1_score": 0.7463414634146341, "tn": 3, "fp": 3, "fn": 101, "tp": 153, "n_samples": 260, "n_class_0": 6, "n_class_1": 254, "auroc": 0.6528871391076115}}}