{"subject_id": "S14", "k_shots": {"5": {"accuracy": 0.5838323353293413, "balanced_accuracy": 0.5625579956696567, "f1_score": 0.6618004866180048, "tn": 59, "fp": 63, "fn": 76, "tp": 136, "n_samples": 334, "n_class_0": 122, "n_class_1": 212, "auroc": 0.6193550881534179}, "10": {"accuracy": 0.5853658536585366, "balanced_accuracy": 0.5660809778456837, "f1_score": 0.6616915422885572, "tn": 59, "fp": 60, "fn": 76, "tp": 133, "n_samples": 328, "n_class_0": 119, "n_class_1": 209, "auroc": 0.5934220578183427}, "20": {"accuracy": 0.6037735849056604, "balanced_accuracy": 0.6021671826625387, "f1_score": 0.6631016042780749, "tn": 68, "fp": 46, "fn": 80, "tp": 124, "n_samples": 318, "n_class_0": 114, "n_class_1": 204, "auroc": 0.6442638458892329}}}