{"subject_id": "S12", "k_shots": {"5": {"accuracy": 0.46236559139784944, "balanced_accuracy": 0.4674242424242424, "f1_score": 0.3902439024390244, "tn": 27, "fp": 33, "fn": 17, "tp": 16, "n_samples": 93, "n_class_0": 60, "n_class_1": 33, "auroc": 0.4323232323232323}, "10": {"accuracy": 0.5172413793103449, "balanced_accuracy": 0.5605263157894737, "f1_score": 0.5, "tn": 24, "fp": 33, "fn": 9, "tp": 21, "n_samples": 87, "n_class_0": 57, "n_class_1": 30, "auroc": 0.5345029239766081}, "20": {"accuracy": 0.5194805194805194, "balanced_accuracy": 0.5196153846153846, "f1_score": 0.4126984126984127, "tn": 27, "fp": 25, "fn": 12, "tp": 13, "n_samples": 77, "n_class_0": 52, "n_class_1": 25, "auroc": 0.5553846153846154}}}