{"subject_id": "S23", "k_shots": {"5": {"accuracy": 0.54, "balanced_accuracy": 0.4800736041838167, "f1_score": 0.6584158415841584, "tn": 29, "fp": 78, "fn": 60, "tp": 133, "n_samples": 300, "n_class_0": 107, "n_class_1": 193, "auroc": 0.4873855987603506}, "10": {"accuracy": 0.5816326530612245, "balanced_accuracy": 0.5501012145748988, "f1_score": 0.6702412868632708, "tn": 46, "fp": 58, "fn": 65, "tp": 125, "n_samples": 294, "n_class_0": 104, "n_class_1": 190, "auroc": 0.5508603238866397}, "20": {"accuracy": 0.528169014084507, "balanced_accuracy": 0.5392301392301393, "f1_score": 0.58125, "tn": 57, "fp": 42, "fn": 92, "tp": 93, "n_samples": 284, "n_class_0": 99, "n_class_1": 185, "auroc": 0.5474201474201474}}}