{"subject_id": "S13", "k_shots": {"5": {"accuracy": 0.5376344086021505, "balanced_accuracy": 0.5378211716341212, "f1_score": 0.5132075471698113, "tn": 82, "fp": 57, "fn": 72, "tp": 68, "n_samples": 279, "n_class_0": 139, "n_class_1": 140, "auroc": 0.5409558067831449}, "10": {"accuracy": 0.5714285714285714, "balanced_accuracy": 0.5712483898668956, "f1_score": 0.5923344947735192, "tn": 71, "fp": 65, "fn": 52, "tp": 85, "n_samples": 273, "n_class_0": 136, "n_class_1": 137, "auroc": 0.5947294976384714}, "20": {"accuracy": 0.6121673003802282, "balanced_accuracy": 0.6121327781633126, "f1_score": 0.6165413533834586, "tn": 79, "fp": 52, "fn": 50, "tp": 82, "n_samples": 263, "n_class_0": 131, "n_class_1": 132, "auroc": 0.6731436502428868}}}