{"subject_id": "S26", "k_shots": {"5": {"accuracy": 0.5277777777777778, "balanced_accuracy": 0.5026455026455027, "f1_score": 0.6263736263736264, "tn": 19, "fp": 44, "fn": 24, "tp": 57, "n_samples": 144, "n_class_0": 63, "n_class_1": 81, "auroc": 0.5308641975308641}, "10": {"accuracy": 0.5362318840579711, "balanced_accuracy": 0.5358974358974359, "f1_score": 0.5675675675675675, "tn": 32, "fp": 28, "fn": 36, "tp": 42, "n_samples": 138, "n_class_0": 60, "n_class_1": 78, "auroc": 0.48952991452991457}, "20": {"accuracy": 0.5234375, "balanced_accuracy": 0.5216687422166875, "f1_score": 0.5611510791366906, "tn": 28, "fp": 27, "fn": 34, "tp": 39, "n_samples": 128, "n_class_0": 55, "n_class_1": 73, "auroc": 0.4787048567870486}}}