{"subject_id": "S17", "k_shots": {"5": {"accuracy": 0.5578947368421052, "balanced_accuracy": 0.5465458910837062, "f1_score": 0.6337209302325582, "tn": 50, "fp": 48, "fn": 78, "tp": 109, "n_samples": 285, "n_class_0": 98, "n_class_1": 187, "auroc": 0.5617155953290407}, "10": {"accuracy": 0.6487455197132617, "balanced_accuracy": 0.6191361556064073, "f1_score": 0.7277777777777777, "tn": 50, "fp": 45, "fn": 53, "tp": 131, "n_samples": 279, "n_class_0": 95, "n_class_1": 184, "auroc": 0.6796910755148742}, "20": {"accuracy": 0.6319702602230484, "balanced_accuracy": 0.6157355679702048, "f1_score": 0.7062314540059347, "tn": 51, "fp": 39, "fn": 60, "tp": 119, "n_samples": 269, "n_class_0": 90, "n_class_1": 179, "auroc": 0.6601489757914338}}}