{"subject_id": "S20", "k_shots": {"5": {"accuracy": 0.5681818181818182, "balanced_accuracy": 0.5669975186104219, "f1_score": 0.6503067484662577, "tn": 22, "fp": 17, "fn": 40, "tp": 53, "n_samples": 132, "n_class_0": 39, "n_class_1": 93, "auroc": 0.6140060656189689}, "10": {"accuracy": 0.373015873015873, "balanced_accuracy": 0.4277777777777778, "f1_score": 0.40601503759398494, "tn": 20, "fp": 16, "fn": 63, "tp": 27, "n_samples": 126, "n_class_0": 36, "n_class_1": 90, "auroc": 0.4228395061728395}, "20": {"accuracy": 0.47413793103448276, "balanced_accuracy": 0.48747628083491457, "f1_score": 0.5611510791366906, "tn": 16, "fp": 15, "fn": 46, "tp": 39, "n_samples": 116, "n_class_0": 31, "n_class_1": 85, "auroc": 0.5282732447817837}}}