{"subject_id": "S21", "k_shots": {"5": {"accuracy": 0.4107142857142857, "balanced_accuracy": 0.7, "f1_score": 0.5714285714285714, "tn": 1, "fp": 0, "fn": 33, "tp": 22, "n_samples": 56, "n_class_0": 1, "n_class_1": 55, "auroc": 0.41818181818181815}, "10": {"accuracy": 0.8461538461538461, "balanced_accuracy": 0.8461538461538461, "f1_score": 0.9166666666666666, "tn": 0, "fp": 0, "fn": 8, "tp": 44, "n_samples": 52, "n_class_0": 0, "n_class_1": 52, "auroc": NaN}, "20": {"accuracy": 0.9574468085106383, "balanced_accuracy": 0.9574468085106383, "f1_score": 0.9782608695652174, "tn": 0, "fp": 0, "fn": 2, "tp": 45, "n_samples": 47, "n_class_0": 0, "n_class_1": 47, "auroc": NaN}}}