{"subject_id": "S22", "k_shots": {"5": {"accuracy": 0.6136363636363636, "balanced_accuracy": 0.6948717948717948, "f1_score": 0.7301587301587301, "tn": 4, "fp": 1, "fn": 16, "tp": 23, "n_samples": 44, "n_class_0": 5, "n_class_1": 39, "auroc": 0.7435897435897436}, "10": {"accuracy": 0.47368421052631576, "balanced_accuracy": 0.7222222222222222, "f1_score": 0.6153846153846154, "tn": 2, "fp": 0, "fn": 20, "tp": 16, "n_samples": 38, "n_class_0": 2, "n_class_1": 36, "auroc": 0.5416666666666666}, "20": {"accuracy": 0.4838709677419355, "balanced_accuracy": 0.4838709677419355, "f1_score": 0.6521739130434783, "tn": 0, "fp": 0, "fn": 16, "tp": 15, "n_samples": 31, "n_class_0": 0, "n_class_1": 31, "auroc": NaN}}}