{"subject_id": "S07", "k_shots": {"5": {"accuracy": 0.445, "balanced_accuracy": 0.5848629954775206, "f1_score": 0.5680933852140078, "tn": 16, "fp": 5, "fn": 106, "tp": 73, "n_samples": 200, "n_class_0": 21, "n_class_1": 179, "auroc": 0.581803671189146}, "10": {"accuracy": 0.4845360824742268, "balanced_accuracy": 0.5662878787878788, "f1_score": 0.6212121212121212, "tn": 12, "fp": 6, "fn": 94, "tp": 82, "n_samples": 194, "n_class_0": 18, "n_class_1": 176, "auroc": 0.584280303030303}, "20": {"accuracy": 0.5652173913043478, "balanced_accuracy": 0.6239316239316239, "f1_score": 0.7037037037037037, "tn": 9, "fp": 4, "fn": 76, "tp": 95, "n_samples": 184, "n_class_0": 13, "n_class_1": 171, "auroc": 0.6369770580296896}}}