{"subject_id": "S18", "k_shots": {"5": {"accuracy": 0.5515151515151515, "balanced_accuracy": 0.4907345013477089, "f1_score": 0.6666666666666666, "tn": 17, "fp": 36, "fn": 38, "tp": 74, "n_samples": 165, "n_class_0": 53, "n_class_1": 112, "auroc": 0.516677897574124}, "10": {"accuracy": 0.5345911949685535, "balanced_accuracy": 0.5252293577981652, "f1_score": 0.6185567010309279, "tn": 25, "fp": 25, "fn": 49, "tp": 60, "n_samples": 159, "n_class_0": 50, "n_class_1": 109, "auroc": 0.5064220183486238}, "20": {"accuracy": 0.5234899328859061, "balanced_accuracy": 0.4947649572649573, "f1_score": 0.6243386243386243, "tn": 19, "fp": 26, "fn": 45, "tp": 59, "n_samples": 149, "n_class_0": 45, "n_class_1": 104, "auroc": 0.5076923076923077}}}