{"subject_id": "S02", "k_shots": {"5": {"accuracy": 0.5860215053763441, "balanced_accuracy": 0.5829678362573099, "f1_score": 0.6384976525821596, "tn": 41, "fp": 31, "fn": 46, "tp": 68, "n_samples": 186, "n_class_0": 72, "n_class_1": 114, "auroc": 0.6525341130604289}, "10": {"accuracy": 0.6166666666666667, "balanced_accuracy": 0.6316098707403055, "f1_score": 0.6461538461538462, "tn": 48, "fp": 21, "fn": 48, "tp": 63, "n_samples": 180, "n_class_0": 69, "n_class_1": 111, "auroc": 0.6456456456456456}, "20": {"accuracy": 0.6058823529411764, "balanced_accuracy": 0.6127653301886793, "f1_score": 0.6492146596858639, "tn": 41, "fp": 23, "fn": 44, "tp": 62, "n_samples": 170, "n_class_0": 64, "n_class_1": 106, "auroc": 0.6559551886792452}}}