{"subject_id": "S11", "k_shots": {"5": {"accuracy": 0.5836065573770491, "balanced_accuracy": 0.5878048780487805, "f1_score": 0.650137741046832, "tn": 60, "fp": 40, "fn": 87, "tp": 118, "n_samples": 305, "n_class_0": 100, "n_class_1": 205, "auroc": 0.6177560975609756}, "10": {"accuracy": 0.5351170568561873, "balanced_accuracy": 0.5648412779422272, "f1_score": 0.5825825825825826, "tn": 63, "fp": 34, "fn": 105, "tp": 97, "n_samples": 299, "n_class_0": 97, "n_class_1": 202, "auroc": 0.5695621108502603}, "20": {"accuracy": 0.5709342560553633, "balanced_accuracy": 0.5636173030236151, "f1_score": 0.6497175141242938, "tn": 50, "fp": 42, "fn": 82, "tp": 115, "n_samples": 289, "n_class_0": 92, "n_class_1": 197, "auroc": 0.5828183623924078}}}