method1,method2,metric,k,n,mean1,mean2,mean_diff,statistic,p_value,significant,effect_r,effect_interp
Full-MAML,Full-MAML-Uniform,balanced_accuracy,5,16,0.5872030688777596,0.5637910234283317,0.023412045449428005,22.0,0.0155029296875,True,0.6051030083753541,large
Full-MAML,Full-MAML-Uniform,balanced_accuracy,10,16,0.5940407885593224,0.5555322953429888,0.03850849321633362,19.0,0.009185791015625,True,0.651265244505831,large
Full-MAML,Full-MAML-Uniform,balanced_accuracy,20,16,0.5931719471648653,0.5742205091458537,0.018951438019011675,31.0,0.05767822265625,False,0.4745338980019013,medium
MAML-ANIL,MAML-ANIL-Uniform,balanced_accuracy,5,16,0.5834757609231962,0.5809447449209915,0.002531016002204692,59.0,0.668548583984375,False,0.10703521024297255,small
MAML-ANIL,MAML-ANIL-Uniform,balanced_accuracy,10,16,0.5824378203243619,0.5796424858508533,0.002795334473508458,58.0,0.9095609385561121,False,0.028398091712353243,negligible
MAML-ANIL,MAML-ANIL-Uniform,balanced_accuracy,20,16,0.5893464384711047,0.5954083772887345,-0.006061938817629831,41.0,0.17535400390625,False,-0.3387998750456727,medium
