method1,method2,metric,k,n,mean1,mean2,mean_diff,statistic,p_value,significant,effect_r,effect_interp
Full-MAML,Full-MAML-Uniform,balanced_accuracy,5,16,0.5899349282797901,0.5683934134523758,0.021541514827414288,18.0,0.00762939453125,True,0.6670113528482475,large
Full-MAML,Full-MAML-Uniform,balanced_accuracy,10,16,0.5992974434539718,0.566705819471291,0.032591623982681006,17.0,0.014596605678345812,True,0.6105589718155952,large
Full-MAML,Full-MAML-Uniform,balanced_accuracy,20,16,0.5951642221466038,0.5738795193398465,0.02128470280675735,38.0,0.129730224609375,False,0.3787916445356404,medium
MAML-ANIL,MAML-ANIL-Uniform,balanced_accuracy,5,16,0.5917067529701254,0.5841161789054127,0.007590574064712748,53.0,0.4637451171875,False,0.18317348651498083,small
MAML-ANIL,MAML-ANIL-Uniform,balanced_accuracy,10,16,0.59419689736116,0.5856179385629039,0.008578958798256046,57.0,0.596588134765625,False,0.1323283235894631,small
MAML-ANIL,MAML-ANIL-Uniform,balanced_accuracy,20,16,0.5968023306740293,0.5866181689123899,0.010184161761639516,52.0,0.433197021484375,False,0.19593315342400822,small
