method1,method2,k,n,mean1,mean2,delta,p,r,p_fdr,significant
Full-MAML,Full-MAML-Uniform,5,16,0.5835573755820775,0.5645631220550319,0.018994253527045687,0.00628662109375,0.683111192094985,0.01885986328125,True
Full-MAML,Full-MAML-Uniform,10,16,0.5904356248261508,0.5614841036702405,0.028951521155910327,0.004180908203125,0.7160449117258153,0.01885986328125,True
Full-MAML,Full-MAML-Uniform,20,16,0.5897786666972116,0.569261263897316,0.020517402799895536,0.065399169921875,0.46062992107638906,0.13079833984375,False
MAML-ANIL,MAML-ANIL-Uniform,5,16,0.5806604002087792,0.5763249903127399,0.004335409896039234,0.860260009765625,0.04401079806969293,1.0,False
MAML-ANIL,MAML-ANIL-Uniform,10,16,0.5801235652824439,0.5780591614292795,0.0020644038531644586,1.0,0.0,1.0,False
MAML-ANIL,MAML-ANIL-Uniform,20,16,0.5849221848579911,0.5856114018025831,-0.0006892169445919215,0.860260009765625,-0.04401079806969293,1.0,False
