{"subject_id": "S11", "zero_shot": {"accuracy": 0.6763754045307443, "balanced_accuracy": 0.6142369991474851, "f1_score": 0.7674418604651163, "tn": 44, "fp": 58, "fn": 42, "tp": 165, "n_samples": 309, "n_class_0": 102, "n_class_1": 207, "auroc": 0.6633986928104574}, "k_shots": {"5": {"accuracy": 0.6105, "balanced_accuracy": 0.6105, "f1_score": 0.658095630849273, "auroc": 0.66344}, "10": {"accuracy": 0.5940397350993377, "balanced_accuracy": 0.6185588235294118, "f1_score": 0.6362492377953852, "auroc": 0.6655098039215687}, "20": {"accuracy": 0.6185430463576159, "balanced_accuracy": 0.6115980392156863, "f1_score": 0.6858322365587697, "auroc": 0.6567450980392155}}}