{"subject_id": "S24", "zero_shot": {"accuracy": 0.6445993031358885, "balanced_accuracy": 0.5772342995169082, "f1_score": 0.7475247524752475, "tn": 34, "fp": 46, "fn": 56, "tp": 151, "n_samples": 287, "n_class_0": 80, "n_class_1": 207, "auroc": 0.6296195652173913}, "k_shots": {"5": {"accuracy": 0.5407142857142857, "balanced_accuracy": 0.596, "f1_score": 0.590281810152062, "auroc": 0.61905}, "10": {"accuracy": 0.5557142857142856, "balanced_accuracy": 0.5922499999999999, "f1_score": 0.6161341477129305, "auroc": 0.624575}, "20": {"accuracy": 0.5935714285714286, "balanced_accuracy": 0.5970000000000001, "f1_score": 0.6723148050956896, "auroc": 0.625225}}}