{"subject_id": "S18", "zero_shot": {"accuracy": 0.6745562130177515, "balanced_accuracy": 0.6035087719298246, "f1_score": 0.7698744769874477, "tn": 22, "fp": 33, "fn": 22, "tp": 92, "n_samples": 169, "n_class_0": 55, "n_class_1": 114, "auroc": 0.5992025518341308}, "k_shots": {"5": {"accuracy": 0.5581818181818182, "balanced_accuracy": 0.5743031358885018, "f1_score": 0.6456162605768709, "auroc": 0.6295731707317073}, "10": {"accuracy": 0.5626168224299065, "balanced_accuracy": 0.5585443037974682, "f1_score": 0.6549232613421037, "auroc": 0.6144665461121157}, "20": {"accuracy": 0.5735294117647058, "balanced_accuracy": 0.5795366795366794, "f1_score": 0.6568760327765598, "auroc": 0.6188706563706564}}}