{"subject_id": "S23", "zero_shot": {"accuracy": 0.6151315789473685, "balanced_accuracy": 0.5523171018583863, "f1_score": 0.720763723150358, "tn": 36, "fp": 73, "fn": 44, "tp": 151, "n_samples": 304, "n_class_0": 109, "n_class_1": 195, "auroc": 0.610726887791108}, "k_shots": {"5": {"accuracy": 0.558, "balanced_accuracy": 0.558, "f1_score": 0.6159394567397524, "auroc": 0.6060000000000001}, "10": {"accuracy": 0.5725, "balanced_accuracy": 0.5724999999999999, "f1_score": 0.6187702814349076, "auroc": 0.6148900000000002}, "20": {"accuracy": 0.5638709677419356, "balanced_accuracy": 0.5846818181818182, "f1_score": 0.6026954990925295, "auroc": 0.6215272727272728}}}