{"subject_id": "S21", "zero_shot": {"accuracy": 0.48333333333333334, "balanced_accuracy": 0.5701754385964912, "f1_score": 0.6352941176470588, "tn": 2, "fp": 1, "fn": 30, "tp": 27, "n_samples": 60, "n_class_0": 3, "n_class_1": 57, "auroc": 0.7192982456140351}, "k_shots": {"5": {"accuracy": 0.5, "balanced_accuracy": 0.5694444444444444, "f1_score": 0.6320380540184365, "auroc": 0.6648148148148147}, "10": {"accuracy": 0.6111111111111109, "balanced_accuracy": 0.629, "f1_score": 0.7236528530065366, "auroc": 0.6900000000000001}, "20": {"accuracy": 0.6272727272727273, "balanced_accuracy": 0.5475, "f1_score": 0.7485340802987861, "auroc": 0.665}}}