{"subject_id": "S26", "zero_shot": {"accuracy": 0.5540540540540541, "balanced_accuracy": 0.5273401297497683, "f1_score": 0.6526315789473685, "tn": 20, "fp": 45, "fn": 21, "tp": 62, "n_samples": 148, "n_class_0": 65, "n_class_1": 83, "auroc": 0.5102873030583874}, "k_shots": {"5": {"accuracy": 0.4394230769230769, "balanced_accuracy": 0.5140204865556978, "f1_score": 0.4281299669174722, "auroc": 0.5198463508322664}, "10": {"accuracy": 0.4627450980392157, "balanced_accuracy": 0.5206851119894598, "f1_score": 0.4690062481913769, "auroc": 0.5334650856389987}, "20": {"accuracy": 0.4855670103092783, "balanced_accuracy": 0.516216856060606, "f1_score": 0.5132919931587093, "auroc": 0.5118371212121212}}}