{"subject_id": "S17", "zero_shot": {"accuracy": 0.6470588235294118, "balanced_accuracy": 0.6124338624338624, "f1_score": 0.7287234042553191, "tn": 50, "fp": 50, "fn": 52, "tp": 137, "n_samples": 289, "n_class_0": 100, "n_class_1": 189, "auroc": 0.6513756613756613}, "k_shots": {"5": {"accuracy": 0.5546666666666666, "balanced_accuracy": 0.6215, "f1_score": 0.556824078804818, "auroc": 0.67518}, "10": {"accuracy": 0.5773333333333334, "balanced_accuracy": 0.6214999999999999, "f1_score": 0.6051083073964938, "auroc": 0.66502}, "20": {"accuracy": 0.5993333333333334, "balanced_accuracy": 0.6305000000000001, "f1_score": 0.6402443743203617, "auroc": 0.6785599999999999}}}