{"subject_id": "S20", "zero_shot": {"accuracy": 0.6102941176470589, "balanced_accuracy": 0.5269576379974326, "f1_score": 0.7253886010362695, "tn": 13, "fp": 28, "fn": 25, "tp": 70, "n_samples": 136, "n_class_0": 41, "n_class_1": 95, "auroc": 0.5465982028241336}, "k_shots": {"5": {"accuracy": 0.5011627906976744, "balanced_accuracy": 0.5555677655677657, "f1_score": 0.574602506293485, "auroc": 0.5700366300366301}, "10": {"accuracy": 0.5369047619047619, "balanced_accuracy": 0.5515873015873016, "f1_score": 0.6244181912279418, "auroc": 0.5746787603930461}, "20": {"accuracy": 0.5468354430379747, "balanced_accuracy": 0.5501231527093597, "f1_score": 0.6351715539307059, "auroc": 0.5902298850574713}}}