{"subject_id": "S14", "zero_shot": {"accuracy": 0.606508875739645, "balanced_accuracy": 0.5620666264697015, "f1_score": 0.701123595505618, "tn": 49, "fp": 75, "fn": 58, "tp": 156, "n_samples": 338, "n_class_0": 124, "n_class_1": 214, "auroc": 0.57953346397347}, "k_shots": {"5": {"accuracy": 0.5730000000000001, "balanced_accuracy": 0.5730000000000001, "f1_score": 0.6302072270079134, "auroc": 0.5801099999999999}, "10": {"accuracy": 0.585, "balanced_accuracy": 0.585, "f1_score": 0.622386232451882, "auroc": 0.60311}, "20": {"accuracy": 0.5819999999999999, "balanced_accuracy": 0.5820000000000001, "f1_score": 0.5965175524352667, "auroc": 0.61156}}}