{"subject_id": "S12", "zero_shot": {"accuracy": 0.422680412371134, "balanced_accuracy": 0.5297235023041474, "f1_score": 0.5333333333333333, "tn": 9, "fp": 53, "fn": 3, "tp": 32, "n_samples": 97, "n_class_0": 62, "n_class_1": 35, "auroc": 0.614516129032258}, "k_shots": {"5": {"accuracy": 0.378125, "balanced_accuracy": 0.5268115942028985, "f1_score": 0.43927312952425, "auroc": 0.5951086956521738}, "10": {"accuracy": 0.4163934426229508, "balanced_accuracy": 0.5343669250645996, "f1_score": 0.4532909895691942, "auroc": 0.6248708010335917}, "20": {"accuracy": 0.5017857142857143, "balanced_accuracy": 0.572953216374269, "f1_score": 0.4987300074018095, "auroc": 0.6014619883040935}}}