{"subject_id": "S11", "zero_shot": {"accuracy": 0.6440129449838188, "balanced_accuracy": 0.5875959079283888, "f1_score": 0.7393364928909952, "tn": 43, "fp": 59, "fn": 51, "tp": 156, "n_samples": 309, "n_class_0": 102, "n_class_1": 207, "auroc": 0.6327081557260585}, "k_shots": {"5": {"accuracy": 0.5879999999999999, "balanced_accuracy": 0.5880000000000001, "f1_score": 0.646387972125346, "auroc": 0.6418999999999999}, "10": {"accuracy": 0.551655629139073, "balanced_accuracy": 0.5918431372549021, "f1_score": 0.5753348453193536, "auroc": 0.6414705882352941}, "20": {"accuracy": 0.5761589403973508, "balanced_accuracy": 0.5940098039215685, "f1_score": 0.6263522031627391, "auroc": 0.6374313725490197}}}