{"subject_id": "S26", "zero_shot": {"accuracy": 0.5472972972972973, "balanced_accuracy": 0.5213160333642262, "f1_score": 0.6455026455026455, "tn": 20, "fp": 45, "fn": 22, "tp": 61, "n_samples": 148, "n_class_0": 65, "n_class_1": 83, "auroc": 0.5468025949953661}, "k_shots": {"5": {"accuracy": 0.435576923076923, "balanced_accuracy": 0.5176909944515578, "f1_score": 0.4089790262885983, "auroc": 0.5444728979940248}, "10": {"accuracy": 0.4980392156862745, "balanced_accuracy": 0.5372859025032939, "f1_score": 0.532199499483234, "auroc": 0.5508124725516029}, "20": {"accuracy": 0.5051546391752577, "balanced_accuracy": 0.5141808712121213, "f1_score": 0.5598487593609247, "auroc": 0.5043087121212121}}}