{"subject_id": "S22", "zero_shot": {"accuracy": 0.7708333333333334, "balanced_accuracy": 0.6289198606271776, "f1_score": 0.8607594936708861, "tn": 3, "fp": 4, "fn": 7, "tp": 34, "n_samples": 48, "n_class_0": 7, "n_class_1": 41, "auroc": 0.5435540069686412}, "k_shots": {"5": {"accuracy": 0.6799999999999999, "balanced_accuracy": 0.5464285714285715, "f1_score": 0.7941081890481836, "auroc": 0.5464285714285714}, "10": {"accuracy": 0.6521739130434782, "balanced_accuracy": 0.5526315789473684, "f1_score": 0.767276633898026, "auroc": 0.4828947368421053}, "20": {"accuracy": 0.7, "balanced_accuracy": 0.5839285714285714, "f1_score": 0.7999875584185928, "auroc": 0.5017857142857143}}}