{"subject_id": "S16", "zero_shot": {"accuracy": 0.5754716981132075, "balanced_accuracy": 0.5431462907743743, "f1_score": 0.6808510638297872, "tn": 26, "fp": 67, "fn": 23, "tp": 96, "n_samples": 212, "n_class_0": 93, "n_class_1": 119, "auroc": 0.6028734074274871}, "k_shots": {"5": {"accuracy": 0.5319727891156464, "balanced_accuracy": 0.5860851063829787, "f1_score": 0.5572608038454346, "auroc": 0.6041489361702128}, "10": {"accuracy": 0.5387755102040817, "balanced_accuracy": 0.5837553191489362, "f1_score": 0.573868760877341, "auroc": 0.6123617021276597}, "20": {"accuracy": 0.5636363636363637, "balanced_accuracy": 0.5702016843971631, "f1_score": 0.6269232828035033, "auroc": 0.6094193262411347}}}