{"subject_id": "S24", "zero_shot": {"accuracy": 0.7212543554006968, "balanced_accuracy": 0.5958635265700483, "f1_score": 0.8198198198198198, "tn": 25, "fp": 55, "fn": 25, "tp": 182, "n_samples": 287, "n_class_0": 80, "n_class_1": 207, "auroc": 0.6246376811594202}, "k_shots": {"5": {"accuracy": 0.4871428571428572, "balanced_accuracy": 0.5742499999999999, "f1_score": 0.501272353257594, "auroc": 0.648525}, "10": {"accuracy": 0.5314285714285714, "balanced_accuracy": 0.576, "f1_score": 0.5861487985996466, "auroc": 0.6278250000000001}, "20": {"accuracy": 0.5921428571428571, "balanced_accuracy": 0.593, "f1_score": 0.667895469976939, "auroc": 0.6474499999999999}}}