{"subject_id": "S20", "zero_shot": {"accuracy": 0.5955882352941176, "balanced_accuracy": 0.578818998716303, "f1_score": 0.6820809248554913, "tn": 22, "fp": 19, "fn": 36, "tp": 59, "n_samples": 136, "n_class_0": 41, "n_class_1": 95, "auroc": 0.5958921694480103}, "k_shots": {"5": {"accuracy": 0.4651162790697675, "balanced_accuracy": 0.5961904761904762, "f1_score": 0.48521897069500514, "auroc": 0.6329670329670332}, "10": {"accuracy": 0.5488095238095237, "balanced_accuracy": 0.588095238095238, "f1_score": 0.6245284879863007, "auroc": 0.6065759637188208}, "20": {"accuracy": 0.5683544303797468, "balanced_accuracy": 0.5936371100164204, "f1_score": 0.6405468615538563, "auroc": 0.6220032840722497}}}