{"subject_id": "S18", "zero_shot": {"accuracy": 0.591715976331361, "balanced_accuracy": 0.5421052631578948, "f1_score": 0.6933333333333334, "tn": 22, "fp": 33, "fn": 36, "tp": 78, "n_samples": 169, "n_class_0": 55, "n_class_1": 114, "auroc": 0.5354066985645933}, "k_shots": {"5": {"accuracy": 0.4290909090909091, "balanced_accuracy": 0.5030052264808362, "f1_score": 0.47005598531310006, "auroc": 0.5179442508710801}, "10": {"accuracy": 0.44953271028037384, "balanced_accuracy": 0.5130877034358046, "f1_score": 0.4956527280749515, "auroc": 0.5304249547920434}, "20": {"accuracy": 0.4617647058823529, "balanced_accuracy": 0.5047297297297296, "f1_score": 0.5192201309147844, "auroc": 0.5157818532818532}}}