{"subject_id": "S02", "zero_shot": {"accuracy": 0.6105263157894737, "balanced_accuracy": 0.5195712954333644, "f1_score": 0.7448275862068966, "tn": 8, "fp": 66, "fn": 8, "tp": 108, "n_samples": 190, "n_class_0": 74, "n_class_1": 116, "auroc": 0.5615680335507922}, "k_shots": {"5": {"accuracy": 0.5813953488372092, "balanced_accuracy": 0.5926116333725029, "f1_score": 0.6560829262679213, "auroc": 0.6267038777908344}, "10": {"accuracy": 0.6196850393700787, "balanced_accuracy": 0.6210510510510511, "f1_score": 0.6966009760328867, "auroc": 0.6598498498498498}, "20": {"accuracy": 0.6336065573770491, "balanced_accuracy": 0.6317488076311605, "f1_score": 0.7055694243433424, "auroc": 0.670174880763116}}}