{"subject_id": "S07", "zero_shot": {"accuracy": 0.7843137254901961, "balanced_accuracy": 0.5368724477540235, "f1_score": 0.8757062146892656, "tn": 5, "fp": 18, "fn": 26, "tp": 155, "n_samples": 204, "n_class_0": 23, "n_class_1": 181, "auroc": 0.6836416046120586}, "k_shots": {"5": {"accuracy": 0.6837837837837838, "balanced_accuracy": 0.7238636363636364, "f1_score": 0.7879387729511422, "auroc": 0.7803872053872054}, "10": {"accuracy": 0.7220183486238532, "balanced_accuracy": 0.7196735395189003, "f1_score": 0.8213574756548979, "auroc": 0.7777491408934707}, "20": {"accuracy": 0.7317307692307693, "balanced_accuracy": 0.7106884057971014, "f1_score": 0.8279866947494241, "auroc": 0.7914855072463769}}}