{"subject_id": "S13", "zero_shot": {"accuracy": 0.607773851590106, "balanced_accuracy": 0.6068574567975227, "f1_score": 0.6890756302521008, "tn": 49, "fp": 92, "fn": 19, "tp": 123, "n_samples": 283, "n_class_0": 141, "n_class_1": 142, "auroc": 0.664119468584557}, "k_shots": {"5": {"accuracy": 0.596, "balanced_accuracy": 0.596, "f1_score": 0.6591534350587761, "auroc": 0.6491}, "10": {"accuracy": 0.617, "balanced_accuracy": 0.617, "f1_score": 0.672394029084955, "auroc": 0.661555}, "20": {"accuracy": 0.627, "balanced_accuracy": 0.6269999999999999, "f1_score": 0.6634600089543283, "auroc": 0.6693}}}