{"subject_id": "S06", "zero_shot": {"accuracy": 0.7071428571428572, "balanced_accuracy": 0.4630681818181818, "f1_score": 0.826271186440678, "tn": 3, "fp": 13, "fn": 69, "tp": 195, "n_samples": 280, "n_class_0": 16, "n_class_1": 264, "auroc": 0.420217803030303}, "k_shots": {"5": {"accuracy": 0.513888888888889, "balanced_accuracy": 0.44425, "f1_score": 0.665463768947299, "auroc": 0.4175000000000001}, "10": {"accuracy": 0.5518518518518519, "balanced_accuracy": 0.40725, "f1_score": 0.7021026807585595, "auroc": 0.39812499999999995}, "20": {"accuracy": 0.6175925925925926, "balanced_accuracy": 0.437, "f1_score": 0.7565166145635855, "auroc": 0.39899999999999997}}}