{"subject_id": "S02", "zero_shot": {"accuracy": 0.5736842105263158, "balanced_accuracy": 0.4820596458527493, "f1_score": 0.7197231833910035, "tn": 5, "fp": 69, "fn": 12, "tp": 104, "n_samples": 190, "n_class_0": 74, "n_class_1": 116, "auroc": 0.5181733457595528}, "k_shots": {"5": {"accuracy": 0.4875968992248062, "balanced_accuracy": 0.5551263219741481, "f1_score": 0.5095958217337302, "auroc": 0.5623678025851939}, "10": {"accuracy": 0.5149606299212598, "balanced_accuracy": 0.536021021021021, "f1_score": 0.5820671301635718, "auroc": 0.5647147147147147}, "20": {"accuracy": 0.5549180327868852, "balanced_accuracy": 0.560779014308426, "f1_score": 0.6285809297998666, "auroc": 0.5747535771065183}}}