{"subject_id": "S23", "k_shots": {"5": {"accuracy": 0.571, "balanced_accuracy": 0.571, "f1_score": 0.5973650783621597, "auroc": 0.58808}, "10": {"accuracy": 0.5665, "balanced_accuracy": 0.5665, "f1_score": 0.6138443582829167, "auroc": 0.59612}, "20": {"accuracy": 0.5890322580645162, "balanced_accuracy": 0.5526363636363636, "f1_score": 0.6801819538410591, "auroc": 0.5856000000000001}}}