{"subject_id": "S02", "k_shots": {"5": {"accuracy": 0.5426356589147288, "balanced_accuracy": 0.5387779083431257, "f1_score": 0.6172566096753068, "auroc": 0.567391304347826}, "10": {"accuracy": 0.5661417322834646, "balanced_accuracy": 0.5474624624624623, "f1_score": 0.652872309207338, "auroc": 0.5654054054054054}, "20": {"accuracy": 0.5688524590163934, "balanced_accuracy": 0.5303338632750398, "f1_score": 0.6664975239222471, "auroc": 0.5533863275039745}}}