{"subject_id": "S17", "k_shots": {"5": {"accuracy": 0.6153333333333334, "balanced_accuracy": 0.5960000000000001, "f1_score": 0.692881941281608, "auroc": 0.62288}, "10": {"accuracy": 0.6166666666666666, "balanced_accuracy": 0.6075, "f1_score": 0.687520982831913, "auroc": 0.6331400000000001}, "20": {"accuracy": 0.6173333333333333, "balanced_accuracy": 0.6045, "f1_score": 0.6913868935311018, "auroc": 0.64672}}}