{"subject_id": "S22", "k_shots": {"5": {"accuracy": 0.6639999999999999, "balanced_accuracy": 0.5976190476190476, "f1_score": 0.736974682384359, "auroc": 0.5988095238095238}, "10": {"accuracy": 0.5913043478260869, "balanced_accuracy": 0.5552631578947369, "f1_score": 0.6996287800392464, "auroc": 0.6157894736842104}, "20": {"accuracy": 0.6388888888888888, "balanced_accuracy": 0.5714285714285714, "f1_score": 0.739017094017094, "auroc": 0.557142857142857}}}