{"subject_id": "S06", "k_shots": {"5": {"accuracy": 0.6027777777777777, "balanced_accuracy": 0.56125, "f1_score": 0.7354205409160305, "auroc": 0.5775}, "10": {"accuracy": 0.6277777777777778, "balanced_accuracy": 0.56325, "f1_score": 0.758426540343078, "auroc": 0.555125}, "20": {"accuracy": 0.6268518518518518, "balanced_accuracy": 0.5685, "f1_score": 0.7567631337853631, "auroc": 0.561875}}}