{"subject_id": "S16", "k_shots": {"5": {"accuracy": 0.636734693877551, "balanced_accuracy": 0.6061382978723404, "f1_score": 0.7191989182394642, "auroc": 0.6477234042553192}, "10": {"accuracy": 0.6292517006802721, "balanced_accuracy": 0.6169893617021276, "f1_score": 0.7045499630826614, "auroc": 0.6606382978723405}, "20": {"accuracy": 0.6328671328671328, "balanced_accuracy": 0.6060172872340426, "f1_score": 0.713976345663682, "auroc": 0.6499113475177305}}}