{"subject_id": "S12", "k_shots": {"5": {"accuracy": 0.615625, "balanced_accuracy": 0.5990338164251208, "f1_score": 0.4431203147114373, "auroc": 0.6560386473429951}, "10": {"accuracy": 0.6114754098360656, "balanced_accuracy": 0.608139534883721, "f1_score": 0.46761561638188276, "auroc": 0.6368217054263565}, "20": {"accuracy": 0.6250000000000001, "balanced_accuracy": 0.6330409356725146, "f1_score": 0.519601851740731, "auroc": 0.6707602339181287}}}