{"subject_id": "S13", "k_shots": {"5": {"accuracy": 0.5814999999999999, "balanced_accuracy": 0.5814999999999999, "f1_score": 0.61290038054136, "auroc": 0.64268}, "10": {"accuracy": 0.5834999999999999, "balanced_accuracy": 0.5835, "f1_score": 0.6113381129016996, "auroc": 0.62095}, "20": {"accuracy": 0.5715, "balanced_accuracy": 0.5715000000000001, "f1_score": 0.5862941812765726, "auroc": 0.6081399999999999}}}