{"subject_id": "S18", "k_shots": {"5": {"accuracy": 0.6054545454545455, "balanced_accuracy": 0.5836672473867596, "f1_score": 0.7010453972274596, "auroc": 0.6033536585365853}, "10": {"accuracy": 0.605607476635514, "balanced_accuracy": 0.5899638336347197, "f1_score": 0.6988933776557735, "auroc": 0.6045207956600361}, "20": {"accuracy": 0.6068627450980392, "balanced_accuracy": 0.598069498069498, "f1_score": 0.6948623715656878, "auroc": 0.6077702702702702}}}