{"subject_id": "S20", "k_shots": {"5": {"accuracy": 0.5558139534883721, "balanced_accuracy": 0.507912087912088, "f1_score": 0.6689053015130747, "auroc": 0.5257142857142858}, "10": {"accuracy": 0.5821428571428571, "balanced_accuracy": 0.5595238095238095, "f1_score": 0.6823417268721091, "auroc": 0.5568405139833711}, "20": {"accuracy": 0.5810126582278481, "balanced_accuracy": 0.5506157635467981, "f1_score": 0.6813849123335839, "auroc": 0.5723316912972085}}}