{"subject_id": "S23", "k_shots": {"5": {"accuracy": 0.5525, "balanced_accuracy": 0.5525, "f1_score": 0.6032185038161118, "auroc": 0.57547}, "10": {"accuracy": 0.5674999999999999, "balanced_accuracy": 0.5675, "f1_score": 0.6033270407579712, "auroc": 0.58104}, "20": {"accuracy": 0.5987096774193548, "balanced_accuracy": 0.5650454545454545, "f1_score": 0.6858260139808879, "auroc": 0.5792363636363635}}}