{"subject_id": "S17", "k_shots": {"5": {"accuracy": 0.6426666666666666, "balanced_accuracy": 0.6175, "f1_score": 0.720906780809927, "auroc": 0.6720599999999999}, "10": {"accuracy": 0.6699999999999999, "balanced_accuracy": 0.6575000000000001, "f1_score": 0.7368527917722762, "auroc": 0.6980799999999999}, "20": {"accuracy": 0.682, "balanced_accuracy": 0.658, "f1_score": 0.7536635446287103, "auroc": 0.7078}}}