{"subject_id": "S26", "k_shots": {"5": {"accuracy": 0.5432692307692307, "balanced_accuracy": 0.5365556978233036, "f1_score": 0.6216362669503367, "auroc": 0.5536491677336748}, "10": {"accuracy": 0.5245098039215687, "balanced_accuracy": 0.5165349143610014, "f1_score": 0.6046598347489411, "auroc": 0.5414141414141415}, "20": {"accuracy": 0.5402061855670104, "balanced_accuracy": 0.5495501893939394, "f1_score": 0.5985608945536967, "auroc": 0.5726799242424242}}}