{"subject_id": "S12", "k_shots": {"5": {"accuracy": 0.4734375, "balanced_accuracy": 0.576207729468599, "f1_score": 0.4631405898239359, "auroc": 0.6257246376811595}, "10": {"accuracy": 0.5491803278688525, "balanced_accuracy": 0.6124031007751938, "f1_score": 0.4997616942693498, "auroc": 0.6189922480620155}, "20": {"accuracy": 0.5642857142857143, "balanced_accuracy": 0.6029239766081871, "f1_score": 0.505377786276598, "auroc": 0.5903508771929824}}}