{"subject_id": "S20", "k_shots": {"5": {"accuracy": 0.5593023255813955, "balanced_accuracy": 0.5521245421245421, "f1_score": 0.6565651497997373, "auroc": 0.5939194139194139}, "10": {"accuracy": 0.5738095238095238, "balanced_accuracy": 0.6047619047619047, "f1_score": 0.6553571305543697, "auroc": 0.6303099017384731}, "20": {"accuracy": 0.5822784810126581, "balanced_accuracy": 0.5742610837438424, "f1_score": 0.674587598782203, "auroc": 0.6073891625615764}}}