{"subject_id": "S06", "k_shots": {"5": {"accuracy": 0.6425925925925926, "balanced_accuracy": 0.6, "f1_score": 0.7692653953555191, "auroc": 0.61125}, "10": {"accuracy": 0.6509259259259259, "balanced_accuracy": 0.6102500000000001, "f1_score": 0.7767680843749121, "auroc": 0.62975}, "20": {"accuracy": 0.6129629629629629, "balanced_accuracy": 0.6185, "f1_score": 0.7430728849717265, "auroc": 0.646875}}}