{"subject_id": "S21", "k_shots": {"5": {"accuracy": 0.5517241379310345, "balanced_accuracy": 0.6203703703703703, "f1_score": 0.6763938414655881, "auroc": 0.7611111111111112}, "10": {"accuracy": 0.562962962962963, "balanced_accuracy": 0.58, "f1_score": 0.6929008820607767, "auroc": 0.712}, "20": {"accuracy": 0.5272727272727272, "balanced_accuracy": 0.605, "f1_score": 0.6525214510698383, "auroc": 0.775}}}