{"subject_id": "S13", "k_shots": {"5": {"accuracy": 0.6445000000000001, "balanced_accuracy": 0.6445000000000001, "f1_score": 0.6628099274665462, "auroc": 0.6886749999999999}, "10": {"accuracy": 0.636, "balanced_accuracy": 0.636, "f1_score": 0.6567917944862082, "auroc": 0.69639}, "20": {"accuracy": 0.6399999999999999, "balanced_accuracy": 0.6399999999999999, "f1_score": 0.6648091622105091, "auroc": 0.692505}}}