{"subject_id": "S07", "k_shots": {"5": {"accuracy": 0.43063063063063056, "balanced_accuracy": 0.5599747474747475, "f1_score": 0.5205321654410228, "auroc": 0.6091750841750841}, "10": {"accuracy": 0.4798165137614679, "balanced_accuracy": 0.5397766323024055, "f1_score": 0.6000054903482598, "auroc": 0.6048109965635738}, "20": {"accuracy": 0.4749999999999999, "balanced_accuracy": 0.5184782608695653, "f1_score": 0.5992930045987304, "auroc": 0.5665760869565217}}}