{"subject_id": "S11", "k_shots": {"5": {"accuracy": 0.6095, "balanced_accuracy": 0.6095, "f1_score": 0.6307533234030412, "auroc": 0.67553}, "10": {"accuracy": 0.619205298013245, "balanced_accuracy": 0.6101764705882353, "f1_score": 0.6871275009517879, "auroc": 0.6743529411764706}, "20": {"accuracy": 0.6072847682119205, "balanced_accuracy": 0.5987745098039214, "f1_score": 0.6767848343703593, "auroc": 0.6675490196078433}}}