{"subject_id": "S26", "k_shots": {"5": {"accuracy": 0.5182692307692307, "balanced_accuracy": 0.5093256508749466, "f1_score": 0.601727732348492, "auroc": 0.5107127614169868}, "10": {"accuracy": 0.5068627450980392, "balanced_accuracy": 0.4979578392621871, "f1_score": 0.5874509879217289, "auroc": 0.49490557751427317}, "20": {"accuracy": 0.5030927835051546, "balanced_accuracy": 0.500875946969697, "f1_score": 0.5718849083994335, "auroc": 0.5166666666666667}}}