{"subject_id": "S11", "k_shots": {"5": {"accuracy": 0.5665, "balanced_accuracy": 0.5665, "f1_score": 0.5266590971800497, "auroc": 0.5964700000000002}, "10": {"accuracy": 0.6125827814569538, "balanced_accuracy": 0.5902843137254903, "f1_score": 0.6917675074945073, "auroc": 0.6328823529411765}, "20": {"accuracy": 0.5754966887417218, "balanced_accuracy": 0.5521960784313726, "f1_score": 0.6598914368742198, "auroc": 0.608921568627451}}}