{"subject_id": "S06", "k_shots": {"5": {"accuracy": 0.6074074074074074, "balanced_accuracy": 0.50625, "f1_score": 0.7455617354077189, "auroc": 0.529875}, "10": {"accuracy": 0.5537037037037037, "balanced_accuracy": 0.5405000000000001, "f1_score": 0.695107439301232, "auroc": 0.57}, "20": {"accuracy": 0.5601851851851852, "balanced_accuracy": 0.5325, "f1_score": 0.7026427711286206, "auroc": 0.53125}}}