{"subject_id": "S17", "k_shots": {"5": {"accuracy": 0.6046666666666668, "balanced_accuracy": 0.5994999999999999, "f1_score": 0.6714594228197579, "auroc": 0.65126}, "10": {"accuracy": 0.624, "balanced_accuracy": 0.611, "f1_score": 0.6946208637813478, "auroc": 0.6708400000000001}, "20": {"accuracy": 0.6220000000000001, "balanced_accuracy": 0.611, "f1_score": 0.6938344628637764, "auroc": 0.658}}}