{"subject_id": "S22", "k_shots": {"5": {"accuracy": 0.64, "balanced_accuracy": 0.6238095238095239, "f1_score": 0.7432368192971603, "auroc": 0.6738095238095237}, "10": {"accuracy": 0.608695652173913, "balanced_accuracy": 0.5657894736842105, "f1_score": 0.7191103837179156, "auroc": 0.581578947368421}, "20": {"accuracy": 0.5555555555555556, "balanced_accuracy": 0.5357142857142857, "f1_score": 0.6599385107645978, "auroc": 0.5446428571428571}}}