{"subject_id": "S16", "k_shots": {"5": {"accuracy": 0.5523809523809524, "balanced_accuracy": 0.5182021276595745, "f1_score": 0.6483641367202575, "auroc": 0.5463404255319149}, "10": {"accuracy": 0.5034013605442177, "balanced_accuracy": 0.49968085106382987, "f1_score": 0.5783256475849896, "auroc": 0.5174042553191489}, "20": {"accuracy": 0.5244755244755244, "balanced_accuracy": 0.5160571808510639, "f1_score": 0.6038581611143181, "auroc": 0.5488696808510639}}}