{"subject_id": "S26", "k_shots": {"5": {"accuracy": 0.5740384615384616, "balanced_accuracy": 0.5582799829278703, "f1_score": 0.6491668908822565, "auroc": 0.5524541186513019}, "10": {"accuracy": 0.5892156862745097, "balanced_accuracy": 0.5667325428194994, "f1_score": 0.6696572434962879, "auroc": 0.558498023715415}, "20": {"accuracy": 0.5896907216494844, "balanced_accuracy": 0.5841145833333333, "f1_score": 0.6573893265987513, "auroc": 0.5805871212121211}}}