{"subject_id": "S20", "k_shots": {"5": {"accuracy": 0.5941860465116279, "balanced_accuracy": 0.5623076923076923, "f1_score": 0.6979888478915768, "auroc": 0.5866666666666667}, "10": {"accuracy": 0.6047619047619047, "balanced_accuracy": 0.5634920634920635, "f1_score": 0.7092475178780268, "auroc": 0.5617535903250188}, "20": {"accuracy": 0.6063291139240505, "balanced_accuracy": 0.5541871921182265, "f1_score": 0.712255147027409, "auroc": 0.5490968801313629}}}