{"subject_id": "S21", "k_shots": {"5": {"accuracy": 0.596551724137931, "balanced_accuracy": 0.7370370370370372, "f1_score": 0.7225581977303482, "auroc": 0.7148148148148148}, "10": {"accuracy": 0.5962962962962963, "balanced_accuracy": 0.667, "f1_score": 0.7251224325831008, "auroc": 0.714}, "20": {"accuracy": 0.6, "balanced_accuracy": 0.69, "f1_score": 0.7217884250474382, "auroc": 0.6975}}}