{"subject_id": "S17", "k_shots": {"5": {"accuracy": 0.6493333333333334, "balanced_accuracy": 0.6220000000000001, "f1_score": 0.7273791844979841, "auroc": 0.6611}, "10": {"accuracy": 0.6633333333333333, "balanced_accuracy": 0.6359999999999999, "f1_score": 0.7396806919602132, "auroc": 0.6679599999999999}, "20": {"accuracy": 0.6773333333333333, "balanced_accuracy": 0.6524999999999999, "f1_score": 0.7502452261378298, "auroc": 0.6827399999999999}}}