{"subject_id": "S12", "k_shots": {"5": {"accuracy": 0.5453125, "balanced_accuracy": 0.563647342995169, "f1_score": 0.40597889477126764, "auroc": 0.5669082125603865}, "10": {"accuracy": 0.5508196721311476, "balanced_accuracy": 0.5731912144702842, "f1_score": 0.44979153212401285, "auroc": 0.5568475452196383}, "20": {"accuracy": 0.5625, "balanced_accuracy": 0.5635964912280701, "f1_score": 0.4447792042419148, "auroc": 0.5856725146198831}}}