{"subject_id": "S14", "k_shots": {"5": {"accuracy": 0.5700000000000001, "balanced_accuracy": 0.5700000000000001, "f1_score": 0.5508855685065581, "auroc": 0.60045}, "10": {"accuracy": 0.5815000000000001, "balanced_accuracy": 0.5815000000000001, "f1_score": 0.5722109111973064, "auroc": 0.60003}, "20": {"accuracy": 0.6124999999999999, "balanced_accuracy": 0.6124999999999999, "f1_score": 0.6025711574951538, "auroc": 0.61981}}}