{"subject_id": "S02", "k_shots": {"5": {"accuracy": 0.48139534883720936, "balanced_accuracy": 0.49584312573443007, "f1_score": 0.554455804782235, "auroc": 0.5235017626321974}, "10": {"accuracy": 0.48346456692913387, "balanced_accuracy": 0.48276276276276275, "f1_score": 0.5633139559075456, "auroc": 0.49861861861861867}, "20": {"accuracy": 0.5196721311475411, "balanced_accuracy": 0.5003815580286168, "f1_score": 0.6140388731824049, "auroc": 0.5235612082670905}}}