{"subject_id": "S11", "k_shots": {"5": {"accuracy": 0.631, "balanced_accuracy": 0.631, "f1_score": 0.6463481481586764, "auroc": 0.70403}, "10": {"accuracy": 0.6642384105960265, "balanced_accuracy": 0.6441764705882355, "f1_score": 0.7341490232699173, "auroc": 0.6984313725490195}, "20": {"accuracy": 0.6344370860927153, "balanced_accuracy": 0.6308039215686275, "f1_score": 0.6981921949569534, "auroc": 0.6977254901960784}}}