{"subject_id": "S13", "k_shots": {"5": {"accuracy": 0.5799999999999998, "balanced_accuracy": 0.5799999999999998, "f1_score": 0.5527570683854449, "auroc": 0.62047}, "10": {"accuracy": 0.608, "balanced_accuracy": 0.608, "f1_score": 0.6001186080169064, "auroc": 0.6357700000000001}, "20": {"accuracy": 0.6125, "balanced_accuracy": 0.6125, "f1_score": 0.6146265924329033, "auroc": 0.6319100000000001}}}