{"subject_id": "S20", "k_shots": {"5": {"accuracy": 0.5767441860465117, "balanced_accuracy": 0.5797802197802197, "f1_score": 0.6600277910202619, "auroc": 0.613992673992674}, "10": {"accuracy": 0.5404761904761904, "balanced_accuracy": 0.5317460317460316, "f1_score": 0.6350171727663042, "auroc": 0.5784580498866213}, "20": {"accuracy": 0.5620253164556963, "balanced_accuracy": 0.5619868637110017, "f1_score": 0.6503718131782333, "auroc": 0.5982758620689654}}}