{"subject_id": "S23", "k_shots": {"5": {"accuracy": 0.5325, "balanced_accuracy": 0.5325, "f1_score": 0.5541273784249572, "auroc": 0.58291}, "10": {"accuracy": 0.5405, "balanced_accuracy": 0.5405, "f1_score": 0.5687022593723949, "auroc": 0.57661}, "20": {"accuracy": 0.5696774193548387, "balanced_accuracy": 0.5695454545454546, "f1_score": 0.6289434772885076, "auroc": 0.5930363636363636}}}