{"subject_id": "S21", "k_shots": {"5": {"accuracy": 0.5551724137931033, "balanced_accuracy": 0.5527777777777778, "f1_score": 0.684753445390659, "auroc": 0.5666666666666667}, "10": {"accuracy": 0.5851851851851853, "balanced_accuracy": 0.6380000000000001, "f1_score": 0.7072336350369532, "auroc": 0.636}, "20": {"accuracy": 0.5181818181818182, "balanced_accuracy": 0.6, "f1_score": 0.6444315969121308, "auroc": 0.5900000000000001}}}