{"subject_id": "S07", "k_shots": {"5": {"accuracy": 0.6144144144144144, "balanced_accuracy": 0.5861111111111111, "f1_score": 0.7298931530524396, "auroc": 0.6207912457912459}, "10": {"accuracy": 0.5908256880733945, "balanced_accuracy": 0.5802405498281786, "f1_score": 0.7149446663924859, "auroc": 0.6166666666666667}, "20": {"accuracy": 0.5942307692307691, "balanced_accuracy": 0.5568840579710146, "f1_score": 0.7233278289816176, "auroc": 0.5865036231884058}}}