{"subject_id": "S22", "k_shots": {"5": {"accuracy": 0.6799999999999999, "balanced_accuracy": 0.6577380952380952, "f1_score": 0.7802198009783149, "auroc": 0.7071428571428571}, "10": {"accuracy": 0.682608695652174, "balanced_accuracy": 0.6796052631578948, "f1_score": 0.7739321391451036, "auroc": 0.7657894736842106}, "20": {"accuracy": 0.6944444444444444, "balanced_accuracy": 0.6428571428571428, "f1_score": 0.7881708339969209, "auroc": 0.7446428571428572}}}