{"subject_id": "S18", "k_shots": {"5": {"accuracy": 0.5181818181818182, "balanced_accuracy": 0.5345383275261324, "f1_score": 0.5853906716996939, "auroc": 0.5427700348432055}, "10": {"accuracy": 0.5383177570093458, "balanced_accuracy": 0.5501582278481012, "f1_score": 0.6211350614802164, "auroc": 0.5579113924050633}, "20": {"accuracy": 0.5509803921568628, "balanced_accuracy": 0.5673262548262549, "f1_score": 0.6278580132690318, "auroc": 0.5602799227799228}}}