{"subject_id": "S23", "k_shots": {"5": {"accuracy": 0.5619999999999999, "balanced_accuracy": 0.5619999999999999, "f1_score": 0.6031086564473596, "auroc": 0.5891399999999999}, "10": {"accuracy": 0.5745, "balanced_accuracy": 0.5745000000000001, "f1_score": 0.6034418035015867, "auroc": 0.6013999999999999}, "20": {"accuracy": 0.572258064516129, "balanced_accuracy": 0.5494545454545455, "f1_score": 0.6541567816520126, "auroc": 0.5741454545454545}}}