{"subject_id": "S24", "k_shots": {"5": {"accuracy": 0.5757142857142856, "balanced_accuracy": 0.5979999999999999, "f1_score": 0.6432401586522967, "auroc": 0.6364249999999999}, "10": {"accuracy": 0.6107142857142857, "balanced_accuracy": 0.6014999999999999, "f1_score": 0.6942922179500801, "auroc": 0.643825}, "20": {"accuracy": 0.6235714285714286, "balanced_accuracy": 0.5925, "f1_score": 0.7151419458315089, "auroc": 0.61405}}}