{"subject_id": "S06", "k_shots": {"5": {"accuracy": 0.5740740740740741, "balanced_accuracy": 0.6428571428571428, "f1_score": 0.6349206349206349, "tn": 11, "fp": 3, "fn": 20, "tp": 20, "n_samples": 54, "n_class_0": 14, "n_class_1": 40, "auroc": 0.6589285714285714}, "10": {"accuracy": 0.47058823529411764, "balanced_accuracy": 0.6295454545454545, "f1_score": 0.509090909090909, "tn": 10, "fp": 1, "fn": 26, "tp": 14, "n_samples": 51, "n_class_0": 11, "n_class_1": 40, "auroc": 0.5954545454545453}, "20": {"accuracy": 0.6739130434782609, "balanced_accuracy": 0.6708333333333334, "f1_score": 0.782608695652174, "tn": 4, "fp": 2, "fn": 13, "tp": 27, "n_samples": 46, "n_class_0": 6, "n_class_1": 40, "auroc": 0.6916666666666667}}}