{"subject_id": "S24", "k_shots": {"5": {"accuracy": 0.4625, "balanced_accuracy": 0.46249999999999997, "f1_score": 0.1568627450980392, "tn": 33, "fp": 7, "fn": 36, "tp": 4, "n_samples": 80, "n_class_0": 40, "n_class_1": 40, "auroc": 0.45}, "10": {"accuracy": 0.45, "balanced_accuracy": 0.44999999999999996, "f1_score": 0.5111111111111111, "tn": 13, "fp": 27, "fn": 17, "tp": 23, "n_samples": 80, "n_class_0": 40, "n_class_1": 40, "auroc": 0.5462500000000001}, "20": {"accuracy": 0.5, "balanced_accuracy": 0.5, "f1_score": 0.6, "tn": 10, "fp": 30, "fn": 10, "tp": 30, "n_samples": 80, "n_class_0": 40, "n_class_1": 40, "auroc": 0.49125}}}