{"subject_id": "S22", "k_shots": {"5": {"accuracy": 0.6136363636363636, "balanced_accuracy": 0.6948717948717948, "f1_score": 0.7301587301587301, "tn": 4, "fp": 1, "fn": 16, "tp": 23, "n_samples": 44, "n_class_0": 5, "n_class_1": 39, "auroc": 0.7230769230769231}, "10": {"accuracy": 0.6052631578947368, "balanced_accuracy": 0.7916666666666667, "f1_score": 0.7368421052631579, "tn": 2, "fp": 0, "fn": 15, "tp": 21, "n_samples": 38, "n_class_0": 2, "n_class_1": 36, "auroc": 0.8194444444444444}, "20": {"accuracy": 0.75, "balanced_accuracy": 0.8709677419354839, "f1_score": 0.8518518518518519, "tn": 1, "fp": 0, "fn": 8, "tp": 23, "n_samples": 32, "n_class_0": 1, "n_class_1": 31, "auroc": 0.8709677419354839}}}