{"subject_id": "S07", "k_shots": {"5": {"accuracy": 0.6721311475409836, "balanced_accuracy": 0.7160714285714285, "f1_score": 0.696969696969697, "tn": 18, "fp": 3, "fn": 17, "tp": 23, "n_samples": 61, "n_class_0": 21, "n_class_1": 40, "auroc": 0.7416666666666666}, "10": {"accuracy": 0.5862068965517241, "balanced_accuracy": 0.5777777777777777, "f1_score": 0.6666666666666666, "tn": 10, "fp": 8, "fn": 16, "tp": 24, "n_samples": 58, "n_class_0": 18, "n_class_1": 40, "auroc": 0.6513888888888889}, "20": {"accuracy": 0.8301886792452831, "balanced_accuracy": 0.8096153846153846, "f1_score": 0.8831168831168831, "tn": 10, "fp": 3, "fn": 6, "tp": 34, "n_samples": 53, "n_class_0": 13, "n_class_1": 40, "auroc": 0.7884615384615384}}}