{"subject_id": "S20", "k_shots": {"5": {"accuracy": 0.4936708860759494, "balanced_accuracy": 0.4926282051282051, "f1_score": 0.5348837209302325, "tn": 16, "fp": 23, "fn": 17, "tp": 23, "n_samples": 79, "n_class_0": 39, "n_class_1": 40, "auroc": 0.5006410256410256}, "10": {"accuracy": 0.5263157894736842, "balanced_accuracy": 0.5291666666666667, "f1_score": 0.5135135135135135, "tn": 21, "fp": 15, "fn": 21, "tp": 19, "n_samples": 76, "n_class_0": 36, "n_class_1": 40, "auroc": 0.47430555555555554}, "20": {"accuracy": 0.5492957746478874, "balanced_accuracy": 0.5673387096774194, "f1_score": 0.5151515151515151, "tn": 22, "fp": 9, "fn": 23, "tp": 17, "n_samples": 71, "n_class_0": 31, "n_class_1": 40, "auroc": 0.5540322580645161}}}