{"subject_id": "S26", "k_shots": {"5": {"accuracy": 0.425, "balanced_accuracy": 0.425, "f1_score": 0.5106382978723404, "tn": 10, "fp": 30, "fn": 16, "tp": 24, "n_samples": 80, "n_class_0": 40, "n_class_1": 40, "auroc": 0.46687500000000004}, "10": {"accuracy": 0.425, "balanced_accuracy": 0.42500000000000004, "f1_score": 0.4772727272727273, "tn": 13, "fp": 27, "fn": 19, "tp": 21, "n_samples": 80, "n_class_0": 40, "n_class_1": 40, "auroc": 0.43312500000000004}, "20": {"accuracy": 0.525, "balanced_accuracy": 0.525, "f1_score": 0.5365853658536586, "tn": 20, "fp": 20, "fn": 18, "tp": 22, "n_samples": 80, "n_class_0": 40, "n_class_1": 40, "auroc": 0.48625}}}