{"subject_id": "S13", "k_shots": {"5": {"accuracy": 0.35, "balanced_accuracy": 0.35, "f1_score": 0.44680851063829785, "tn": 7, "fp": 33, "fn": 19, "tp": 21, "n_samples": 80, "n_class_0": 40, "n_class_1": 40, "auroc": 0.35}, "10": {"accuracy": 0.5125, "balanced_accuracy": 0.5125, "f1_score": 0.5185185185185185, "tn": 20, "fp": 20, "fn": 19, "tp": 21, "n_samples": 80, "n_class_0": 40, "n_class_1": 40, "auroc": 0.468125}, "20": {"accuracy": 0.4125, "balanced_accuracy": 0.4125, "f1_score": 0.43373493975903615, "tn": 15, "fp": 25, "fn": 22, "tp": 18, "n_samples": 80, "n_class_0": 40, "n_class_1": 40, "auroc": 0.46375000000000005}}}