{"subject_id": "S16", "k_shots": {"5": {"accuracy": 0.5875, "balanced_accuracy": 0.5875, "f1_score": 0.5714285714285714, "tn": 25, "fp": 15, "fn": 18, "tp": 22, "n_samples": 80, "n_class_0": 40, "n_class_1": 40, "auroc": 0.5443749999999999}, "10": {"accuracy": 0.425, "balanced_accuracy": 0.42500000000000004, "f1_score": 0.34285714285714286, "tn": 22, "fp": 18, "fn": 28, "tp": 12, "n_samples": 80, "n_class_0": 40, "n_class_1": 40, "auroc": 0.4425}, "20": {"accuracy": 0.5, "balanced_accuracy": 0.5, "f1_score": 0.4444444444444444, "tn": 24, "fp": 16, "fn": 24, "tp": 16, "n_samples": 80, "n_class_0": 40, "n_class_1": 40, "auroc": 0.470625}}}