{"subject_id": "S17", "k_shots": {"5": {"accuracy": 0.5, "balanced_accuracy": 0.5, "f1_score": 0.4117647058823529, "tn": 26, "fp": 14, "fn": 26, "tp": 14, "n_samples": 80, "n_class_0": 40, "n_class_1": 40, "auroc": 0.43374999999999997}, "10": {"accuracy": 0.5875, "balanced_accuracy": 0.5875, "f1_score": 0.611764705882353, "tn": 21, "fp": 19, "fn": 14, "tp": 26, "n_samples": 80, "n_class_0": 40, "n_class_1": 40, "auroc": 0.5925}, "20": {"accuracy": 0.5875, "balanced_accuracy": 0.5875, "f1_score": 0.611764705882353, "tn": 21, "fp": 19, "fn": 14, "tp": 26, "n_samples": 80, "n_class_0": 40, "n_class_1": 40, "auroc": 0.575625}}}