{"subject_id": "S21", "k_shots": {"5": {"accuracy": 0.8048780487804879, "balanced_accuracy": 0.9, "f1_score": 0.8888888888888888, "tn": 1, "fp": 0, "fn": 8, "tp": 32, "n_samples": 41, "n_class_0": 1, "n_class_1": 40, "auroc": 0.875}, "10": {"accuracy": 0.975609756097561, "balanced_accuracy": 0.5, "f1_score": 0.9876543209876543, "tn": 0, "fp": 1, "fn": 0, "tp": 40, "n_samples": 41, "n_class_0": 1, "n_class_1": 40, "auroc": 0.95}, "20": {"accuracy": 0.975609756097561, "balanced_accuracy": 0.5, "f1_score": 0.9876543209876543, "tn": 0, "fp": 1, "fn": 0, "tp": 40, "n_samples": 41, "n_class_0": 1, "n_class_1": 40, "auroc": 0.775}}}