{"subject_id": "S11", "k_shots": {"5": {"accuracy": 0.4, "balanced_accuracy": 0.4, "f1_score": 0.5102040816326531, "tn": 7, "fp": 33, "fn": 15, "tp": 25, "n_samples": 80, "n_class_0": 40, "n_class_1": 40, "auroc": 0.36312500000000003}, "10": {"accuracy": 0.6, "balanced_accuracy": 0.6000000000000001, "f1_score": 0.5675675675675675, "tn": 27, "fp": 13, "fn": 19, "tp": 21, "n_samples": 80, "n_class_0": 40, "n_class_1": 40, "auroc": 0.55375}, "20": {"accuracy": 0.4, "balanced_accuracy": 0.4, "f1_score": 0.35135135135135137, "tn": 19, "fp": 21, "fn": 27, "tp": 13, "n_samples": 80, "n_class_0": 40, "n_class_1": 40, "auroc": 0.418125}}}