{"subject_id": "S23", "k_shots": {"5": {"accuracy": 0.6, "balanced_accuracy": 0.6000000000000001, "f1_score": 0.5675675675675675, "tn": 27, "fp": 13, "fn": 19, "tp": 21, "n_samples": 80, "n_class_0": 40, "n_class_1": 40, "auroc": 0.6475}, "10": {"accuracy": 0.5375, "balanced_accuracy": 0.5375, "f1_score": 0.5647058823529412, "tn": 19, "fp": 21, "fn": 16, "tp": 24, "n_samples": 80, "n_class_0": 40, "n_class_1": 40, "auroc": 0.5425}, "20": {"accuracy": 0.575, "balanced_accuracy": 0.575, "f1_score": 0.6382978723404256, "tn": 16, "fp": 24, "fn": 10, "tp": 30, "n_samples": 80, "n_class_0": 40, "n_class_1": 40, "auroc": 0.621875}}}