{"subject_id": "S14", "k_shots": {"5": {"accuracy": 0.525, "balanced_accuracy": 0.525, "f1_score": 0.6274509803921569, "tn": 10, "fp": 30, "fn": 8, "tp": 32, "n_samples": 80, "n_class_0": 40, "n_class_1": 40, "auroc": 0.45562500000000006}, "10": {"accuracy": 0.3875, "balanced_accuracy": 0.3875, "f1_score": 0.3466666666666667, "tn": 18, "fp": 22, "fn": 27, "tp": 13, "n_samples": 80, "n_class_0": 40, "n_class_1": 40, "auroc": 0.379375}, "20": {"accuracy": 0.675, "balanced_accuracy": 0.675, "f1_score": 0.7111111111111111, "tn": 22, "fp": 18, "fn": 8, "tp": 32, "n_samples": 80, "n_class_0": 40, "n_class_1": 40, "auroc": 0.695}}}