{"subject_id": "S02", "k_shots": {"5": {"accuracy": 0.4625, "balanced_accuracy": 0.46249999999999997, "f1_score": 0.39436619718309857, "tn": 23, "fp": 17, "fn": 26, "tp": 14, "n_samples": 80, "n_class_0": 40, "n_class_1": 40, "auroc": 0.46375}, "10": {"accuracy": 0.4875, "balanced_accuracy": 0.4875, "f1_score": 0.3492063492063492, "tn": 28, "fp": 12, "fn": 29, "tp": 11, "n_samples": 80, "n_class_0": 40, "n_class_1": 40, "auroc": 0.52625}, "20": {"accuracy": 0.5625, "balanced_accuracy": 0.5625, "f1_score": 0.6067415730337079, "tn": 18, "fp": 22, "fn": 13, "tp": 27, "n_samples": 80, "n_class_0": 40, "n_class_1": 40, "auroc": 0.53625}}}