{"subject_id": "S18", "k_shots": {"5": {"accuracy": 0.525, "balanced_accuracy": 0.525, "f1_score": 0.5581395348837209, "tn": 18, "fp": 22, "fn": 16, "tp": 24, "n_samples": 80, "n_class_0": 40, "n_class_1": 40, "auroc": 0.48187500000000005}, "10": {"accuracy": 0.55, "balanced_accuracy": 0.55, "f1_score": 0.3793103448275862, "tn": 33, "fp": 7, "fn": 29, "tp": 11, "n_samples": 80, "n_class_0": 40, "n_class_1": 40, "auroc": 0.5275000000000001}, "20": {"accuracy": 0.5375, "balanced_accuracy": 0.5375, "f1_score": 0.5066666666666667, "tn": 24, "fp": 16, "fn": 21, "tp": 19, "n_samples": 80, "n_class_0": 40, "n_class_1": 40, "auroc": 0.515625}}}