{"subject_id": "S12", "k_shots": {"5": {"accuracy": 0.4794520547945205, "balanced_accuracy": 0.5011363636363637, "f1_score": 0.5581395348837209, "tn": 11, "fp": 29, "fn": 9, "tp": 24, "n_samples": 73, "n_class_0": 40, "n_class_1": 33, "auroc": 0.4810606060606061}, "10": {"accuracy": 0.5285714285714286, "balanced_accuracy": 0.5083333333333333, "f1_score": 0.4, "tn": 26, "fp": 14, "fn": 19, "tp": 11, "n_samples": 70, "n_class_0": 40, "n_class_1": 30, "auroc": 0.5641666666666666}, "20": {"accuracy": 0.4307692307692308, "balanced_accuracy": 0.455, "f1_score": 0.4307692307692308, "tn": 14, "fp": 26, "fn": 11, "tp": 14, "n_samples": 65, "n_class_0": 40, "n_class_1": 25, "auroc": 0.473}}}