{"subject_id": "S16", "k_shots": {"5": {"accuracy": 0.5462499999999999, "balanced_accuracy": 0.5462499999999999, "f1_score": 0.5346570765974947, "auroc": 0.574125}, "10": {"accuracy": 0.5700000000000001, "balanced_accuracy": 0.5700000000000001, "f1_score": 0.5554533206931368, "auroc": 0.5979374999999999}, "20": {"accuracy": 0.61, "balanced_accuracy": 0.61, "f1_score": 0.6275353892466604, "auroc": 0.6475625}}}