{"subject_id": "S06", "k_shots": {"5": {"accuracy": 0.6444444444444445, "balanced_accuracy": 0.5510714285714285, "f1_score": 0.7492725212404211, "auroc": 0.5848214285714286}, "10": {"accuracy": 0.5294117647058824, "balanced_accuracy": 0.5220454545454546, "f1_score": 0.6124341420940781, "auroc": 0.5677272727272727}, "20": {"accuracy": 0.6152173913043478, "balanced_accuracy": 0.5945833333333332, "f1_score": 0.7334379319780086, "auroc": 0.6329166666666667}}}