{"subject_id": "S17", "k_shots": {"5": {"accuracy": 0.6874999999999999, "balanced_accuracy": 0.6874999999999999, "f1_score": 0.6690779241628098, "auroc": 0.7412500000000001}, "10": {"accuracy": 0.755, "balanced_accuracy": 0.755, "f1_score": 0.7304124161555838, "auroc": 0.8135}, "20": {"accuracy": 0.7775, "balanced_accuracy": 0.7775, "f1_score": 0.7800478047569508, "auroc": 0.8542500000000001}}}