{"subject_id": "S24", "k_shots": {"5": {"accuracy": 0.5712499999999998, "balanced_accuracy": 0.5712499999999998, "f1_score": 0.5386936940547116, "auroc": 0.6061875}, "10": {"accuracy": 0.6174999999999999, "balanced_accuracy": 0.6174999999999999, "f1_score": 0.6386708900792748, "auroc": 0.6733125}, "20": {"accuracy": 0.6224999999999999, "balanced_accuracy": 0.6224999999999999, "f1_score": 0.6165543005635266, "auroc": 0.6715625}}}