{"subject_id": "S14", "k_shots": {"5": {"accuracy": 0.57125, "balanced_accuracy": 0.57125, "f1_score": 0.5578559890174379, "auroc": 0.59225}, "10": {"accuracy": 0.6487499999999999, "balanced_accuracy": 0.6487499999999999, "f1_score": 0.6375451634115589, "auroc": 0.7227500000000001}, "20": {"accuracy": 0.6712499999999999, "balanced_accuracy": 0.67125, "f1_score": 0.6726993904331618, "auroc": 0.7623125}}}