{"subject_id": "S07", "k_shots": {"5": {"accuracy": 0.7983606557377049, "balanced_accuracy": 0.7829166666666667, "f1_score": 0.8420066041965631, "auroc": 0.8735714285714286}, "10": {"accuracy": 0.803448275862069, "balanced_accuracy": 0.8147222222222222, "f1_score": 0.8430488785008908, "auroc": 0.8702777777777777}, "20": {"accuracy": 0.8037735849056604, "balanced_accuracy": 0.8128846153846153, "f1_score": 0.8586419865067063, "auroc": 0.8826923076923077}}}