{"subject_id": "S21", "k_shots": {"5": {"accuracy": 0.797560975609756, "balanced_accuracy": 0.79875, "f1_score": 0.8759323390760585, "auroc": 0.9824999999999999}, "10": {"accuracy": 0.9487804878048781, "balanced_accuracy": 0.8275, "f1_score": 0.9728455698075951, "auroc": 0.9875}, "20": {"accuracy": 0.9658536585365856, "balanced_accuracy": 0.8850000000000001, "f1_score": 0.9821449842546889, "auroc": 0.985}}}