{"subject_id": "S20", "k_shots": {"5": {"accuracy": 0.5556962025316455, "balanced_accuracy": 0.555897435897436, "f1_score": 0.5217510506306067, "auroc": 0.5812820512820512}, "10": {"accuracy": 0.5907894736842104, "balanced_accuracy": 0.5873611111111111, "f1_score": 0.6162434205071885, "auroc": 0.6107638888888889}, "20": {"accuracy": 0.6014084507042254, "balanced_accuracy": 0.6041532258064516, "f1_score": 0.6174101214015184, "auroc": 0.6429838709677419}}}