{"subject_id": "S02", "k_shots": {"5": {"accuracy": 0.7137499999999999, "balanced_accuracy": 0.7137499999999999, "f1_score": 0.7165466387285446, "auroc": 0.78125}, "10": {"accuracy": 0.7187499999999999, "balanced_accuracy": 0.71875, "f1_score": 0.7245841221450442, "auroc": 0.7908125000000001}, "20": {"accuracy": 0.7262500000000001, "balanced_accuracy": 0.72625, "f1_score": 0.7257287269743161, "auroc": 0.8025624999999998}}}