{"subject_id": "S11", "k_shots": {"5": {"accuracy": 0.555, "balanced_accuracy": 0.555, "f1_score": 0.5746735644085728, "auroc": 0.5771875}, "10": {"accuracy": 0.5787500000000001, "balanced_accuracy": 0.57875, "f1_score": 0.5653923329592876, "auroc": 0.6438125}, "20": {"accuracy": 0.6012500000000001, "balanced_accuracy": 0.6012500000000001, "f1_score": 0.5941427039724654, "auroc": 0.6503750000000001}}}