{"subject_id": "S12", "k_shots": {"5": {"accuracy": 0.5534246575342465, "balanced_accuracy": 0.5569696969696969, "f1_score": 0.5403609463658918, "auroc": 0.5830303030303031}, "10": {"accuracy": 0.5828571428571427, "balanced_accuracy": 0.5804166666666667, "f1_score": 0.5334924460816188, "auroc": 0.6281666666666668}, "20": {"accuracy": 0.5815384615384614, "balanced_accuracy": 0.59175, "f1_score": 0.5384219754041519, "auroc": 0.6227}}}