{"subject_id": "S22", "k_shots": {"5": {"accuracy": 0.5477272727272726, "balanced_accuracy": 0.49205128205128207, "f1_score": 0.6586868616811852, "auroc": 0.5107692307692309}, "10": {"accuracy": 0.6710526315789475, "balanced_accuracy": 0.6138888888888889, "f1_score": 0.7893380619720719, "auroc": 0.6027777777777779}, "20": {"accuracy": 0.74375, "balanced_accuracy": 0.48064516129032253, "f1_score": 0.8488574198298983, "auroc": 0.3516129032258064}}}