{"subject_id": "S23", "k_shots": {"5": {"accuracy": 0.49749999999999994, "balanced_accuracy": 0.49749999999999994, "f1_score": 0.4873639578180029, "auroc": 0.5191250000000001}, "10": {"accuracy": 0.5525, "balanced_accuracy": 0.5525, "f1_score": 0.5455465507881134, "auroc": 0.5885}, "20": {"accuracy": 0.61, "balanced_accuracy": 0.61, "f1_score": 0.6062569258263759, "auroc": 0.6641875}}}