{"subject_id": "S13", "k_shots": {"5": {"accuracy": 0.51875, "balanced_accuracy": 0.51875, "f1_score": 0.5430606125321797, "auroc": 0.5244375}, "10": {"accuracy": 0.5612499999999999, "balanced_accuracy": 0.5612499999999999, "f1_score": 0.592827074679579, "auroc": 0.5889374999999999}, "20": {"accuracy": 0.55, "balanced_accuracy": 0.55, "f1_score": 0.5304418773535382, "auroc": 0.5995}}}