{"subject_id": "S26", "k_shots": {"5": {"accuracy": 0.5337500000000001, "balanced_accuracy": 0.5337500000000001, "f1_score": 0.4552420565953469, "auroc": 0.545875}, "10": {"accuracy": 0.49124999999999996, "balanced_accuracy": 0.49124999999999996, "f1_score": 0.46739880655341637, "auroc": 0.496}, "20": {"accuracy": 0.48250000000000004, "balanced_accuracy": 0.48250000000000004, "f1_score": 0.4483526016644216, "auroc": 0.48531250000000004}}}