{"subject_id": "S13", "zero_shot": {"accuracy": 0.5971731448763251, "balanced_accuracy": 0.5962940765158325, "f1_score": 0.6779661016949152, "tn": 49, "fp": 92, "fn": 22, "tp": 120, "n_samples": 283, "n_class_0": 141, "n_class_1": 142, "auroc": 0.6506842473279393}, "k_shots": {"5": {"accuracy": 0.6090000000000001, "balanced_accuracy": 0.6090000000000001, "f1_score": 0.6452773527048468, "auroc": 0.65622}, "10": {"accuracy": 0.6125, "balanced_accuracy": 0.6125, "f1_score": 0.630718447317044, "auroc": 0.6508499999999999}, "20": {"accuracy": 0.617, "balanced_accuracy": 0.6170000000000001, "f1_score": 0.6317626719975178, "auroc": 0.65226}}}