{"subject_id": "S07", "zero_shot": {"accuracy": 0.8284313725490197, "balanced_accuracy": 0.6186644246937305, "f1_score": 0.9019607843137255, "tn": 8, "fp": 15, "fn": 20, "tp": 161, "n_samples": 204, "n_class_0": 23, "n_class_1": 181, "auroc": 0.6620225798702859}, "k_shots": {"5": {"accuracy": 0.49099099099099097, "balanced_accuracy": 0.5974747474747476, "f1_score": 0.6107379368720098, "auroc": 0.6617003367003367}, "10": {"accuracy": 0.5724770642201835, "balanced_accuracy": 0.606443298969072, "f1_score": 0.699217815111563, "auroc": 0.6743127147766323}, "20": {"accuracy": 0.6519230769230769, "balanced_accuracy": 0.6003623188405797, "f1_score": 0.7649009579772568, "auroc": 0.6697463768115941}}}