{"subject_id": "S17", "zero_shot": {"accuracy": 0.698961937716263, "balanced_accuracy": 0.6474074074074074, "f1_score": 0.779746835443038, "tn": 48, "fp": 52, "fn": 35, "tp": 154, "n_samples": 289, "n_class_0": 100, "n_class_1": 189, "auroc": 0.6688888888888889}, "k_shots": {"5": {"accuracy": 0.5466666666666666, "balanced_accuracy": 0.5935, "f1_score": 0.5665294686583706, "auroc": 0.6771800000000001}, "10": {"accuracy": 0.5913333333333334, "balanced_accuracy": 0.6065, "f1_score": 0.6390241744544246, "auroc": 0.6763600000000001}, "20": {"accuracy": 0.6040000000000001, "balanced_accuracy": 0.623, "f1_score": 0.6533667302707395, "auroc": 0.6856199999999999}}}