{"subject_id": "S06", "zero_shot": {"accuracy": 0.7178571428571429, "balanced_accuracy": 0.5274621212121212, "f1_score": 0.832271762208068, "tn": 5, "fp": 11, "fn": 68, "tp": 196, "n_samples": 280, "n_class_0": 16, "n_class_1": 264, "auroc": 0.5755208333333333}, "k_shots": {"5": {"accuracy": 0.5148148148148148, "balanced_accuracy": 0.554, "f1_score": 0.6540717235959821, "auroc": 0.57475}, "10": {"accuracy": 0.5731481481481481, "balanced_accuracy": 0.54525, "f1_score": 0.7076796284752113, "auroc": 0.542625}, "20": {"accuracy": 0.625, "balanced_accuracy": 0.5617500000000001, "f1_score": 0.7530718061649548, "auroc": 0.5727499999999999}}}