{"subject_id": "S24", "zero_shot": {"accuracy": 0.7073170731707317, "balanced_accuracy": 0.5670289855072463, "f1_score": 0.8133333333333334, "tn": 20, "fp": 60, "fn": 24, "tp": 183, "n_samples": 287, "n_class_0": 80, "n_class_1": 207, "auroc": 0.6861714975845411}, "k_shots": {"5": {"accuracy": 0.5507142857142857, "balanced_accuracy": 0.6210000000000001, "f1_score": 0.5801580068219885, "auroc": 0.6934}, "10": {"accuracy": 0.5771428571428572, "balanced_accuracy": 0.6155, "f1_score": 0.6335677515026089, "auroc": 0.6683}, "20": {"accuracy": 0.6028571428571429, "balanced_accuracy": 0.6244999999999999, "f1_score": 0.6674660250560394, "auroc": 0.6865499999999999}}}