{"subject_id": "S12", "zero_shot": {"accuracy": 0.4948453608247423, "balanced_accuracy": 0.5923963133640553, "f1_score": 0.5739130434782609, "tn": 15, "fp": 47, "fn": 2, "tp": 33, "n_samples": 97, "n_class_0": 62, "n_class_1": 35, "auroc": 0.56036866359447}, "k_shots": {"5": {"accuracy": 0.4515625, "balanced_accuracy": 0.5390096618357487, "f1_score": 0.4270274024450078, "auroc": 0.5415458937198067}, "10": {"accuracy": 0.48196721311475405, "balanced_accuracy": 0.5372739018087855, "f1_score": 0.4321188956531552, "auroc": 0.560594315245478}, "20": {"accuracy": 0.5375, "balanced_accuracy": 0.5539473684210525, "f1_score": 0.45431997857330514, "auroc": 0.5782163742690059}}}