{"subject_id": "S23", "zero_shot": {"accuracy": 0.5953947368421053, "balanced_accuracy": 0.5308633262761703, "f1_score": 0.7064439140811456, "tn": 33, "fp": 76, "fn": 47, "tp": 148, "n_samples": 304, "n_class_0": 109, "n_class_1": 195, "auroc": 0.5545048223947306}, "k_shots": {"5": {"accuracy": 0.5325, "balanced_accuracy": 0.5325, "f1_score": 0.5661485988303251, "auroc": 0.55799}, "10": {"accuracy": 0.54, "balanced_accuracy": 0.54, "f1_score": 0.5647660704801389, "auroc": 0.55991}, "20": {"accuracy": 0.5761290322580646, "balanced_accuracy": 0.5459090909090909, "f1_score": 0.6625922395968724, "auroc": 0.5584545454545455}}}