{"subject_id": "S12", "zero_shot": {"accuracy": 0.5257731958762887, "balanced_accuracy": 0.591705069124424, "f1_score": 0.5576923076923077, "tn": 22, "fp": 40, "fn": 6, "tp": 29, "n_samples": 97, "n_class_0": 62, "n_class_1": 35, "auroc": 0.5571428571428572}, "k_shots": {"5": {"accuracy": 0.5203125, "balanced_accuracy": 0.5631642512077295, "f1_score": 0.4330251478614134, "auroc": 0.5438405797101449}, "10": {"accuracy": 0.5016393442622951, "balanced_accuracy": 0.5512273901808786, "f1_score": 0.44322560958559276, "auroc": 0.5456072351421188}, "20": {"accuracy": 0.5232142857142856, "balanced_accuracy": 0.5492690058479531, "f1_score": 0.4559876489602933, "auroc": 0.5635964912280702}}}