{"subject_id": "S26", "zero_shot": {"accuracy": 0.5540540540540541, "balanced_accuracy": 0.5490268767377201, "f1_score": 0.5975609756097561, "tn": 33, "fp": 32, "fn": 34, "tp": 49, "n_samples": 148, "n_class_0": 65, "n_class_1": 83, "auroc": 0.5412418906394809}, "k_shots": {"5": {"accuracy": 0.4875, "balanced_accuracy": 0.5176056338028168, "f1_score": 0.5346455208108776, "auroc": 0.5314127187366624}, "10": {"accuracy": 0.5666666666666667, "balanced_accuracy": 0.5635046113306983, "f1_score": 0.6377291784884965, "auroc": 0.5509003074220465}, "20": {"accuracy": 0.5350515463917526, "balanced_accuracy": 0.5419744318181817, "f1_score": 0.593319288209961, "auroc": 0.5421401515151516}}}