{"subject_id": "S17", "zero_shot": {"accuracy": 0.6539792387543253, "balanced_accuracy": 0.620079365079365, "f1_score": 0.7340425531914894, "tn": 51, "fp": 49, "fn": 51, "tp": 138, "n_samples": 289, "n_class_0": 100, "n_class_1": 189, "auroc": 0.6517989417989418}, "k_shots": {"5": {"accuracy": 0.65, "balanced_accuracy": 0.6305000000000001, "f1_score": 0.7226320521981765, "auroc": 0.65384}, "10": {"accuracy": 0.6453333333333333, "balanced_accuracy": 0.6210000000000001, "f1_score": 0.7208751699775543, "auroc": 0.6535}, "20": {"accuracy": 0.6346666666666666, "balanced_accuracy": 0.629, "f1_score": 0.7009692134717757, "auroc": 0.6599999999999999}}}