{"subject_id": "S06", "zero_shot": {"accuracy": 0.6607142857142857, "balanced_accuracy": 0.5558712121212122, "f1_score": 0.7893569844789357, "tn": 7, "fp": 9, "fn": 86, "tp": 178, "n_samples": 280, "n_class_0": 16, "n_class_1": 264, "auroc": 0.5793087121212122}, "k_shots": {"5": {"accuracy": 0.6148148148148148, "balanced_accuracy": 0.5735, "f1_score": 0.7461471949498462, "auroc": 0.5748750000000001}, "10": {"accuracy": 0.6027777777777779, "balanced_accuracy": 0.544, "f1_score": 0.7374963558143239, "auroc": 0.55625}, "20": {"accuracy": 0.6018518518518519, "balanced_accuracy": 0.56075, "f1_score": 0.735651133204499, "auroc": 0.56025}}}