{"subject_id": "S21", "zero_shot": {"accuracy": 0.6166666666666667, "balanced_accuracy": 0.7982456140350878, "f1_score": 0.7472527472527473, "tn": 3, "fp": 0, "fn": 23, "tp": 34, "n_samples": 60, "n_class_0": 3, "n_class_1": 57, "auroc": 0.9415204678362573}, "k_shots": {"5": {"accuracy": 0.7344827586206897, "balanced_accuracy": 0.8574074074074074, "f1_score": 0.8240622847250846, "auroc": 0.9314814814814815}, "10": {"accuracy": 0.662962962962963, "balanced_accuracy": 0.818, "f1_score": 0.7717702606535934, "auroc": 0.9119999999999999}, "20": {"accuracy": 0.7272727272727273, "balanced_accuracy": 0.85, "f1_score": 0.8181640980829622, "auroc": 0.9399999999999998}}}