{"subject_id": "S14", "zero_shot": {"accuracy": 0.5591715976331361, "balanced_accuracy": 0.4958546879710582, "f1_score": 0.6781857451403888, "tn": 32, "fp": 92, "fn": 57, "tp": 157, "n_samples": 338, "n_class_0": 124, "n_class_1": 214, "auroc": 0.5598432318359964}, "k_shots": {"5": {"accuracy": 0.543, "balanced_accuracy": 0.543, "f1_score": 0.5224252556537233, "auroc": 0.57191}, "10": {"accuracy": 0.544, "balanced_accuracy": 0.5439999999999999, "f1_score": 0.5555675991925725, "auroc": 0.5707600000000002}, "20": {"accuracy": 0.5245, "balanced_accuracy": 0.5245, "f1_score": 0.5659594710999004, "auroc": 0.55718}}}