{"subject_id": "S24", "zero_shot": {"accuracy": 0.6898954703832753, "balanced_accuracy": 0.5817934782608696, "f1_score": 0.7935034802784223, "tn": 27, "fp": 53, "fn": 36, "tp": 171, "n_samples": 287, "n_class_0": 80, "n_class_1": 207, "auroc": 0.6682367149758455}, "k_shots": {"5": {"accuracy": 0.6342857142857142, "balanced_accuracy": 0.624, "f1_score": 0.7081539454311534, "auroc": 0.6758000000000001}, "10": {"accuracy": 0.6292857142857142, "balanced_accuracy": 0.607, "f1_score": 0.7143976718355336, "auroc": 0.651175}, "20": {"accuracy": 0.627142857142857, "balanced_accuracy": 0.6107500000000001, "f1_score": 0.7105454072714944, "auroc": 0.667}}}