{"subject_id": "S24", "k_shots": {"5": {"accuracy": 0.5725, "balanced_accuracy": 0.5725, "f1_score": 0.5768776718705061, "auroc": 0.6067499999999999}, "10": {"accuracy": 0.5349999999999999, "balanced_accuracy": 0.5349999999999999, "f1_score": 0.5741025816281053, "auroc": 0.57875}, "20": {"accuracy": 0.56, "balanced_accuracy": 0.56, "f1_score": 0.5802279284808912, "auroc": 0.623}}}