{"subject_id": "S14", "k_shots": {"5": {"accuracy": 0.48500000000000004, "balanced_accuracy": 0.48500000000000004, "f1_score": 0.49702903091060985, "auroc": 0.5035000000000001}, "10": {"accuracy": 0.4725, "balanced_accuracy": 0.4725, "f1_score": 0.46567219753542066, "auroc": 0.47325}, "20": {"accuracy": 0.505, "balanced_accuracy": 0.505, "f1_score": 0.4961205314299053, "auroc": 0.5519999999999999}}}