{"subject_id": "S22", "k_shots": {"5": {"accuracy": 0.516, "balanced_accuracy": 0.5175000000000001, "f1_score": 0.5693280582841139, "auroc": 0.5305}, "10": {"accuracy": 0.5636363636363637, "balanced_accuracy": 0.46749999999999997, "f1_score": 0.6738377192982455, "auroc": 0.3825}, "20": {"accuracy": 0.8619047619047621, "balanced_accuracy": 0.5475, "f1_score": 0.9235355267383507, "auroc": 0.345}}}