{"subject_id": "S07", "k_shots": {"5": {"accuracy": 0.49000000000000005, "balanced_accuracy": 0.49000000000000005, "f1_score": 0.43973041818031244, "auroc": 0.500625}, "10": {"accuracy": 0.5368421052631579, "balanced_accuracy": 0.5330555555555555, "f1_score": 0.5562055971454132, "auroc": 0.5641666666666667}, "20": {"accuracy": 0.5818181818181818, "balanced_accuracy": 0.5405769230769231, "f1_score": 0.6756310529116337, "auroc": 0.5784615384615385}}}