{"subject_id": "S11", "k_shots": {"5": {"accuracy": 0.5625, "balanced_accuracy": 0.5625, "f1_score": 0.5873847487439969, "auroc": 0.5766249999999999}, "10": {"accuracy": 0.5774999999999999, "balanced_accuracy": 0.5775, "f1_score": 0.6161644535193, "auroc": 0.5777500000000002}, "20": {"accuracy": 0.5325, "balanced_accuracy": 0.5325, "f1_score": 0.5063607060177125, "auroc": 0.55425}}}