{"subject_id": "S23", "k_shots": {"5": {"accuracy": 0.5475, "balanced_accuracy": 0.5475, "f1_score": 0.5210860204069107, "auroc": 0.5646249999999999}, "10": {"accuracy": 0.5125, "balanced_accuracy": 0.5125000000000001, "f1_score": 0.574940917645002, "auroc": 0.5277499999999999}, "20": {"accuracy": 0.56, "balanced_accuracy": 0.56, "f1_score": 0.6580079858030169, "auroc": 0.57975}}}