{"subject_id": "S26", "k_shots": {"5": {"accuracy": 0.54, "balanced_accuracy": 0.54, "f1_score": 0.5544125634765715, "auroc": 0.537375}, "10": {"accuracy": 0.55, "balanced_accuracy": 0.55, "f1_score": 0.5775980231333786, "auroc": 0.55175}, "20": {"accuracy": 0.53, "balanced_accuracy": 0.53, "f1_score": 0.6118614257358681, "auroc": 0.54525}}}