{"subject_id": "S16", "k_shots": {"5": {"accuracy": 0.5149999999999999, "balanced_accuracy": 0.5149999999999999, "f1_score": 0.43841758535710945, "auroc": 0.5227499999999999}, "10": {"accuracy": 0.5125, "balanced_accuracy": 0.5125, "f1_score": 0.5236917599300976, "auroc": 0.5265000000000001}, "20": {"accuracy": 0.5375000000000001, "balanced_accuracy": 0.5375000000000001, "f1_score": 0.4749892729104633, "auroc": 0.5655}}}