{"subject_id": "S12", "k_shots": {"5": {"accuracy": 0.5075000000000001, "balanced_accuracy": 0.5075000000000001, "f1_score": 0.39700890795918864, "auroc": 0.47050000000000003}, "10": {"accuracy": 0.5175, "balanced_accuracy": 0.5175, "f1_score": 0.3882363451489757, "auroc": 0.5082500000000001}, "20": {"accuracy": 0.45499999999999996, "balanced_accuracy": 0.45499999999999996, "f1_score": 0.4372690790150867, "auroc": 0.42824999999999996}}}