{"subject_id": "S02", "k_shots": {"5": {"accuracy": 0.5125, "balanced_accuracy": 0.5125, "f1_score": 0.39116418773205275, "auroc": 0.51375}, "10": {"accuracy": 0.5425000000000001, "balanced_accuracy": 0.5425000000000001, "f1_score": 0.5860640700402076, "auroc": 0.61225}, "20": {"accuracy": 0.5700000000000001, "balanced_accuracy": 0.5700000000000001, "f1_score": 0.6535762995869379, "auroc": 0.6345000000000001}}}