{"subject_id": "S17", "k_shots": {"5": {"accuracy": 0.6325000000000001, "balanced_accuracy": 0.6325000000000001, "f1_score": 0.5944743905602045, "auroc": 0.692125}, "10": {"accuracy": 0.6475, "balanced_accuracy": 0.6475, "f1_score": 0.6692270692270692, "auroc": 0.6945}, "20": {"accuracy": 0.5850000000000001, "balanced_accuracy": 0.5850000000000001, "f1_score": 0.5558850180925031, "auroc": 0.6060000000000001}}}