{"subject_id": "S13", "k_shots": {"5": {"accuracy": 0.4774999999999999, "balanced_accuracy": 0.4774999999999999, "f1_score": 0.3609937931960879, "auroc": 0.46724999999999994}, "10": {"accuracy": 0.52, "balanced_accuracy": 0.52, "f1_score": 0.4892983768377352, "auroc": 0.534125}, "20": {"accuracy": 0.5525, "balanced_accuracy": 0.5525, "f1_score": 0.602506147950454, "auroc": 0.554}}}