{"subject_id": "S06", "k_shots": {"5": {"accuracy": 0.5382352941176471, "balanced_accuracy": 0.525, "f1_score": 0.5998097354296072, "auroc": 0.5501785714285714}, "10": {"accuracy": 0.5225806451612904, "balanced_accuracy": 0.5072727272727273, "f1_score": 0.5946060823316731, "auroc": 0.49136363636363634}, "20": {"accuracy": 0.5076923076923077, "balanced_accuracy": 0.47000000000000003, "f1_score": 0.6036781743659225, "auroc": 0.4541666666666666}}}