{"subject_id": "S21", "k_shots": {"5": {"accuracy": 0.6238095238095237, "balanced_accuracy": 0.6125, "f1_score": 0.7344497948845775, "auroc": 0.5599999999999999}, "10": {"accuracy": 0.7714285714285714, "balanced_accuracy": 0.5, "f1_score": 0.8567690911669807, "auroc": 0.52}, "20": {"accuracy": 0.9476190476190476, "balanced_accuracy": 0.64, "f1_score": 0.9725354662453508, "auroc": 0.42749999999999994}}}