{"subject_id": "S18", "k_shots": {"5": {"accuracy": 0.5562130177514792, "balanced_accuracy": 0.558133971291866, "f1_score": 0.6268656716417911, "tn": 31, "fp": 24, "fn": 51, "tp": 63, "n_samples": 169, "n_class_0": 55, "n_class_1": 114, "auroc": 0.5696969696969698}, "10": {"accuracy": 0.5562130177514792, "balanced_accuracy": 0.558133971291866, "f1_score": 0.6268656716417911, "tn": 31, "fp": 24, "fn": 51, "tp": 63, "n_samples": 169, "n_class_0": 55, "n_class_1": 114, "auroc": 0.5696969696969698}, "20": {"accuracy": 0.5562130177514792, "balanced_accuracy": 0.558133971291866, "f1_score": 0.6268656716417911, "tn": 31, "fp": 24, "fn": 51, "tp": 63, "n_samples": 169, "n_class_0": 55, "n_class_1": 114, "auroc": 0.5696969696969698}}}