{"subject_id": "S11", "k_shots": {"5": {"accuracy": 0.6407766990291263, "balanced_accuracy": 0.6125319693094629, "f1_score": 0.7218045112781954, "tn": 54, "fp": 48, "fn": 63, "tp": 144, "n_samples": 309, "n_class_0": 102, "n_class_1": 207, "auroc": 0.6414227526759496}, "10": {"accuracy": 0.6407766990291263, "balanced_accuracy": 0.6125319693094629, "f1_score": 0.7218045112781954, "tn": 54, "fp": 48, "fn": 63, "tp": 144, "n_samples": 309, "n_class_0": 102, "n_class_1": 207, "auroc": 0.6414227526759496}, "20": {"accuracy": 0.6407766990291263, "balanced_accuracy": 0.6125319693094629, "f1_score": 0.7218045112781954, "tn": 54, "fp": 48, "fn": 63, "tp": 144, "n_samples": 309, "n_class_0": 102, "n_class_1": 207, "auroc": 0.6414227526759496}}}