{"subject_id": "S16", "k_shots": {"5": {"accuracy": 0.5480769230769231, "balanced_accuracy": 0.49206349206349204, "f1_score": 0.7006369426751592, "tn": 4, "fp": 87, "fn": 7, "tp": 110, "n_samples": 208, "n_class_0": 91, "n_class_1": 117, "auroc": 0.5253122945430637}, "10": {"accuracy": 0.5445544554455446, "balanced_accuracy": 0.557615629984051, "f1_score": 0.5306122448979592, "tn": 58, "fp": 30, "fn": 62, "tp": 52, "n_samples": 202, "n_class_0": 88, "n_class_1": 114, "auroc": 0.5680821371610845}, "20": {"accuracy": 0.5572916666666666, "balanced_accuracy": 0.5396816624295346, "f1_score": 0.6320346320346321, "tn": 34, "fp": 49, "fn": 36, "tp": 73, "n_samples": 192, "n_class_0": 83, "n_class_1": 109, "auroc": 0.5121034597104013}}}