{"subject_id": "S24", "k_shots": {"5": {"accuracy": 0.33568904593639576, "balanced_accuracy": 0.5335209505941213, "f1_score": 0.168141592920354, "tn": 76, "fp": 2, "fn": 186, "tp": 19, "n_samples": 283, "n_class_0": 78, "n_class_1": 205, "auroc": 0.4904315196998124}, "10": {"accuracy": 0.45126353790613716, "balanced_accuracy": 0.5566996699669967, "f1_score": 0.4647887323943662, "tn": 59, "fp": 16, "fn": 136, "tp": 66, "n_samples": 277, "n_class_0": 75, "n_class_1": 202, "auroc": 0.5578217821782178}, "20": {"accuracy": 0.4419475655430712, "balanced_accuracy": 0.5343364757070341, "f1_score": 0.4734982332155477, "tn": 51, "fp": 19, "fn": 130, "tp": 67, "n_samples": 267, "n_class_0": 70, "n_class_1": 197, "auroc": 0.5221174764321973}}}