{"subject_id": "S14", "k_shots": {"5": {"accuracy": 0.45209580838323354, "balanced_accuracy": 0.5405583049798948, "f1_score": 0.32967032967032966, "tn": 106, "fp": 16, "fn": 167, "tp": 45, "n_samples": 334, "n_class_0": 122, "n_class_1": 212, "auroc": 0.5429941231054748}, "10": {"accuracy": 0.5457317073170732, "balanced_accuracy": 0.5150778014555104, "f1_score": 0.6374695863746959, "tn": 48, "fp": 71, "fn": 78, "tp": 131, "n_samples": 328, "n_class_0": 119, "n_class_1": 209, "auroc": 0.49157653492018816}, "20": {"accuracy": 0.4968553459119497, "balanced_accuracy": 0.5420536635706914, "f1_score": 0.4936708860759494, "tn": 80, "fp": 34, "fn": 126, "tp": 78, "n_samples": 318, "n_class_0": 114, "n_class_1": 204, "auroc": 0.570562435500516}}}