{"subject_id": "S20", "k_shots": {"5": {"accuracy": 0.6818181818181818, "balanced_accuracy": 0.5359801488833746, "f1_score": 0.7980769230769231, "tn": 7, "fp": 32, "fn": 10, "tp": 83, "n_samples": 132, "n_class_0": 39, "n_class_1": 93, "auroc": 0.5729252826027019}, "10": {"accuracy": 0.49206349206349204, "balanced_accuracy": 0.5361111111111111, "f1_score": 0.5492957746478874, "tn": 23, "fp": 13, "fn": 51, "tp": 39, "n_samples": 126, "n_class_0": 36, "n_class_1": 90, "auroc": 0.6037037037037036}, "20": {"accuracy": 0.49137931034482757, "balanced_accuracy": 0.39677419354838706, "f1_score": 0.6335403726708074, "tn": 6, "fp": 25, "fn": 34, "tp": 51, "n_samples": 116, "n_class_0": 31, "n_class_1": 85, "auroc": 0.34952561669829224}}}