{"subject_id": "S20", "k_shots": {"5": {"accuracy": 0.625, "balanced_accuracy": 0.5721437740693196, "f1_score": 0.7243243243243244, "tn": 18, "fp": 23, "fn": 28, "tp": 67, "n_samples": 136, "n_class_0": 41, "n_class_1": 95, "auroc": 0.6241335044929397}, "10": {"accuracy": 0.625, "balanced_accuracy": 0.5721437740693196, "f1_score": 0.7243243243243244, "tn": 18, "fp": 23, "fn": 28, "tp": 67, "n_samples": 136, "n_class_0": 41, "n_class_1": 95, "auroc": 0.6241335044929397}, "20": {"accuracy": 0.625, "balanced_accuracy": 0.5721437740693196, "f1_score": 0.7243243243243244, "tn": 18, "fp": 23, "fn": 28, "tp": 67, "n_samples": 136, "n_class_0": 41, "n_class_1": 95, "auroc": 0.6241335044929397}}}