{"subject_id": "S17", "k_shots": {"5": {"accuracy": 0.6262975778546713, "balanced_accuracy": 0.5871428571428572, "f1_score": 0.7142857142857143, "tn": 46, "fp": 54, "fn": 54, "tp": 135, "n_samples": 289, "n_class_0": 100, "n_class_1": 189, "auroc": 0.647989417989418}, "10": {"accuracy": 0.6262975778546713, "balanced_accuracy": 0.5871428571428572, "f1_score": 0.7142857142857143, "tn": 46, "fp": 54, "fn": 54, "tp": 135, "n_samples": 289, "n_class_0": 100, "n_class_1": 189, "auroc": 0.647989417989418}, "20": {"accuracy": 0.6262975778546713, "balanced_accuracy": 0.5871428571428572, "f1_score": 0.7142857142857143, "tn": 46, "fp": 54, "fn": 54, "tp": 135, "n_samples": 289, "n_class_0": 100, "n_class_1": 189, "auroc": 0.647989417989418}}}