{"subject_id": "S07", "k_shots": {"5": {"accuracy": 0.7205882352941176, "balanced_accuracy": 0.5768676435263032, "f1_score": 0.8288288288288288, "tn": 9, "fp": 14, "fn": 43, "tp": 138, "n_samples": 204, "n_class_0": 23, "n_class_1": 181, "auroc": 0.6440067259188085}, "10": {"accuracy": 0.7205882352941176, "balanced_accuracy": 0.5768676435263032, "f1_score": 0.8288288288288288, "tn": 9, "fp": 14, "fn": 43, "tp": 138, "n_samples": 204, "n_class_0": 23, "n_class_1": 181, "auroc": 0.6440067259188085}, "20": {"accuracy": 0.7205882352941176, "balanced_accuracy": 0.5768676435263032, "f1_score": 0.8288288288288288, "tn": 9, "fp": 14, "fn": 43, "tp": 138, "n_samples": 204, "n_class_0": 23, "n_class_1": 181, "auroc": 0.6440067259188085}}}