{"subject_id": "S06", "k_shots": {"5": {"accuracy": 0.6321428571428571, "balanced_accuracy": 0.42329545454545453, "f1_score": 0.7716186252771619, "tn": 3, "fp": 13, "fn": 90, "tp": 174, "n_samples": 280, "n_class_0": 16, "n_class_1": 264, "auroc": 0.4879261363636363}, "10": {"accuracy": 0.6321428571428571, "balanced_accuracy": 0.42329545454545453, "f1_score": 0.7716186252771619, "tn": 3, "fp": 13, "fn": 90, "tp": 174, "n_samples": 280, "n_class_0": 16, "n_class_1": 264, "auroc": 0.4879261363636363}, "20": {"accuracy": 0.6321428571428571, "balanced_accuracy": 0.42329545454545453, "f1_score": 0.7716186252771619, "tn": 3, "fp": 13, "fn": 90, "tp": 174, "n_samples": 280, "n_class_0": 16, "n_class_1": 264, "auroc": 0.4879261363636363}}}