{"subject_id": "S06", "k_shots": {"5": {"accuracy": 0.7427536231884058, "balanced_accuracy": 0.5940567066521265, "f1_score": 0.8486140724946695, "tn": 6, "fp": 8, "fn": 63, "tp": 199, "n_samples": 276, "n_class_0": 14, "n_class_1": 262, "auroc": 0.5771537622682662}, "10": {"accuracy": 0.5370370370370371, "balanced_accuracy": 0.4104949104949105, "f1_score": 0.6943765281173594, "tn": 3, "fp": 8, "fn": 117, "tp": 142, "n_samples": 270, "n_class_0": 11, "n_class_1": 259, "auroc": 0.47946647946647947}, "20": {"accuracy": 0.5230769230769231, "balanced_accuracy": 0.4304461942257217, "f1_score": 0.6836734693877551, "tn": 2, "fp": 4, "fn": 120, "tp": 134, "n_samples": 260, "n_class_0": 6, "n_class_1": 254, "auroc": 0.45472440944881887}}}