{"subject_id": "S22", "k_shots": {"5": {"accuracy": 0.29545454545454547, "balanced_accuracy": 0.6025641025641025, "f1_score": 0.3404255319148936, "tn": 5, "fp": 0, "fn": 31, "tp": 8, "n_samples": 44, "n_class_0": 5, "n_class_1": 39, "auroc": 0.6153846153846154}, "10": {"accuracy": 0.7105263157894737, "balanced_accuracy": 0.8472222222222222, "f1_score": 0.819672131147541, "tn": 2, "fp": 0, "fn": 11, "tp": 25, "n_samples": 38, "n_class_0": 2, "n_class_1": 36, "auroc": 0.7222222222222222}, "20": {"accuracy": 0.6451612903225806, "balanced_accuracy": 0.6451612903225806, "f1_score": 0.7843137254901961, "tn": 0, "fp": 0, "fn": 11, "tp": 20, "n_samples": 31, "n_class_0": 0, "n_class_1": 31, "auroc": NaN}}}