{"subject_id": "S14", "k_shots": {"5": {"accuracy": 0.6183431952662722, "balanced_accuracy": 0.5714124208622249, "f1_score": 0.7126948775055679, "tn": 49, "fp": 75, "fn": 54, "tp": 160, "n_samples": 338, "n_class_0": 124, "n_class_1": 214, "auroc": 0.6009195055773289}, "10": {"accuracy": 0.6183431952662722, "balanced_accuracy": 0.5714124208622249, "f1_score": 0.7126948775055679, "tn": 49, "fp": 75, "fn": 54, "tp": 160, "n_samples": 338, "n_class_0": 124, "n_class_1": 214, "auroc": 0.6009195055773289}, "20": {"accuracy": 0.6183431952662722, "balanced_accuracy": 0.5714124208622249, "f1_score": 0.7126948775055679, "tn": 49, "fp": 75, "fn": 54, "tp": 160, "n_samples": 338, "n_class_0": 124, "n_class_1": 214, "auroc": 0.6009195055773289}}}