{"subject_id": "S21", "k_shots": {"5": {"accuracy": 0.6333333333333333, "balanced_accuracy": 0.6491228070175439, "f1_score": 0.7659574468085106, "tn": 2, "fp": 1, "fn": 21, "tp": 36, "n_samples": 60, "n_class_0": 3, "n_class_1": 57, "auroc": 0.7660818713450293}, "10": {"accuracy": 0.6333333333333333, "balanced_accuracy": 0.6491228070175439, "f1_score": 0.7659574468085106, "tn": 2, "fp": 1, "fn": 21, "tp": 36, "n_samples": 60, "n_class_0": 3, "n_class_1": 57, "auroc": 0.7660818713450293}, "20": {"accuracy": 0.6333333333333333, "balanced_accuracy": 0.6491228070175439, "f1_score": 0.7659574468085106, "tn": 2, "fp": 1, "fn": 21, "tp": 36, "n_samples": 60, "n_class_0": 3, "n_class_1": 57, "auroc": 0.7660818713450293}}}