{"subject_id": "S26", "k_shots": {"5": {"accuracy": 0.5069444444444444, "balanced_accuracy": 0.4929453262786596, "f1_score": 0.5798816568047337, "tn": 24, "fp": 39, "fn": 32, "tp": 49, "n_samples": 144, "n_class_0": 63, "n_class_1": 81, "auroc": 0.5520282186948854}, "10": {"accuracy": 0.47101449275362317, "balanced_accuracy": 0.48012820512820514, "f1_score": 0.46715328467153283, "tn": 33, "fp": 27, "fn": 46, "tp": 32, "n_samples": 138, "n_class_0": 60, "n_class_1": 78, "auroc": 0.4373931623931624}, "20": {"accuracy": 0.53125, "balanced_accuracy": 0.5352428393524284, "f1_score": 0.5522388059701493, "tn": 31, "fp": 24, "fn": 36, "tp": 37, "n_samples": 128, "n_class_0": 55, "n_class_1": 73, "auroc": 0.552428393524284}}}