{"subject_id": "S02", "k_shots": {"5": {"accuracy": 0.5483870967741935, "balanced_accuracy": 0.5215643274853801, "f1_score": 0.6347826086956522, "tn": 29, "fp": 43, "fn": 41, "tp": 73, "n_samples": 186, "n_class_0": 72, "n_class_1": 114, "auroc": 0.5129142300194932}, "10": {"accuracy": 0.5833333333333334, "balanced_accuracy": 0.5442616529573051, "f1_score": 0.6781115879828327, "tn": 26, "fp": 43, "fn": 32, "tp": 79, "n_samples": 180, "n_class_0": 69, "n_class_1": 111, "auroc": 0.5825825825825827}, "20": {"accuracy": 0.5117647058823529, "balanced_accuracy": 0.5094339622641509, "f1_score": 0.5699481865284974, "tn": 32, "fp": 32, "fn": 51, "tp": 55, "n_samples": 170, "n_class_0": 64, "n_class_1": 106, "auroc": 0.49380896226415094}}}