{"subject_id": "S21", "k_shots": {"5": {"accuracy": 0.2857142857142857, "balanced_accuracy": 0.6363636363636364, "f1_score": 0.42857142857142855, "tn": 1, "fp": 0, "fn": 40, "tp": 15, "n_samples": 56, "n_class_0": 1, "n_class_1": 55, "auroc": 0.7090909090909091}, "10": {"accuracy": 0.6923076923076923, "balanced_accuracy": 0.6923076923076923, "f1_score": 0.8181818181818182, "tn": 0, "fp": 0, "fn": 16, "tp": 36, "n_samples": 52, "n_class_0": 0, "n_class_1": 52, "auroc": NaN}, "20": {"accuracy": 0.7872340425531915, "balanced_accuracy": 0.7872340425531915, "f1_score": 0.8809523809523809, "tn": 0, "fp": 0, "fn": 10, "tp": 37, "n_samples": 47, "n_class_0": 0, "n_class_1": 47, "auroc": NaN}}}