{"subject_id": "S23", "k_shots": {"5": {"accuracy": 0.5855263157894737, "balanced_accuracy": 0.537332392378264, "f1_score": 0.6865671641791045, "tn": 40, "fp": 69, "fn": 57, "tp": 138, "n_samples": 304, "n_class_0": 109, "n_class_1": 195, "auroc": 0.5768995530463421}, "10": {"accuracy": 0.5855263157894737, "balanced_accuracy": 0.537332392378264, "f1_score": 0.6865671641791045, "tn": 40, "fp": 69, "fn": 57, "tp": 138, "n_samples": 304, "n_class_0": 109, "n_class_1": 195, "auroc": 0.5768995530463421}, "20": {"accuracy": 0.5855263157894737, "balanced_accuracy": 0.537332392378264, "f1_score": 0.6865671641791045, "tn": 40, "fp": 69, "fn": 57, "tp": 138, "n_samples": 304, "n_class_0": 109, "n_class_1": 195, "auroc": 0.5768995530463421}}}