{"subject_id": "S22", "k_shots": {"5": {"accuracy": 0.625, "balanced_accuracy": 0.5435540069686411, "f1_score": 0.75, "tn": 3, "fp": 4, "fn": 14, "tp": 27, "n_samples": 48, "n_class_0": 7, "n_class_1": 41, "auroc": 0.5017421602787456}, "10": {"accuracy": 0.625, "balanced_accuracy": 0.5435540069686411, "f1_score": 0.75, "tn": 3, "fp": 4, "fn": 14, "tp": 27, "n_samples": 48, "n_class_0": 7, "n_class_1": 41, "auroc": 0.5017421602787456}, "20": {"accuracy": 0.625, "balanced_accuracy": 0.5435540069686411, "f1_score": 0.75, "tn": 3, "fp": 4, "fn": 14, "tp": 27, "n_samples": 48, "n_class_0": 7, "n_class_1": 41, "auroc": 0.5017421602787456}}}