{"subject_id": "S11", "k_shots": {"5": {"accuracy": 0.4426229508196721, "balanced_accuracy": 0.411219512195122, "f1_score": 0.5478723404255319, "tn": 32, "fp": 68, "fn": 102, "tp": 103, "n_samples": 305, "n_class_0": 100, "n_class_1": 205, "auroc": 0.4083414634146341}, "10": {"accuracy": 0.6488294314381271, "balanced_accuracy": 0.5793355108706747, "f1_score": 0.7494033412887828, "tn": 37, "fp": 60, "fn": 45, "tp": 157, "n_samples": 299, "n_class_0": 97, "n_class_1": 202, "auroc": 0.6181484127794222}, "20": {"accuracy": 0.5051903114186851, "balanced_accuracy": 0.4690465680865151, "f1_score": 0.6103542234332425, "tn": 34, "fp": 58, "fn": 85, "tp": 112, "n_samples": 289, "n_class_0": 92, "n_class_1": 197, "auroc": 0.5128007062458618}}}