{"subject_id": "S17", "k_shots": {"5": {"accuracy": 0.5052631578947369, "balanced_accuracy": 0.5841427480082942, "f1_score": 0.4679245283018868, "tn": 82, "fp": 16, "fn": 125, "tp": 62, "n_samples": 285, "n_class_0": 98, "n_class_1": 187, "auroc": 0.6428571428571428}, "10": {"accuracy": 0.4767025089605735, "balanced_accuracy": 0.5116132723112128, "f1_score": 0.5034013605442177, "tn": 59, "fp": 36, "fn": 110, "tp": 74, "n_samples": 279, "n_class_0": 95, "n_class_1": 184, "auroc": 0.5095537757437071}, "20": {"accuracy": 0.5464684014869888, "balanced_accuracy": 0.5708255741775294, "f1_score": 0.5933333333333334, "tn": 58, "fp": 32, "fn": 90, "tp": 89, "n_samples": 269, "n_class_0": 90, "n_class_1": 179, "auroc": 0.5829298572315332}}}