{"subject_id": "S12", "k_shots": {"5": {"accuracy": 0.4639175257731959, "balanced_accuracy": 0.5495391705069124, "f1_score": 0.5357142857142857, "tn": 15, "fp": 47, "fn": 5, "tp": 30, "n_samples": 97, "n_class_0": 62, "n_class_1": 35, "auroc": 0.5497695852534561}, "10": {"accuracy": 0.4639175257731959, "balanced_accuracy": 0.5495391705069124, "f1_score": 0.5357142857142857, "tn": 15, "fp": 47, "fn": 5, "tp": 30, "n_samples": 97, "n_class_0": 62, "n_class_1": 35, "auroc": 0.5497695852534561}, "20": {"accuracy": 0.4639175257731959, "balanced_accuracy": 0.5495391705069124, "f1_score": 0.5357142857142857, "tn": 15, "fp": 47, "fn": 5, "tp": 30, "n_samples": 97, "n_class_0": 62, "n_class_1": 35, "auroc": 0.5497695852534561}}}