{"subject_id": "S26", "k_shots": {"5": {"accuracy": 0.527027027027027, "balanced_accuracy": 0.5215940685820204, "f1_score": 0.573170731707317, "tn": 31, "fp": 34, "fn": 36, "tp": 47, "n_samples": 148, "n_class_0": 65, "n_class_1": 83, "auroc": 0.531047265987025}, "10": {"accuracy": 0.527027027027027, "balanced_accuracy": 0.5215940685820204, "f1_score": 0.573170731707317, "tn": 31, "fp": 34, "fn": 36, "tp": 47, "n_samples": 148, "n_class_0": 65, "n_class_1": 83, "auroc": 0.531047265987025}, "20": {"accuracy": 0.527027027027027, "balanced_accuracy": 0.5215940685820204, "f1_score": 0.573170731707317, "tn": 31, "fp": 34, "fn": 36, "tp": 47, "n_samples": 148, "n_class_0": 65, "n_class_1": 83, "auroc": 0.531047265987025}}}