{"subject_id": "S07", "k_shots": {"5": {"accuracy": 0.34, "balanced_accuracy": 0.5682362330407023, "f1_score": 0.43103448275862066, "tn": 18, "fp": 3, "fn": 129, "tp": 50, "n_samples": 200, "n_class_0": 21, "n_class_1": 179, "auroc": 0.6206437882415536}, "10": {"accuracy": 0.5257731958762887, "balanced_accuracy": 0.48926767676767674, "f1_score": 0.6714285714285714, "tn": 8, "fp": 10, "fn": 82, "tp": 94, "n_samples": 194, "n_class_0": 18, "n_class_1": 176, "auroc": 0.49936868686868685}, "20": {"accuracy": 0.5815217391304348, "balanced_accuracy": 0.5616284300494827, "f1_score": 0.7220216606498195, "tn": 7, "fp": 6, "fn": 71, "tp": 100, "n_samples": 184, "n_class_0": 13, "n_class_1": 171, "auroc": 0.5447593342330185}}}