{"subject_id": "S16", "k_shots": {"5": {"accuracy": 0.5660377358490566, "balanced_accuracy": 0.5394415830848468, "f1_score": 0.6617647058823529, "tn": 30, "fp": 63, "fn": 29, "tp": 90, "n_samples": 212, "n_class_0": 93, "n_class_1": 119, "auroc": 0.5415198337399476}, "10": {"accuracy": 0.5660377358490566, "balanced_accuracy": 0.5394415830848468, "f1_score": 0.6617647058823529, "tn": 30, "fp": 63, "fn": 29, "tp": 90, "n_samples": 212, "n_class_0": 93, "n_class_1": 119, "auroc": 0.5415198337399476}, "20": {"accuracy": 0.5660377358490566, "balanced_accuracy": 0.5394415830848468, "f1_score": 0.6617647058823529, "tn": 30, "fp": 63, "fn": 29, "tp": 90, "n_samples": 212, "n_class_0": 93, "n_class_1": 119, "auroc": 0.5415198337399476}}}