{"subject_id": "S02", "k_shots": {"5": {"accuracy": 0.5526315789473685, "balanced_accuracy": 0.4843895619757689, "f1_score": 0.6840148698884758, "tn": 13, "fp": 61, "fn": 24, "tp": 92, "n_samples": 190, "n_class_0": 74, "n_class_1": 116, "auroc": 0.5445596458527493}, "10": {"accuracy": 0.5526315789473685, "balanced_accuracy": 0.4843895619757689, "f1_score": 0.6840148698884758, "tn": 13, "fp": 61, "fn": 24, "tp": 92, "n_samples": 190, "n_class_0": 74, "n_class_1": 116, "auroc": 0.5445596458527493}, "20": {"accuracy": 0.5526315789473685, "balanced_accuracy": 0.4843895619757689, "f1_score": 0.6840148698884758, "tn": 13, "fp": 61, "fn": 24, "tp": 92, "n_samples": 190, "n_class_0": 74, "n_class_1": 116, "auroc": 0.5445596458527493}}}