{"subject_id": "S23", "k_shots": {"5": {"accuracy": 0.6033333333333334, "balanced_accuracy": 0.50222749503656, "f1_score": 0.734966592427617, "tn": 16, "fp": 91, "fn": 28, "tp": 165, "n_samples": 300, "n_class_0": 107, "n_class_1": 193, "auroc": 0.5125175536293642}, "10": {"accuracy": 0.4557823129251701, "balanced_accuracy": 0.5027834008097166, "f1_score": 0.4482758620689655, "tn": 69, "fp": 35, "fn": 125, "tp": 65, "n_samples": 294, "n_class_0": 104, "n_class_1": 190, "auroc": 0.5146761133603239}, "20": {"accuracy": 0.5633802816901409, "balanced_accuracy": 0.5568659568659569, "f1_score": 0.6331360946745562, "tn": 53, "fp": 46, "fn": 78, "tp": 107, "n_samples": 284, "n_class_0": 99, "n_class_1": 185, "auroc": 0.5800709800709801}}}