{"subject_id": "S24", "k_shots": {"5": {"accuracy": 0.6411149825783972, "balanced_accuracy": 0.5709842995169082, "f1_score": 0.745679012345679, "tn": 33, "fp": 47, "fn": 56, "tp": 151, "n_samples": 287, "n_class_0": 80, "n_class_1": 207, "auroc": 0.6086352657004831}, "10": {"accuracy": 0.6411149825783972, "balanced_accuracy": 0.5709842995169082, "f1_score": 0.745679012345679, "tn": 33, "fp": 47, "fn": 56, "tp": 151, "n_samples": 287, "n_class_0": 80, "n_class_1": 207, "auroc": 0.6086352657004831}, "20": {"accuracy": 0.6411149825783972, "balanced_accuracy": 0.5709842995169082, "f1_score": 0.745679012345679, "tn": 33, "fp": 47, "fn": 56, "tp": 151, "n_samples": 287, "n_class_0": 80, "n_class_1": 207, "auroc": 0.6086352657004831}}}