{"subject_id": "S13", "k_shots": {"5": {"accuracy": 0.6113074204946997, "balanced_accuracy": 0.6109030066926381, "f1_score": 0.6518987341772152, "tn": 70, "fp": 71, "fn": 39, "tp": 103, "n_samples": 283, "n_class_0": 141, "n_class_1": 142, "auroc": 0.6536310058935172}, "10": {"accuracy": 0.6113074204946997, "balanced_accuracy": 0.6109030066926381, "f1_score": 0.6518987341772152, "tn": 70, "fp": 71, "fn": 39, "tp": 103, "n_samples": 283, "n_class_0": 141, "n_class_1": 142, "auroc": 0.6536310058935172}, "20": {"accuracy": 0.6113074204946997, "balanced_accuracy": 0.6109030066926381, "f1_score": 0.6518987341772152, "tn": 70, "fp": 71, "fn": 39, "tp": 103, "n_samples": 283, "n_class_0": 141, "n_class_1": 142, "auroc": 0.6536310058935172}}}