{"subject_id": "S13", "k_shots": {"5": {"accuracy": 0.5770609318996416, "balanced_accuracy": 0.5774922918807811, "f1_score": 0.5203252032520326, "tn": 97, "fp": 42, "fn": 76, "tp": 64, "n_samples": 279, "n_class_0": 139, "n_class_1": 140, "auroc": 0.622507708119219}, "10": {"accuracy": 0.5457875457875457, "balanced_accuracy": 0.5461034778875054, "f1_score": 0.504, "tn": 86, "fp": 50, "fn": 74, "tp": 63, "n_samples": 273, "n_class_0": 136, "n_class_1": 137, "auroc": 0.5483039931300987}, "20": {"accuracy": 0.6197718631178707, "balanced_accuracy": 0.6201422623178348, "f1_score": 0.5798319327731093, "tn": 94, "fp": 37, "fn": 63, "tp": 69, "n_samples": 263, "n_class_0": 131, "n_class_1": 132, "auroc": 0.65058986814712}}}