{"subject_id": "S12", "k_shots": {"5": {"accuracy": 0.3763440860215054, "balanced_accuracy": 0.4825757575757576, "f1_score": 0.49122807017543857, "tn": 7, "fp": 53, "fn": 5, "tp": 28, "n_samples": 93, "n_class_0": 60, "n_class_1": 33, "auroc": 0.41868686868686866}, "10": {"accuracy": 0.4942528735632184, "balanced_accuracy": 0.5114035087719297, "f1_score": 0.4358974358974359, "tn": 26, "fp": 31, "fn": 13, "tp": 17, "n_samples": 87, "n_class_0": 57, "n_class_1": 30, "auroc": 0.4906432748538012}, "20": {"accuracy": 0.6103896103896104, "balanced_accuracy": 0.6180769230769231, "f1_score": 0.5161290322580645, "tn": 31, "fp": 21, "fn": 9, "tp": 16, "n_samples": 77, "n_class_0": 52, "n_class_1": 25, "auroc": 0.5946153846153847}}}