{"subject_id": "S18", "k_shots": {"5": {"accuracy": 0.4, "balanced_accuracy": 0.4536725067385444, "f1_score": 0.40718562874251496, "tn": 32, "fp": 21, "fn": 78, "tp": 34, "n_samples": 165, "n_class_0": 53, "n_class_1": 112, "auroc": 0.49376684636118595}, "10": {"accuracy": 0.5911949685534591, "balanced_accuracy": 0.5340366972477064, "f1_score": 0.6976744186046512, "tn": 19, "fp": 31, "fn": 34, "tp": 75, "n_samples": 159, "n_class_0": 50, "n_class_1": 109, "auroc": 0.5001834862385321}, "20": {"accuracy": 0.5100671140939598, "balanced_accuracy": 0.46623931623931625, "f1_score": 0.6217616580310881, "tn": 16, "fp": 29, "fn": 44, "tp": 60, "n_samples": 149, "n_class_0": 45, "n_class_1": 104, "auroc": 0.4952991452991453}}}