{"subject_id": "S23", "k_shots": {"5": {"accuracy": 0.5125, "balanced_accuracy": 0.5125, "f1_score": 0.48628878912976276, "auroc": 0.5232499999999999}, "10": {"accuracy": 0.565, "balanced_accuracy": 0.565, "f1_score": 0.5609008754660929, "auroc": 0.57175}, "20": {"accuracy": 0.6399999999999999, "balanced_accuracy": 0.64, "f1_score": 0.6439747477915614, "auroc": 0.6597500000000001}}}