{"subject_id": "S26", "k_shots": {"5": {"accuracy": 0.5125000000000001, "balanced_accuracy": 0.5125000000000001, "f1_score": 0.48407205652857827, "auroc": 0.5780000000000001}, "10": {"accuracy": 0.5175, "balanced_accuracy": 0.5175, "f1_score": 0.5005798455112151, "auroc": 0.5384999999999999}, "20": {"accuracy": 0.5675, "balanced_accuracy": 0.5675, "f1_score": 0.5731752659785254, "auroc": 0.58875}}}