{"subject_id": "S17", "k_shots": {"5": {"accuracy": 0.6724999999999999, "balanced_accuracy": 0.6725000000000001, "f1_score": 0.6651844290046219, "auroc": 0.726}, "10": {"accuracy": 0.7025, "balanced_accuracy": 0.7025, "f1_score": 0.700339030841347, "auroc": 0.74}, "20": {"accuracy": 0.7175, "balanced_accuracy": 0.7175, "f1_score": 0.7062679046889573, "auroc": 0.7777499999999999}}}