{"subject_id": "S24", "k_shots": {"5": {"accuracy": 0.5000000000000001, "balanced_accuracy": 0.5000000000000001, "f1_score": 0.5388341707847992, "auroc": 0.5267499999999999}, "10": {"accuracy": 0.5974999999999999, "balanced_accuracy": 0.5975, "f1_score": 0.6027438291095584, "auroc": 0.636}, "20": {"accuracy": 0.6299999999999999, "balanced_accuracy": 0.63, "f1_score": 0.6385622487345403, "auroc": 0.7020000000000001}}}