{"subject_id": "S20", "k_shots": {"5": {"accuracy": 0.5275, "balanced_accuracy": 0.5275, "f1_score": 0.4797161106866989, "auroc": 0.49850000000000005}, "10": {"accuracy": 0.5175, "balanced_accuracy": 0.5175000000000001, "f1_score": 0.5028369011321514, "auroc": 0.5525}, "20": {"accuracy": 0.5149999999999999, "balanced_accuracy": 0.5149999999999999, "f1_score": 0.5439026120574371, "auroc": 0.5107500000000001}}}