{"subject_id": "S06", "k_shots": {"5": {"accuracy": 0.55, "balanced_accuracy": 0.5435714285714286, "f1_score": 0.5936065703800257, "auroc": 0.5478571428571428}, "10": {"accuracy": 0.4838709677419355, "balanced_accuracy": 0.47931818181818187, "f1_score": 0.5444410004701392, "auroc": 0.45}, "20": {"accuracy": 0.523076923076923, "balanced_accuracy": 0.5266666666666666, "f1_score": 0.6214225477610922, "auroc": 0.5375}}}