{"subject_id": "S21", "k_shots": {"5": {"accuracy": 0.4523809523809523, "balanced_accuracy": 0.5700000000000001, "f1_score": 0.5868966467965356, "auroc": 0.5900000000000001}, "10": {"accuracy": 0.6857142857142857, "balanced_accuracy": 0.74, "f1_score": 0.7985287515051408, "auroc": 0.74}, "20": {"accuracy": 0.7047619047619047, "balanced_accuracy": 0.5599999999999999, "f1_score": 0.819734090972481, "auroc": 0.645}}}