{"subject_id": "S02", "k_shots": {"5": {"accuracy": 0.5225000000000001, "balanced_accuracy": 0.5225, "f1_score": 0.5061692987671582, "auroc": 0.53975}, "10": {"accuracy": 0.5675, "balanced_accuracy": 0.5675, "f1_score": 0.5496231910994297, "auroc": 0.6064999999999999}, "20": {"accuracy": 0.5650000000000001, "balanced_accuracy": 0.5650000000000001, "f1_score": 0.5962859362859363, "auroc": 0.6234999999999999}}}