{"subject_id": "S13", "k_shots": {"5": {"accuracy": 0.49000000000000005, "balanced_accuracy": 0.49000000000000005, "f1_score": 0.42923202711904107, "auroc": 0.5137499999999999}, "10": {"accuracy": 0.5399999999999999, "balanced_accuracy": 0.5399999999999999, "f1_score": 0.5421634791744488, "auroc": 0.56}, "20": {"accuracy": 0.52, "balanced_accuracy": 0.52, "f1_score": 0.5324508825975638, "auroc": 0.52325}}}