{"subject_id": "S12", "k_shots": {"5": {"accuracy": 0.5175, "balanced_accuracy": 0.5175000000000001, "f1_score": 0.49782774356130577, "auroc": 0.53125}, "10": {"accuracy": 0.505, "balanced_accuracy": 0.505, "f1_score": 0.5192208617896348, "auroc": 0.5215}, "20": {"accuracy": 0.5549999999999999, "balanced_accuracy": 0.5549999999999999, "f1_score": 0.5818221330648091, "auroc": 0.5805}}}