{"subject_id": "S07", "k_shots": {"5": {"accuracy": 0.5149999999999999, "balanced_accuracy": 0.5149999999999999, "f1_score": 0.47031988436400207, "auroc": 0.49924999999999997}, "10": {"accuracy": 0.5736842105263158, "balanced_accuracy": 0.576388888888889, "f1_score": 0.5527862295096598, "auroc": 0.6050000000000001}, "20": {"accuracy": 0.6151515151515153, "balanced_accuracy": 0.6071153846153846, "f1_score": 0.6677410494226926, "auroc": 0.645}}}