{"subject_id": "S22", "k_shots": {"5": {"accuracy": 0.6, "balanced_accuracy": 0.525, "f1_score": 0.7077391720324255, "auroc": 0.4565}, "10": {"accuracy": 0.5590909090909091, "balanced_accuracy": 0.465, "f1_score": 0.684964938414427, "auroc": 0.44749999999999995}, "20": {"accuracy": 0.5476190476190477, "balanced_accuracy": 0.47750000000000004, "f1_score": 0.68609366913921, "auroc": 0.38500000000000006}}}