{"subject_id": "S16", "k_shots": {"5": {"accuracy": 0.5325000000000001, "balanced_accuracy": 0.5325000000000001, "f1_score": 0.5346680202052454, "auroc": 0.57725}, "10": {"accuracy": 0.5700000000000001, "balanced_accuracy": 0.57, "f1_score": 0.5753293759007867, "auroc": 0.611}, "20": {"accuracy": 0.5725000000000001, "balanced_accuracy": 0.5725000000000001, "f1_score": 0.593755341039914, "auroc": 0.63925}}}