{"subject_id": "S14", "k_shots": {"5": {"accuracy": 0.5175, "balanced_accuracy": 0.5175, "f1_score": 0.5299018642953546, "auroc": 0.5272499999999999}, "10": {"accuracy": 0.5325, "balanced_accuracy": 0.5325, "f1_score": 0.527484730741851, "auroc": 0.5535000000000001}, "20": {"accuracy": 0.5400000000000001, "balanced_accuracy": 0.5400000000000001, "f1_score": 0.5578891047324659, "auroc": 0.5547500000000001}}}