{"subject_id": "S17", "k_shots": {"5": {"accuracy": 0.6586666666666666, "balanced_accuracy": 0.6855000000000001, "f1_score": 0.7010425649556529, "auroc": 0.7458799999999999}, "10": {"accuracy": 0.6806666666666666, "balanced_accuracy": 0.7025, "f1_score": 0.725452522746292, "auroc": 0.7528600000000001}, "20": {"accuracy": 0.7206666666666667, "balanced_accuracy": 0.728, "f1_score": 0.7697122727479069, "auroc": 0.77188}}}