{"subject_id": "S06", "k_shots": {"5": {"accuracy": 0.46388888888888885, "balanced_accuracy": 0.561, "f1_score": 0.6000621492043439, "auroc": 0.598625}, "10": {"accuracy": 0.538888888888889, "balanced_accuracy": 0.5152499999999999, "f1_score": 0.6830049847622152, "auroc": 0.5495}, "20": {"accuracy": 0.6268518518518518, "balanced_accuracy": 0.5857499999999999, "f1_score": 0.7578464110801748, "auroc": 0.6105}}}