{"subject_id": "S07", "k_shots": {"5": {"accuracy": 0.5756756756756756, "balanced_accuracy": 0.5827020202020202, "f1_score": 0.7046244962954359, "auroc": 0.6491582491582492}, "10": {"accuracy": 0.6100917431192661, "balanced_accuracy": 0.6020189003436427, "f1_score": 0.7349724564492346, "auroc": 0.6734536082474227}, "20": {"accuracy": 0.7076923076923076, "balanced_accuracy": 0.613768115942029, "f1_score": 0.8133971545754424, "auroc": 0.6934782608695652}}}