{"subject_id": "S21", "k_shots": {"5": {"accuracy": 0.7206896551724138, "balanced_accuracy": 0.7805555555555556, "f1_score": 0.8196123151959371, "auroc": 0.8833333333333332}, "10": {"accuracy": 0.825925925925926, "balanced_accuracy": 0.791, "f1_score": 0.8961086184200363, "auroc": 0.9099999999999999}, "20": {"accuracy": 0.8136363636363635, "balanced_accuracy": 0.8300000000000001, "f1_score": 0.881634782300417, "auroc": 0.9250000000000002}}}