{"subject_id": "S16", "k_shots": {"5": {"accuracy": 0.5054421768707483, "balanced_accuracy": 0.5632021276595744, "f1_score": 0.5220809595078592, "auroc": 0.5993191489361702}, "10": {"accuracy": 0.5537414965986394, "balanced_accuracy": 0.579531914893617, "f1_score": 0.6020220584551916, "auroc": 0.6257659574468085}, "20": {"accuracy": 0.5776223776223777, "balanced_accuracy": 0.5637854609929078, "f1_score": 0.6557392834345697, "auroc": 0.6040780141843973}}}