{"subject_id": "S12", "k_shots": {"5": {"accuracy": 0.465625, "balanced_accuracy": 0.5792270531400967, "f1_score": 0.46807658103531036, "auroc": 0.6307971014492754}, "10": {"accuracy": 0.5262295081967212, "balanced_accuracy": 0.6155038759689923, "f1_score": 0.5091599013147117, "auroc": 0.6727390180878553}, "20": {"accuracy": 0.5160714285714285, "balanced_accuracy": 0.5644736842105263, "f1_score": 0.4816047319485772, "auroc": 0.6280701754385964}}}