{"subject_id": "S20", "k_shots": {"5": {"accuracy": 0.40813953488372096, "balanced_accuracy": 0.5552747252747252, "f1_score": 0.40056206978994907, "auroc": 0.5664468864468865}, "10": {"accuracy": 0.48571428571428565, "balanced_accuracy": 0.5396825396825398, "f1_score": 0.5531283129929072, "auroc": 0.556235827664399}, "20": {"accuracy": 0.5177215189873418, "balanced_accuracy": 0.5363711001642038, "f1_score": 0.5955064778456528, "auroc": 0.5579638752052544}}}