{"subject_id": "S13", "k_shots": {"5": {"accuracy": 0.6315000000000001, "balanced_accuracy": 0.6315000000000001, "f1_score": 0.6459463140321183, "auroc": 0.6845100000000001}, "10": {"accuracy": 0.619, "balanced_accuracy": 0.619, "f1_score": 0.6392604801306734, "auroc": 0.6753899999999999}, "20": {"accuracy": 0.6455, "balanced_accuracy": 0.6455, "f1_score": 0.6604598589785271, "auroc": 0.69451}}}