{"subject_id": "S26", "k_shots": {"5": {"accuracy": 0.5009615384615385, "balanced_accuracy": 0.5688220230473752, "f1_score": 0.5020025058133691, "auroc": 0.6180537772087068}, "10": {"accuracy": 0.5235294117647058, "balanced_accuracy": 0.5592885375494071, "f1_score": 0.5633783074900603, "auroc": 0.5954325867369346}, "20": {"accuracy": 0.5711340206185567, "balanced_accuracy": 0.5707859848484848, "f1_score": 0.6327305766411009, "auroc": 0.5972537878787879}}}