{"subject_id": "S11", "k_shots": {"5": {"accuracy": 0.6295000000000001, "balanced_accuracy": 0.6295000000000001, "f1_score": 0.6013280571285573, "auroc": 0.70476}, "10": {"accuracy": 0.6132450331125827, "balanced_accuracy": 0.6450686274509804, "f1_score": 0.6508011732626559, "auroc": 0.720607843137255}, "20": {"accuracy": 0.6463576158940396, "balanced_accuracy": 0.6570980392156863, "f1_score": 0.699656173303193, "auroc": 0.7195686274509804}}}