{"subject_id": "S23", "k_shots": {"5": {"accuracy": 0.5625, "balanced_accuracy": 0.5625, "f1_score": 0.5892499526168425, "auroc": 0.59036}, "10": {"accuracy": 0.5685, "balanced_accuracy": 0.5685, "f1_score": 0.5751726239889016, "auroc": 0.6009800000000001}, "20": {"accuracy": 0.5496774193548387, "balanced_accuracy": 0.5503636363636364, "f1_score": 0.6085392299990697, "auroc": 0.5797818181818182}}}