{"subject_id": "S18", "k_shots": {"5": {"accuracy": 0.4445454545454545, "balanced_accuracy": 0.5263066202090592, "f1_score": 0.4871726169573904, "auroc": 0.5633275261324042}, "10": {"accuracy": 0.5233644859813084, "balanced_accuracy": 0.5584764918625679, "f1_score": 0.5955485972922488, "auroc": 0.5674050632911392}, "20": {"accuracy": 0.5666666666666667, "balanced_accuracy": 0.5814671814671813, "f1_score": 0.6462364333879276, "auroc": 0.574469111969112}}}