{"subject_id": "S02", "k_shots": {"5": {"accuracy": 0.4937984496124031, "balanced_accuracy": 0.5756316098707404, "f1_score": 0.5169652128817749, "auroc": 0.5847826086956521}, "10": {"accuracy": 0.49763779527559054, "balanced_accuracy": 0.5365315315315315, "f1_score": 0.5530945732305923, "auroc": 0.5544444444444444}, "20": {"accuracy": 0.5426229508196723, "balanced_accuracy": 0.5664546899841019, "f1_score": 0.6039596080199588, "auroc": 0.5913831478537361}}}