{"subject_id": "S24", "k_shots": {"5": {"accuracy": 0.5271428571428571, "balanced_accuracy": 0.5685, "f1_score": 0.5840507774863988, "auroc": 0.6078499999999999}, "10": {"accuracy": 0.5664285714285714, "balanced_accuracy": 0.5854999999999999, "f1_score": 0.6357086783050284, "auroc": 0.6329}, "20": {"accuracy": 0.6035714285714286, "balanced_accuracy": 0.5882499999999999, "f1_score": 0.6895410089539908, "auroc": 0.635375}}}