{"subject_id": "S22", "k_shots": {"5": {"accuracy": 0.6079999999999999, "balanced_accuracy": 0.5541666666666667, "f1_score": 0.7250841885381558, "auroc": 0.605952380952381}, "10": {"accuracy": 0.6521739130434783, "balanced_accuracy": 0.5526315789473684, "f1_score": 0.7679410474263416, "auroc": 0.6486842105263158}, "20": {"accuracy": 0.6944444444444444, "balanced_accuracy": 0.5892857142857142, "f1_score": 0.7909822721669219, "auroc": 0.6410714285714285}}}