{"subject_id": "S12", "k_shots": {"5": {"accuracy": 0.4383561643835616, "balanced_accuracy": 0.4212121212121212, "f1_score": 0.2807017543859649, "tn": 24, "fp": 16, "fn": 25, "tp": 8, "n_samples": 73, "n_class_0": 40, "n_class_1": 33, "auroc": 0.48484848484848486}, "10": {"accuracy": 0.5285714285714286, "balanced_accuracy": 0.4916666666666667, "f1_score": 0.2978723404255319, "tn": 30, "fp": 10, "fn": 23, "tp": 7, "n_samples": 70, "n_class_0": 40, "n_class_1": 30, "auroc": 0.43416666666666665}, "20": {"accuracy": 0.49230769230769234, "balanced_accuracy": 0.5125, "f1_score": 0.47619047619047616, "tn": 17, "fp": 23, "fn": 10, "tp": 15, "n_samples": 65, "n_class_0": 40, "n_class_1": 25, "auroc": 0.536}}}