{"subject_id": "S17", "k_shots": {"5": {"accuracy": 0.5625, "balanced_accuracy": 0.5625, "f1_score": 0.6236559139784946, "tn": 16, "fp": 24, "fn": 11, "tp": 29, "n_samples": 80, "n_class_0": 40, "n_class_1": 40, "auroc": 0.62125}, "10": {"accuracy": 0.5125, "balanced_accuracy": 0.5125, "f1_score": 0.5517241379310345, "tn": 17, "fp": 23, "fn": 16, "tp": 24, "n_samples": 80, "n_class_0": 40, "n_class_1": 40, "auroc": 0.5393749999999999}, "20": {"accuracy": 0.4125, "balanced_accuracy": 0.4125, "f1_score": 0.38961038961038963, "tn": 18, "fp": 22, "fn": 25, "tp": 15, "n_samples": 80, "n_class_0": 40, "n_class_1": 40, "auroc": 0.4149999999999999}}}