{"subject_id": "S16", "k_shots": {"5": {"accuracy": 0.5, "balanced_accuracy": 0.5, "f1_score": 0.5, "tn": 20, "fp": 20, "fn": 20, "tp": 20, "n_samples": 80, "n_class_0": 40, "n_class_1": 40, "auroc": 0.47437500000000005}, "10": {"accuracy": 0.525, "balanced_accuracy": 0.525, "f1_score": 0.525, "tn": 21, "fp": 19, "fn": 19, "tp": 21, "n_samples": 80, "n_class_0": 40, "n_class_1": 40, "auroc": 0.555625}, "20": {"accuracy": 0.5375, "balanced_accuracy": 0.5375, "f1_score": 0.5194805194805194, "tn": 23, "fp": 17, "fn": 20, "tp": 20, "n_samples": 80, "n_class_0": 40, "n_class_1": 40, "auroc": 0.534375}}}