{"subject_id": "S07", "k_shots": {"5": {"accuracy": 0.4426229508196721, "balanced_accuracy": 0.41666666666666663, "f1_score": 0.5405405405405406, "tn": 7, "fp": 14, "fn": 20, "tp": 20, "n_samples": 61, "n_class_0": 21, "n_class_1": 40, "auroc": 0.30000000000000004}, "10": {"accuracy": 0.5862068965517241, "balanced_accuracy": 0.5625, "f1_score": 0.6756756756756757, "tn": 9, "fp": 9, "fn": 15, "tp": 25, "n_samples": 58, "n_class_0": 18, "n_class_1": 40, "auroc": 0.5416666666666666}, "20": {"accuracy": 0.6792452830188679, "balanced_accuracy": 0.6576923076923077, "f1_score": 0.7671232876712328, "tn": 8, "fp": 5, "fn": 12, "tp": 28, "n_samples": 53, "n_class_0": 13, "n_class_1": 40, "auroc": 0.6730769230769231}}}