{"subject_id": "S02", "k_shots": {"5": {"accuracy": 0.5375, "balanced_accuracy": 0.5375, "f1_score": 0.5542168674698795, "tn": 20, "fp": 20, "fn": 17, "tp": 23, "n_samples": 80, "n_class_0": 40, "n_class_1": 40, "auroc": 0.56125}, "10": {"accuracy": 0.5875, "balanced_accuracy": 0.5874999999999999, "f1_score": 0.5822784810126582, "tn": 24, "fp": 16, "fn": 17, "tp": 23, "n_samples": 80, "n_class_0": 40, "n_class_1": 40, "auroc": 0.619375}, "20": {"accuracy": 0.6, "balanced_accuracy": 0.6, "f1_score": 0.6097560975609756, "tn": 23, "fp": 17, "fn": 15, "tp": 25, "n_samples": 80, "n_class_0": 40, "n_class_1": 40, "auroc": 0.65}}}