{"subject_id": "S23", "k_shots": {"5": {"accuracy": 0.4875, "balanced_accuracy": 0.48750000000000004, "f1_score": 0.5591397849462365, "tn": 13, "fp": 27, "fn": 14, "tp": 26, "n_samples": 80, "n_class_0": 40, "n_class_1": 40, "auroc": 0.46437500000000004}, "10": {"accuracy": 0.575, "balanced_accuracy": 0.575, "f1_score": 0.5641025641025641, "tn": 24, "fp": 16, "fn": 18, "tp": 22, "n_samples": 80, "n_class_0": 40, "n_class_1": 40, "auroc": 0.57375}, "20": {"accuracy": 0.5375, "balanced_accuracy": 0.5375, "f1_score": 0.5842696629213483, "tn": 17, "fp": 23, "fn": 14, "tp": 26, "n_samples": 80, "n_class_0": 40, "n_class_1": 40, "auroc": 0.5968749999999999}}}