{"subject_id": "S20", "k_shots": {"5": {"accuracy": 0.5063291139240507, "balanced_accuracy": 0.5048076923076923, "f1_score": 0.5617977528089888, "tn": 15, "fp": 24, "fn": 15, "tp": 25, "n_samples": 79, "n_class_0": 39, "n_class_1": 40, "auroc": 0.491025641025641}, "10": {"accuracy": 0.47368421052631576, "balanced_accuracy": 0.4777777777777778, "f1_score": 0.4444444444444444, "tn": 20, "fp": 16, "fn": 24, "tp": 16, "n_samples": 76, "n_class_0": 36, "n_class_1": 40, "auroc": 0.5097222222222222}, "20": {"accuracy": 0.352112676056338, "balanced_accuracy": 0.3633064516129032, "f1_score": 0.3235294117647059, "tn": 14, "fp": 17, "fn": 29, "tp": 11, "n_samples": 71, "n_class_0": 31, "n_class_1": 40, "auroc": 0.37338709677419357}}}