{"subject_id": "S24", "k_shots": {"5": {"accuracy": 0.4375, "balanced_accuracy": 0.4375, "f1_score": 0.4444444444444444, "tn": 17, "fp": 23, "fn": 22, "tp": 18, "n_samples": 80, "n_class_0": 40, "n_class_1": 40, "auroc": 0.44062500000000004}, "10": {"accuracy": 0.45, "balanced_accuracy": 0.45, "f1_score": 0.4883720930232558, "tn": 15, "fp": 25, "fn": 19, "tp": 21, "n_samples": 80, "n_class_0": 40, "n_class_1": 40, "auroc": 0.495}, "20": {"accuracy": 0.4625, "balanced_accuracy": 0.4625, "f1_score": 0.3582089552238806, "tn": 25, "fp": 15, "fn": 28, "tp": 12, "n_samples": 80, "n_class_0": 40, "n_class_1": 40, "auroc": 0.4575}}}