{"subject_id": "S22", "k_shots": {"5": {"accuracy": 0.38636363636363635, "balanced_accuracy": 0.5666666666666667, "f1_score": 0.49056603773584906, "tn": 4, "fp": 1, "fn": 26, "tp": 13, "n_samples": 44, "n_class_0": 5, "n_class_1": 39, "auroc": 0.5282051282051282}, "10": {"accuracy": 0.6842105263157895, "balanced_accuracy": 0.8333333333333333, "f1_score": 0.8, "tn": 2, "fp": 0, "fn": 12, "tp": 24, "n_samples": 38, "n_class_0": 2, "n_class_1": 36, "auroc": 0.875}, "20": {"accuracy": 0.65625, "balanced_accuracy": 0.3387096774193548, "f1_score": 0.7924528301886793, "tn": 0, "fp": 1, "fn": 10, "tp": 21, "n_samples": 32, "n_class_0": 1, "n_class_1": 31, "auroc": 0.5161290322580645}}}