{"subject_id": "S26", "k_shots": {"5": {"accuracy": 0.5125, "balanced_accuracy": 0.5125, "f1_score": 0.5617977528089888, "tn": 16, "fp": 24, "fn": 15, "tp": 25, "n_samples": 80, "n_class_0": 40, "n_class_1": 40, "auroc": 0.51875}, "10": {"accuracy": 0.475, "balanced_accuracy": 0.475, "f1_score": 0.5, "tn": 17, "fp": 23, "fn": 19, "tp": 21, "n_samples": 80, "n_class_0": 40, "n_class_1": 40, "auroc": 0.446875}, "20": {"accuracy": 0.4875, "balanced_accuracy": 0.48750000000000004, "f1_score": 0.4675324675324675, "tn": 21, "fp": 19, "fn": 22, "tp": 18, "n_samples": 80, "n_class_0": 40, "n_class_1": 40, "auroc": 0.5625}}}