{"subject_id": "S13", "k_shots": {"5": {"accuracy": 0.5625, "balanced_accuracy": 0.5625, "f1_score": 0.5205479452054794, "tn": 26, "fp": 14, "fn": 21, "tp": 19, "n_samples": 80, "n_class_0": 40, "n_class_1": 40, "auroc": 0.63625}, "10": {"accuracy": 0.55, "balanced_accuracy": 0.55, "f1_score": 0.55, "tn": 22, "fp": 18, "fn": 18, "tp": 22, "n_samples": 80, "n_class_0": 40, "n_class_1": 40, "auroc": 0.536875}, "20": {"accuracy": 0.4875, "balanced_accuracy": 0.48750000000000004, "f1_score": 0.3880597014925373, "tn": 26, "fp": 14, "fn": 27, "tp": 13, "n_samples": 80, "n_class_0": 40, "n_class_1": 40, "auroc": 0.506875}}}