{"subject_id": "S11", "k_shots": {"5": {"accuracy": 0.55, "balanced_accuracy": 0.55, "f1_score": 0.6, "tn": 17, "fp": 23, "fn": 13, "tp": 27, "n_samples": 80, "n_class_0": 40, "n_class_1": 40, "auroc": 0.5837500000000001}, "10": {"accuracy": 0.425, "balanced_accuracy": 0.42500000000000004, "f1_score": 0.4888888888888889, "tn": 12, "fp": 28, "fn": 18, "tp": 22, "n_samples": 80, "n_class_0": 40, "n_class_1": 40, "auroc": 0.381875}, "20": {"accuracy": 0.5, "balanced_accuracy": 0.5, "f1_score": 0.4444444444444444, "tn": 24, "fp": 16, "fn": 24, "tp": 16, "n_samples": 80, "n_class_0": 40, "n_class_1": 40, "auroc": 0.5231250000000001}}}