{"subject_id": "S14", "k_shots": {"5": {"accuracy": 0.5625, "balanced_accuracy": 0.5625, "f1_score": 0.6464646464646465, "tn": 13, "fp": 27, "fn": 8, "tp": 32, "n_samples": 80, "n_class_0": 40, "n_class_1": 40, "auroc": 0.5349999999999999}, "10": {"accuracy": 0.575, "balanced_accuracy": 0.575, "f1_score": 0.5641025641025641, "tn": 24, "fp": 16, "fn": 18, "tp": 22, "n_samples": 80, "n_class_0": 40, "n_class_1": 40, "auroc": 0.595}, "20": {"accuracy": 0.6625, "balanced_accuracy": 0.6625, "f1_score": 0.6746987951807228, "tn": 25, "fp": 15, "fn": 12, "tp": 28, "n_samples": 80, "n_class_0": 40, "n_class_1": 40, "auroc": 0.6762500000000001}}}