{"subject_id": "S18", "k_shots": {"5": {"accuracy": 0.45, "balanced_accuracy": 0.45, "f1_score": 0.4883720930232558, "tn": 15, "fp": 25, "fn": 19, "tp": 21, "n_samples": 80, "n_class_0": 40, "n_class_1": 40, "auroc": 0.47624999999999995}, "10": {"accuracy": 0.4625, "balanced_accuracy": 0.4625, "f1_score": 0.49411764705882355, "tn": 16, "fp": 24, "fn": 19, "tp": 21, "n_samples": 80, "n_class_0": 40, "n_class_1": 40, "auroc": 0.463125}, "20": {"accuracy": 0.5625, "balanced_accuracy": 0.5625, "f1_score": 0.6236559139784946, "tn": 16, "fp": 24, "fn": 11, "tp": 29, "n_samples": 80, "n_class_0": 40, "n_class_1": 40, "auroc": 0.61125}}}