{"subject_id": "S06", "k_shots": {"5": {"accuracy": 0.3148148148148148, "balanced_accuracy": 0.46785714285714286, "f1_score": 0.24489795918367346, "tn": 11, "fp": 3, "fn": 34, "tp": 6, "n_samples": 54, "n_class_0": 14, "n_class_1": 40, "auroc": 0.6124999999999999}, "10": {"accuracy": 0.29411764705882354, "balanced_accuracy": 0.4840909090909091, "f1_score": 0.25, "tn": 9, "fp": 2, "fn": 34, "tp": 6, "n_samples": 51, "n_class_0": 11, "n_class_1": 40, "auroc": 0.3818181818181818}, "20": {"accuracy": 0.4782608695652174, "balanced_accuracy": 0.5583333333333333, "f1_score": 0.6, "tn": 4, "fp": 2, "fn": 22, "tp": 18, "n_samples": 46, "n_class_0": 6, "n_class_1": 40, "auroc": 0.6166666666666667}}}