{"subject_id": "S21", "k_shots": {"5": {"accuracy": 0.21951219512195122, "balanced_accuracy": 0.6, "f1_score": 0.3333333333333333, "tn": 1, "fp": 0, "fn": 32, "tp": 8, "n_samples": 41, "n_class_0": 1, "n_class_1": 40, "auroc": 0.975}, "10": {"accuracy": 0.9024390243902439, "balanced_accuracy": 0.95, "f1_score": 0.9473684210526315, "tn": 1, "fp": 0, "fn": 4, "tp": 36, "n_samples": 41, "n_class_0": 1, "n_class_1": 40, "auroc": 1.0}, "20": {"accuracy": 0.8780487804878049, "balanced_accuracy": 0.45, "f1_score": 0.935064935064935, "tn": 0, "fp": 1, "fn": 4, "tp": 36, "n_samples": 41, "n_class_0": 1, "n_class_1": 40, "auroc": 0.875}}}