{"subject_id": "S07", "k_shots": {"5": {"accuracy": 0.6198198198198198, "balanced_accuracy": 0.5964646464646465, "f1_score": 0.7422211601192389, "auroc": 0.6642255892255892}, "10": {"accuracy": 0.5972477064220184, "balanced_accuracy": 0.5874999999999999, "f1_score": 0.7220595799598046, "auroc": 0.6153780068728523}, "20": {"accuracy": 0.5692307692307692, "balanced_accuracy": 0.5934782608695653, "f1_score": 0.695098746234363, "auroc": 0.6324275362318842}}}