{"subject_id": "S16", "k_shots": {"5": {"accuracy": 0.6102040816326532, "balanced_accuracy": 0.5736702127659574, "f1_score": 0.7011677778208084, "auroc": 0.6012553191489362}, "10": {"accuracy": 0.601360544217687, "balanced_accuracy": 0.5705531914893618, "f1_score": 0.6899845562234888, "auroc": 0.5982765957446808}, "20": {"accuracy": 0.6041958041958042, "balanced_accuracy": 0.5754321808510638, "f1_score": 0.6902284034871147, "auroc": 0.615270390070922}}}