{"subject_id": "S24", "k_shots": {"5": {"accuracy": 0.6578571428571428, "balanced_accuracy": 0.627, "f1_score": 0.7440432776207434, "auroc": 0.6767500000000001}, "10": {"accuracy": 0.6535714285714287, "balanced_accuracy": 0.6209999999999999, "f1_score": 0.7414068790774577, "auroc": 0.6603}, "20": {"accuracy": 0.66, "balanced_accuracy": 0.62775, "f1_score": 0.7466276085160176, "auroc": 0.646125}}}