{"subject_id": "S11", "k_shots": {"5": {"accuracy": 0.5377049180327869, "balanced_accuracy": 0.5613414634146341, "f1_score": 0.5889212827988338, "tn": 63, "fp": 37, "fn": 104, "tp": 101, "n_samples": 305, "n_class_0": 100, "n_class_1": 205, "auroc": 0.5651219512195121}, "10": {"accuracy": 0.5484949832775919, "balanced_accuracy": 0.5747422680412371, "f1_score": 0.599406528189911, "tn": 63, "fp": 34, "fn": 101, "tp": 101, "n_samples": 299, "n_class_0": 97, "n_class_1": 202, "auroc": 0.6009492701847505}, "20": {"accuracy": 0.5121107266435986, "balanced_accuracy": 0.514676671816376, "f1_score": 0.5865102639296188, "tn": 48, "fp": 44, "fn": 97, "tp": 100, "n_samples": 289, "n_class_0": 92, "n_class_1": 197, "auroc": 0.5281946590156699}}}