{"subject_id": "S17", "k_shots": {"5": {"accuracy": 0.5824561403508772, "balanced_accuracy": 0.5652624686238132, "f1_score": 0.6609686609686609, "tn": 50, "fp": 48, "fn": 71, "tp": 116, "n_samples": 285, "n_class_0": 98, "n_class_1": 187, "auroc": 0.6219033067772564}, "10": {"accuracy": 0.6523297491039427, "balanced_accuracy": 0.6167620137299772, "f1_score": 0.7342465753424657, "tn": 48, "fp": 47, "fn": 50, "tp": 134, "n_samples": 279, "n_class_0": 95, "n_class_1": 184, "auroc": 0.6525457665903891}, "20": {"accuracy": 0.6505576208178439, "balanced_accuracy": 0.6462756052141527, "f1_score": 0.7151515151515152, "tn": 57, "fp": 33, "fn": 61, "tp": 118, "n_samples": 269, "n_class_0": 90, "n_class_1": 179, "auroc": 0.6693358162631905}}}