{"subject_id": "S24", "k_shots": {"5": {"accuracy": 0.4734982332155477, "balanced_accuracy": 0.44596622889305815, "f1_score": 0.5826330532212886, "tn": 30, "fp": 48, "fn": 101, "tp": 104, "n_samples": 283, "n_class_0": 78, "n_class_1": 205, "auroc": 0.45916197623514704}, "10": {"accuracy": 0.5234657039711191, "balanced_accuracy": 0.4678877887788779, "f1_score": 0.6432432432432432, "tn": 26, "fp": 49, "fn": 83, "tp": 119, "n_samples": 277, "n_class_0": 75, "n_class_1": 202, "auroc": 0.4407920792079208}, "20": {"accuracy": 0.5430711610486891, "balanced_accuracy": 0.5291878172588833, "f1_score": 0.6432748538011696, "tn": 35, "fp": 35, "fn": 87, "tp": 110, "n_samples": 267, "n_class_0": 70, "n_class_1": 197, "auroc": 0.5337926033357505}}}