{"subject_id": "S14", "k_shots": {"5": {"accuracy": 0.4880239520958084, "balanced_accuracy": 0.5114444788122487, "f1_score": 0.5128205128205128, "tn": 73, "fp": 49, "fn": 122, "tp": 90, "n_samples": 334, "n_class_0": 122, "n_class_1": 212, "auroc": 0.538161150634086}, "10": {"accuracy": 0.5426829268292683, "balanced_accuracy": 0.5615375336737566, "f1_score": 0.5786516853932584, "tn": 75, "fp": 44, "fn": 106, "tp": 103, "n_samples": 328, "n_class_0": 119, "n_class_1": 209, "auroc": 0.5843351694744884}, "20": {"accuracy": 0.4968553459119497, "balanced_accuracy": 0.5149638802889577, "f1_score": 0.5348837209302325, "tn": 66, "fp": 48, "fn": 112, "tp": 92, "n_samples": 318, "n_class_0": 114, "n_class_1": 204, "auroc": 0.5323787409700722}}}