{"subject_id": "S16", "k_shots": {"5": {"accuracy": 0.4855769230769231, "balanced_accuracy": 0.5048840048840049, "f1_score": 0.43386243386243384, "tn": 60, "fp": 31, "fn": 76, "tp": 41, "n_samples": 208, "n_class_0": 91, "n_class_1": 117, "auroc": 0.5190194420963653}, "10": {"accuracy": 0.5247524752475248, "balanced_accuracy": 0.518042264752791, "f1_score": 0.5752212389380531, "tn": 41, "fp": 47, "fn": 49, "tp": 65, "n_samples": 202, "n_class_0": 88, "n_class_1": 114, "auroc": 0.5626993620414673}, "20": {"accuracy": 0.59375, "balanced_accuracy": 0.5861611583950481, "f1_score": 0.6422018348623854, "tn": 44, "fp": 39, "fn": 39, "tp": 70, "n_samples": 192, "n_class_0": 83, "n_class_1": 109, "auroc": 0.6382226152315684}}}