{"subject_id": "S12", "k_shots": {"5": {"accuracy": 0.5483870967741935, "balanced_accuracy": 0.5068181818181818, "f1_score": 0.36363636363636365, "tn": 39, "fp": 21, "fn": 21, "tp": 12, "n_samples": 93, "n_class_0": 60, "n_class_1": 33, "auroc": 0.5045454545454545}, "10": {"accuracy": 0.5402298850574713, "balanced_accuracy": 0.5228070175438597, "f1_score": 0.4117647058823529, "tn": 33, "fp": 24, "fn": 16, "tp": 14, "n_samples": 87, "n_class_0": 57, "n_class_1": 30, "auroc": 0.5690058479532164}, "20": {"accuracy": 0.5324675324675324, "balanced_accuracy": 0.5292307692307692, "f1_score": 0.41935483870967744, "tn": 28, "fp": 24, "fn": 12, "tp": 13, "n_samples": 77, "n_class_0": 52, "n_class_1": 25, "auroc": 0.49}}}