{"subject_id": "S22", "k_shots": {"5": {"accuracy": 0.4090909090909091, "balanced_accuracy": 0.49230769230769234, "f1_score": 0.5357142857142857, "tn": 3, "fp": 2, "fn": 24, "tp": 15, "n_samples": 44, "n_class_0": 5, "n_class_1": 39, "auroc": 0.5435897435897434}, "10": {"accuracy": 0.47368421052631576, "balanced_accuracy": 0.7222222222222222, "f1_score": 0.6153846153846154, "tn": 2, "fp": 0, "fn": 20, "tp": 16, "n_samples": 38, "n_class_0": 2, "n_class_1": 36, "auroc": 0.8055555555555556}, "20": {"accuracy": 0.7096774193548387, "balanced_accuracy": 0.7096774193548387, "f1_score": 0.8301886792452831, "tn": 0, "fp": 0, "fn": 9, "tp": 22, "n_samples": 31, "n_class_0": 0, "n_class_1": 31, "auroc": NaN}}}