{"subject_id": "S02", "k_shots": {"5": {"accuracy": 0.46774193548387094, "balanced_accuracy": 0.471125730994152, "f1_score": 0.5123152709359606, "tn": 35, "fp": 37, "fn": 62, "tp": 52, "n_samples": 186, "n_class_0": 72, "n_class_1": 114, "auroc": 0.45285087719298245}, "10": {"accuracy": 0.5111111111111111, "balanced_accuracy": 0.5377986682334508, "f1_score": 0.5164835164835165, "tn": 45, "fp": 24, "fn": 64, "tp": 47, "n_samples": 180, "n_class_0": 69, "n_class_1": 111, "auroc": 0.5789267528397963}, "20": {"accuracy": 0.47058823529411764, "balanced_accuracy": 0.4609375, "f1_score": 0.5408163265306123, "tn": 27, "fp": 37, "fn": 53, "tp": 53, "n_samples": 170, "n_class_0": 64, "n_class_1": 106, "auroc": 0.4969044811320755}}}