{"subject_id": "S26", "k_shots": {"5": {"accuracy": 0.4930555555555556, "balanced_accuracy": 0.49470899470899465, "f1_score": 0.5165562913907285, "tn": 32, "fp": 31, "fn": 42, "tp": 39, "n_samples": 144, "n_class_0": 63, "n_class_1": 81, "auroc": 0.48559670781893005}, "10": {"accuracy": 0.5144927536231884, "balanced_accuracy": 0.507051282051282, "f1_score": 0.567741935483871, "tn": 27, "fp": 33, "fn": 34, "tp": 44, "n_samples": 138, "n_class_0": 60, "n_class_1": 78, "auroc": 0.49786324786324787}, "20": {"accuracy": 0.4453125, "balanced_accuracy": 0.4464508094645081, "f1_score": 0.4740740740740741, "tn": 25, "fp": 30, "fn": 41, "tp": 32, "n_samples": 128, "n_class_0": 55, "n_class_1": 73, "auroc": 0.4326276463262764}}}