{"subject_id": "S13", "k_shots": {"5": {"accuracy": 0.4659498207885305, "balanced_accuracy": 0.4667523124357657, "f1_score": 0.31336405529953915, "tn": 96, "fp": 43, "fn": 106, "tp": 34, "n_samples": 279, "n_class_0": 139, "n_class_1": 140, "auroc": 0.501901336073998}, "10": {"accuracy": 0.6043956043956044, "balanced_accuracy": 0.6043634607127523, "f1_score": 0.6086956521739131, "tn": 81, "fp": 55, "fn": 53, "tp": 84, "n_samples": 273, "n_class_0": 136, "n_class_1": 137, "auroc": 0.653606698153714}, "20": {"accuracy": 0.6159695817490495, "balanced_accuracy": 0.6156893361091835, "f1_score": 0.6431095406360424, "tn": 71, "fp": 60, "fn": 41, "tp": 91, "n_samples": 263, "n_class_0": 131, "n_class_1": 132, "auroc": 0.6647004395095999}}}