{"subject_id": "S06", "k_shots": {"5": {"accuracy": 0.5543478260869565, "balanced_accuracy": 0.4948200654307524, "f1_score": 0.7050359712230215, "tn": 6, "fp": 8, "fn": 115, "tp": 147, "n_samples": 276, "n_class_0": 14, "n_class_1": 262, "auroc": 0.5613413304252999}, "10": {"accuracy": 0.5259259259259259, "balanced_accuracy": 0.5352755352755352, "f1_score": 0.68, "tn": 6, "fp": 5, "fn": 123, "tp": 136, "n_samples": 270, "n_class_0": 11, "n_class_1": 259, "auroc": 0.5605475605475606}, "20": {"accuracy": 0.4846153846153846, "balanced_accuracy": 0.4921259842519685, "f1_score": 0.6473684210526316, "tn": 3, "fp": 3, "fn": 131, "tp": 123, "n_samples": 260, "n_class_0": 6, "n_class_1": 254, "auroc": 0.5045931758530184}}}