{"subject_id": "S18", "k_shots": {"5": {"accuracy": 0.5272727272727272, "balanced_accuracy": 0.48778638814016173, "f1_score": 0.6320754716981132, "tn": 20, "fp": 33, "fn": 45, "tp": 67, "n_samples": 165, "n_class_0": 53, "n_class_1": 112, "auroc": 0.45754716981132076}, "10": {"accuracy": 0.4716981132075472, "balanced_accuracy": 0.4739449541284404, "f1_score": 0.5483870967741935, "tn": 24, "fp": 26, "fn": 58, "tp": 51, "n_samples": 159, "n_class_0": 50, "n_class_1": 109, "auroc": 0.48311926605504585}, "20": {"accuracy": 0.5167785234899329, "balanced_accuracy": 0.4962606837606838, "f1_score": 0.6129032258064516, "tn": 20, "fp": 25, "fn": 47, "tp": 57, "n_samples": 149, "n_class_0": 45, "n_class_1": 104, "auroc": 0.4557692307692308}}}