{"subject_id": "S21", "k_shots": {"5": {"accuracy": 0.6428571428571429, "balanced_accuracy": 0.32727272727272727, "f1_score": 0.782608695652174, "tn": 0, "fp": 1, "fn": 19, "tp": 36, "n_samples": 56, "n_class_0": 1, "n_class_1": 55, "auroc": 0.6545454545454545}, "10": {"accuracy": 0.75, "balanced_accuracy": 0.75, "f1_score": 0.8571428571428571, "tn": 0, "fp": 0, "fn": 13, "tp": 39, "n_samples": 52, "n_class_0": 0, "n_class_1": 52, "auroc": NaN}, "20": {"accuracy": 0.8723404255319149, "balanced_accuracy": 0.8723404255319149, "f1_score": 0.9318181818181818, "tn": 0, "fp": 0, "fn": 6, "tp": 41, "n_samples": 47, "n_class_0": 0, "n_class_1": 47, "auroc": NaN}}}