{"subject_id": "S23", "k_shots": {"5": {"accuracy": 0.49, "balanced_accuracy": 0.49118686746404533, "f1_score": 0.5513196480938416, "tn": 53, "fp": 54, "fn": 99, "tp": 94, "n_samples": 300, "n_class_0": 107, "n_class_1": 193, "auroc": 0.47760399012154375}, "10": {"accuracy": 0.5680272108843537, "balanced_accuracy": 0.5112854251012146, "f1_score": 0.6784810126582278, "tn": 33, "fp": 71, "fn": 56, "tp": 134, "n_samples": 294, "n_class_0": 104, "n_class_1": 190, "auroc": 0.5491902834008098}, "20": {"accuracy": 0.4612676056338028, "balanced_accuracy": 0.4644007644007644, "f1_score": 0.5233644859813084, "tn": 47, "fp": 52, "fn": 101, "tp": 84, "n_samples": 284, "n_class_0": 99, "n_class_1": 185, "auroc": 0.48670488670488665}}}