{"subject_id": "S20", "k_shots": {"5": {"accuracy": 0.5151515151515151, "balanced_accuracy": 0.46980976013234077, "f1_score": 0.627906976744186, "tn": 14, "fp": 25, "fn": 39, "tp": 54, "n_samples": 132, "n_class_0": 39, "n_class_1": 93, "auroc": 0.4789081885856079}, "10": {"accuracy": 0.5317460317460317, "balanced_accuracy": 0.5555555555555556, "f1_score": 0.6040268456375839, "tn": 22, "fp": 14, "fn": 45, "tp": 45, "n_samples": 126, "n_class_0": 36, "n_class_1": 90, "auroc": 0.5762345679012346}, "20": {"accuracy": 0.6206896551724138, "balanced_accuracy": 0.6489563567362429, "f1_score": 0.6944444444444444, "tn": 22, "fp": 9, "fn": 35, "tp": 50, "n_samples": 116, "n_class_0": 31, "n_class_1": 85, "auroc": 0.7005692599620493}}}