{"subject_id": "S07", "k_shots": {"5": {"accuracy": 0.515, "balanced_accuracy": 0.5399042298483638, "f1_score": 0.6523297491039427, "tn": 12, "fp": 9, "fn": 88, "tp": 91, "n_samples": 200, "n_class_0": 21, "n_class_1": 179, "auroc": 0.5666400638467678}, "10": {"accuracy": 0.6030927835051546, "balanced_accuracy": 0.5568181818181819, "f1_score": 0.7372013651877133, "tn": 9, "fp": 9, "fn": 68, "tp": 108, "n_samples": 194, "n_class_0": 18, "n_class_1": 176, "auroc": 0.5445075757575757}, "20": {"accuracy": 0.5815217391304348, "balanced_accuracy": 0.6327035537561854, "f1_score": 0.717948717948718, "tn": 9, "fp": 4, "fn": 73, "tp": 98, "n_samples": 184, "n_class_0": 13, "n_class_1": 171, "auroc": 0.6518218623481781}}}