method1,method2,metric,k,n,mean1,mean2,mean_diff,statistic,p_value,significant,effect_r,effect_interp
Full-MAML,Full-MAML-Raw,balanced_accuracy,5,16,0.5899349282797901,0.5936290099110201,-0.003694081631229928,59.0,0.668548583984375,False,-0.10703521024297255,small
Full-MAML,Full-MAML-Raw,balanced_accuracy,10,16,0.5992974434539718,0.5983700171526092,0.000927426301362725,65.0,0.899932861328125,False,0.03143654003685107,negligible
Full-MAML,Full-MAML-Raw,balanced_accuracy,20,16,0.5951642221466038,0.5867596989442074,0.008404523202396461,67.0,0.958753862767215,False,0.012929353084366095,negligible
SubjectConditioned,SubjectConditioned-Raw,balanced_accuracy,5,16,0.5828544151967163,0.5696830372285269,0.013171377968189506,41.0,0.17535400390625,False,0.3387998750456727,medium
SubjectConditioned,SubjectConditioned-Raw,balanced_accuracy,10,16,0.5743263015205612,0.5682375858086346,0.006088715711926582,66.0,0.93988037109375,False,0.018855055219573456,negligible
SubjectConditioned,SubjectConditioned-Raw,balanced_accuracy,20,16,0.5722418727322296,0.5715216871198081,0.0007201856124215179,64.0,0.860260009765625,False,0.04401079806969293,negligible
