{"subject_id": "S02", "zero_shot": {"accuracy": 0.6105263157894737, "balanced_accuracy": 0.5342497670083877, "f1_score": 0.7338129496402878, "tn": 14, "fp": 60, "fn": 14, "tp": 102, "n_samples": 190, "n_class_0": 74, "n_class_1": 116, "auroc": 0.5933713886300094}, "k_shots": {"5": {"accuracy": 0.5930232558139534, "balanced_accuracy": 0.6072267920094008, "f1_score": 0.6662715238335571, "auroc": 0.6626321974148061}, "10": {"accuracy": 0.6055118110236221, "balanced_accuracy": 0.6158258258258259, "f1_score": 0.6781869302212461, "auroc": 0.6643243243243243}, "20": {"accuracy": 0.6163934426229509, "balanced_accuracy": 0.5972655007949126, "f1_score": 0.7012438961088437, "auroc": 0.6449284578696342}}}