{"subject_id": "S12", "zero_shot": {"accuracy": 0.4742268041237113, "balanced_accuracy": 0.5762672811059908, "f1_score": 0.5641025641025641, "tn": 13, "fp": 49, "fn": 2, "tp": 33, "n_samples": 97, "n_class_0": 62, "n_class_1": 35, "auroc": 0.6626728110599079}, "k_shots": {"5": {"accuracy": 0.4515625, "balanced_accuracy": 0.5981884057971014, "f1_score": 0.4895300771349115, "auroc": 0.6747584541062802}, "10": {"accuracy": 0.5131147540983607, "balanced_accuracy": 0.6158914728682171, "f1_score": 0.5125739824299378, "auroc": 0.6550387596899225}, "20": {"accuracy": 0.5482142857142858, "balanced_accuracy": 0.618859649122807, "f1_score": 0.5396704063866267, "auroc": 0.6657894736842105}}}