{"subject_id": "S16", "zero_shot": {"accuracy": 0.5754716981132075, "balanced_accuracy": 0.5349236468781061, "f1_score": 0.6959459459459459, "tn": 19, "fp": 74, "fn": 16, "tp": 103, "n_samples": 212, "n_class_0": 93, "n_class_1": 119, "auroc": 0.5428752146019699}, "k_shots": {"5": {"accuracy": 0.47551020408163264, "balanced_accuracy": 0.5490957446808511, "f1_score": 0.46605329989776745, "auroc": 0.5707021276595745}, "10": {"accuracy": 0.4938775510204082, "balanced_accuracy": 0.5479361702127659, "f1_score": 0.515181941403601, "auroc": 0.5571276595744681}, "20": {"accuracy": 0.5167832167832168, "balanced_accuracy": 0.5412788120567377, "f1_score": 0.563784924453279, "auroc": 0.5558067375886525}}}