{"subject_id": "S26", "zero_shot": {"accuracy": 0.6013513513513513, "balanced_accuracy": 0.5778498609823911, "f1_score": 0.6844919786096256, "tn": 25, "fp": 40, "fn": 19, "tp": 64, "n_samples": 148, "n_class_0": 65, "n_class_1": 83, "auroc": 0.5645968489341984}, "k_shots": {"5": {"accuracy": 0.40192307692307694, "balanced_accuracy": 0.48898847631242, "f1_score": 0.35586359444864535, "auroc": 0.5554417413572343}, "10": {"accuracy": 0.5, "balanced_accuracy": 0.5316205533596838, "f1_score": 0.5393333266010009, "auroc": 0.558102766798419}, "20": {"accuracy": 0.5628865979381443, "balanced_accuracy": 0.5571969696969697, "f1_score": 0.6319208431754827, "auroc": 0.5667140151515152}}}