{"subject_id": "S14", "zero_shot": {"accuracy": 0.6301775147928994, "balanced_accuracy": 0.5485378353934278, "f1_score": 0.745417515274949, "tn": 30, "fp": 94, "fn": 31, "tp": 183, "n_samples": 338, "n_class_0": 124, "n_class_1": 214, "auroc": 0.578195658727766}, "k_shots": {"5": {"accuracy": 0.557, "balanced_accuracy": 0.557, "f1_score": 0.5919730675995318, "auroc": 0.5846900000000002}, "10": {"accuracy": 0.5565, "balanced_accuracy": 0.5565, "f1_score": 0.5796346010513808, "auroc": 0.58308}, "20": {"accuracy": 0.5595, "balanced_accuracy": 0.5595, "f1_score": 0.5674616319915049, "auroc": 0.59582}}}