{"subject_id": "S26", "zero_shot": {"accuracy": 0.49324324324324326, "balanced_accuracy": 0.47312326227988877, "f1_score": 0.585635359116022, "tn": 20, "fp": 45, "fn": 30, "tp": 53, "n_samples": 148, "n_class_0": 65, "n_class_1": 83, "auroc": 0.4817423540315106}, "k_shots": {"5": {"accuracy": 0.4673076923076923, "balanced_accuracy": 0.5174135723431499, "f1_score": 0.49038223290393973, "auroc": 0.5059752454118651}, "10": {"accuracy": 0.503921568627451, "balanced_accuracy": 0.5242424242424242, "f1_score": 0.5586821292727011, "auroc": 0.4894158981115503}, "20": {"accuracy": 0.5144329896907216, "balanced_accuracy": 0.5263494318181817, "f1_score": 0.5686149530840838, "auroc": 0.48740530303030305}}}