{"subject_id": "S07", "zero_shot": {"accuracy": 0.7745098039215687, "balanced_accuracy": 0.5313475858755705, "f1_score": 0.8693181818181818, "tn": 5, "fp": 18, "fn": 28, "tp": 153, "n_samples": 204, "n_class_0": 23, "n_class_1": 181, "auroc": 0.7088638001441269}, "k_shots": {"5": {"accuracy": 0.7171171171171171, "balanced_accuracy": 0.6400252525252526, "f1_score": 0.8223461564852478, "auroc": 0.7541245791245791}, "10": {"accuracy": 0.7596330275229358, "balanced_accuracy": 0.675085910652921, "f1_score": 0.8523311335160237, "auroc": 0.7904639175257732}, "20": {"accuracy": 0.7663461538461539, "balanced_accuracy": 0.6831521739130435, "f1_score": 0.8558938966174796, "auroc": 0.8093297101449275}}}