{"subject_id": "S06", "zero_shot": {"accuracy": 0.7285714285714285, "balanced_accuracy": 0.5037878787878788, "f1_score": 0.8403361344537815, "tn": 4, "fp": 12, "fn": 64, "tp": 200, "n_samples": 280, "n_class_0": 16, "n_class_1": 264, "auroc": 0.4666193181818182}, "k_shots": {"5": {"accuracy": 0.5509259259259259, "balanced_accuracy": 0.4584999999999999, "f1_score": 0.6972639981448217, "auroc": 0.42474999999999996}, "10": {"accuracy": 0.5861111111111111, "balanced_accuracy": 0.4774999999999999, "f1_score": 0.7287701436286173, "auroc": 0.47000000000000003}, "20": {"accuracy": 0.6222222222222222, "balanced_accuracy": 0.4739999999999999, "f1_score": 0.759356535352872, "auroc": 0.4683750000000001}}}