{"subject_id": "S13", "zero_shot": {"accuracy": 0.6183745583038869, "balanced_accuracy": 0.6176455898511637, "f1_score": 0.6842105263157895, "tn": 58, "fp": 83, "fn": 25, "tp": 117, "n_samples": 283, "n_class_0": 141, "n_class_1": 142, "auroc": 0.6921386474877634}, "k_shots": {"5": {"accuracy": 0.6154999999999998, "balanced_accuracy": 0.6154999999999998, "f1_score": 0.6566586145034896, "auroc": 0.681225}, "10": {"accuracy": 0.6305000000000001, "balanced_accuracy": 0.6305, "f1_score": 0.6716173333814368, "auroc": 0.6875800000000001}, "20": {"accuracy": 0.64, "balanced_accuracy": 0.64, "f1_score": 0.6744974757578474, "auroc": 0.69489}}}