{"subject_id": "S22", "zero_shot": {"accuracy": 0.8125, "balanced_accuracy": 0.6533101045296167, "f1_score": 0.8888888888888888, "tn": 3, "fp": 4, "fn": 5, "tp": 36, "n_samples": 48, "n_class_0": 7, "n_class_1": 41, "auroc": 0.7560975609756098}, "k_shots": {"5": {"accuracy": 0.788, "balanced_accuracy": 0.6916666666666668, "f1_score": 0.8650098590512657, "auroc": 0.7976190476190477}, "10": {"accuracy": 0.7739130434782608, "balanced_accuracy": 0.6953947368421052, "f1_score": 0.8551147247935174, "auroc": 0.7684210526315789}, "20": {"accuracy": 0.7666666666666666, "balanced_accuracy": 0.6446428571428572, "f1_score": 0.850982555120486, "auroc": 0.7446428571428572}}}