{"subject_id": "S18", "zero_shot": {"accuracy": 0.6331360946745562, "balanced_accuracy": 0.5728070175438597, "f1_score": 0.7327586206896551, "tn": 22, "fp": 33, "fn": 29, "tp": 85, "n_samples": 169, "n_class_0": 55, "n_class_1": 114, "auroc": 0.5854864433811803}, "k_shots": {"5": {"accuracy": 0.54, "balanced_accuracy": 0.5491724738675958, "f1_score": 0.6313400565412743, "auroc": 0.5662020905923345}, "10": {"accuracy": 0.5542056074766355, "balanced_accuracy": 0.5724457504520796, "f1_score": 0.6372395330498122, "auroc": 0.5998643761301989}, "20": {"accuracy": 0.5598039215686275, "balanced_accuracy": 0.5645270270270271, "f1_score": 0.6443019448460625, "auroc": 0.5937258687258687}}}