{"subject_id": "S23", "zero_shot": {"accuracy": 0.618421052631579, "balanced_accuracy": 0.5589273112208892, "f1_score": 0.7211538461538461, "tn": 38, "fp": 71, "fn": 45, "tp": 150, "n_samples": 304, "n_class_0": 109, "n_class_1": 195, "auroc": 0.6454951776052693}, "k_shots": {"5": {"accuracy": 0.5850000000000001, "balanced_accuracy": 0.5850000000000001, "f1_score": 0.6311248466851831, "auroc": 0.641745}, "10": {"accuracy": 0.582, "balanced_accuracy": 0.582, "f1_score": 0.6237865612908645, "auroc": 0.64306}, "20": {"accuracy": 0.5890322580645162, "balanced_accuracy": 0.6029545454545454, "f1_score": 0.6349776182728031, "auroc": 0.6439636363636364}}}