{"subject_id": "S24", "zero_shot": {"accuracy": 0.6132404181184669, "balanced_accuracy": 0.5516606280193237, "f1_score": 0.7204030226700252, "tn": 33, "fp": 47, "fn": 64, "tp": 143, "n_samples": 287, "n_class_0": 80, "n_class_1": 207, "auroc": 0.5883454106280193}, "k_shots": {"5": {"accuracy": 0.4564285714285715, "balanced_accuracy": 0.552, "f1_score": 0.46003271668500345, "auroc": 0.592925}, "10": {"accuracy": 0.5192857142857142, "balanced_accuracy": 0.5690000000000001, "f1_score": 0.5716205030820417, "auroc": 0.59495}, "20": {"accuracy": 0.5378571428571428, "balanced_accuracy": 0.57825, "f1_score": 0.5970489352544227, "auroc": 0.5988}}}