{"subject_id": "S02", "zero_shot": {"accuracy": 0.5789473684210527, "balanced_accuracy": 0.4961556383970177, "f1_score": 0.7163120567375887, "tn": 9, "fp": 65, "fn": 15, "tp": 101, "n_samples": 190, "n_class_0": 74, "n_class_1": 116, "auroc": 0.5356477166821995}, "k_shots": {"5": {"accuracy": 0.4937984496124031, "balanced_accuracy": 0.5837103407755582, "f1_score": 0.5086451786851681, "auroc": 0.5924500587544065}, "10": {"accuracy": 0.5196850393700787, "balanced_accuracy": 0.5648198198198198, "f1_score": 0.5715304973205392, "auroc": 0.5687987987987988}, "20": {"accuracy": 0.5286885245901639, "balanced_accuracy": 0.5297456279809221, "f1_score": 0.6075745451521978, "auroc": 0.5614944356120827}}}