{"subject_id": "S17", "zero_shot": {"accuracy": 0.6678200692041523, "balanced_accuracy": 0.5976984126984126, "f1_score": 0.7647058823529411, "tn": 37, "fp": 63, "fn": 33, "tp": 156, "n_samples": 289, "n_class_0": 100, "n_class_1": 189, "auroc": 0.6767724867724867}, "k_shots": {"5": {"accuracy": 0.5559999999999999, "balanced_accuracy": 0.5944999999999999, "f1_score": 0.5864546934582218, "auroc": 0.6651199999999999}, "10": {"accuracy": 0.6186666666666667, "balanced_accuracy": 0.626, "f1_score": 0.6765665368905445, "auroc": 0.6916200000000001}, "20": {"accuracy": 0.624, "balanced_accuracy": 0.6085, "f1_score": 0.6968111946627248, "auroc": 0.66684}}}