{"subject_id": "S17", "zero_shot": {"accuracy": 0.6747404844290658, "balanced_accuracy": 0.6288888888888888, "f1_score": 0.7577319587628866, "tn": 48, "fp": 52, "fn": 42, "tp": 147, "n_samples": 289, "n_class_0": 100, "n_class_1": 189, "auroc": 0.6872486772486773}, "k_shots": {"5": {"accuracy": 0.5746666666666667, "balanced_accuracy": 0.6185, "f1_score": 0.6030085454301808, "auroc": 0.68042}, "10": {"accuracy": 0.5986666666666667, "balanced_accuracy": 0.6299999999999999, "f1_score": 0.6394360952295718, "auroc": 0.7021200000000001}, "20": {"accuracy": 0.6293333333333333, "balanced_accuracy": 0.6465, "f1_score": 0.6799006731180228, "auroc": 0.7085400000000001}}}