{"subject_id": "S14", "zero_shot": {"accuracy": 0.6301775147928994, "balanced_accuracy": 0.5688875489900512, "f1_score": 0.7323340471092077, "tn": 42, "fp": 82, "fn": 43, "tp": 171, "n_samples": 338, "n_class_0": 124, "n_class_1": 214, "auroc": 0.5490277359059391}, "k_shots": {"5": {"accuracy": 0.5525, "balanced_accuracy": 0.5525, "f1_score": 0.616081986759563, "auroc": 0.55665}, "10": {"accuracy": 0.5569999999999999, "balanced_accuracy": 0.5569999999999999, "f1_score": 0.6136970601223232, "auroc": 0.56232}, "20": {"accuracy": 0.5439999999999999, "balanced_accuracy": 0.544, "f1_score": 0.5618859506323817, "auroc": 0.575375}}}