{"subject_id": "S21", "zero_shot": {"accuracy": 0.6166666666666667, "balanced_accuracy": 0.7982456140350878, "f1_score": 0.7472527472527473, "tn": 3, "fp": 0, "fn": 23, "tp": 34, "n_samples": 60, "n_class_0": 3, "n_class_1": 57, "auroc": 0.8538011695906433}, "k_shots": {"5": {"accuracy": 0.6689655172413793, "balanced_accuracy": 0.7527777777777778, "f1_score": 0.7812098716885951, "auroc": 0.874074074074074}, "10": {"accuracy": 0.788888888888889, "balanced_accuracy": 0.817, "f1_score": 0.8692258052013553, "auroc": 0.9020000000000001}, "20": {"accuracy": 0.8272727272727274, "balanced_accuracy": 0.7250000000000001, "f1_score": 0.8970059358891194, "auroc": 0.8875}}}