{"subject_id": "S21", "zero_shot": {"accuracy": 0.5333333333333333, "balanced_accuracy": 0.4385964912280702, "f1_score": 0.6888888888888889, "tn": 1, "fp": 2, "fn": 26, "tp": 31, "n_samples": 60, "n_class_0": 3, "n_class_1": 57, "auroc": 0.5263157894736843}, "k_shots": {"5": {"accuracy": 0.5689655172413792, "balanced_accuracy": 0.49074074074074064, "f1_score": 0.6987578840406748, "auroc": 0.48703703703703705}, "10": {"accuracy": 0.537037037037037, "balanced_accuracy": 0.45100000000000007, "f1_score": 0.6775258134115668, "auroc": 0.4880000000000001}, "20": {"accuracy": 0.7090909090909091, "balanced_accuracy": 0.525, "f1_score": 0.8194768030062148, "auroc": 0.4375}}}