{"subject_id": "S20", "zero_shot": {"accuracy": 0.6764705882352942, "balanced_accuracy": 0.5881899871630295, "f1_score": 0.7777777777777778, "tn": 15, "fp": 26, "fn": 18, "tp": 77, "n_samples": 136, "n_class_0": 41, "n_class_1": 95, "auroc": 0.5822849807445444}, "k_shots": {"5": {"accuracy": 0.5476744186046512, "balanced_accuracy": 0.5444322344322344, "f1_score": 0.6438805337009278, "auroc": 0.5841758241758241}, "10": {"accuracy": 0.5333333333333333, "balanced_accuracy": 0.53015873015873, "f1_score": 0.6300872434264445, "auroc": 0.599092970521542}, "20": {"accuracy": 0.5759493670886076, "balanced_accuracy": 0.5426108374384236, "f1_score": 0.6788861519462379, "auroc": 0.5929392446633827}}}