{"subject_id": "S22", "zero_shot": {"accuracy": 0.7708333333333334, "balanced_accuracy": 0.6881533101045296, "f1_score": 0.8571428571428571, "tn": 4, "fp": 3, "fn": 8, "tp": 33, "n_samples": 48, "n_class_0": 7, "n_class_1": 41, "auroc": 0.7247386759581882}, "k_shots": {"5": {"accuracy": 0.6479999999999999, "balanced_accuracy": 0.6285714285714287, "f1_score": 0.743633937581306, "auroc": 0.7154761904761904}, "10": {"accuracy": 0.7521739130434781, "balanced_accuracy": 0.6328947368421052, "f1_score": 0.8432779218847329, "auroc": 0.7026315789473685}, "20": {"accuracy": 0.7277777777777779, "balanced_accuracy": 0.6375, "f1_score": 0.8189152176048727, "auroc": 0.6857142857142857}}}