{"subject_id": "S11", "zero_shot": {"accuracy": 0.6957928802588996, "balanced_accuracy": 0.6162972435350952, "f1_score": 0.7892376681614349, "tn": 39, "fp": 63, "fn": 31, "tp": 176, "n_samples": 309, "n_class_0": 102, "n_class_1": 207, "auroc": 0.6425594392346311}, "k_shots": {"5": {"accuracy": 0.6015, "balanced_accuracy": 0.6015, "f1_score": 0.6610279194737496, "auroc": 0.640525}, "10": {"accuracy": 0.6, "balanced_accuracy": 0.6024019607843137, "f1_score": 0.6624730291002311, "auroc": 0.656843137254902}, "20": {"accuracy": 0.590728476821192, "balanced_accuracy": 0.5819509803921568, "f1_score": 0.6622155989420666, "auroc": 0.6404313725490196}}}