{"subject_id": "S16", "zero_shot": {"accuracy": 0.5801886792452831, "balanced_accuracy": 0.5461733080328905, "f1_score": 0.6877192982456141, "tn": 25, "fp": 68, "fn": 21, "tp": 98, "n_samples": 212, "n_class_0": 93, "n_class_1": 119, "auroc": 0.6312460468058191}, "k_shots": {"5": {"accuracy": 0.5551020408163265, "balanced_accuracy": 0.5850425531914893, "f1_score": 0.6022880552598645, "auroc": 0.6377446808510638}, "10": {"accuracy": 0.5863945578231292, "balanced_accuracy": 0.5967659574468086, "f1_score": 0.6502542447538082, "auroc": 0.6342340425531915}, "20": {"accuracy": 0.6041958041958041, "balanced_accuracy": 0.6172429078014184, "f1_score": 0.6621096341158015, "auroc": 0.6455230496453901}}}