{"subject_id": "S06", "k_shots": {"5": {"accuracy": 0.4703703703703703, "balanced_accuracy": 0.5414999999999999, "f1_score": 0.5786935467123796, "auroc": 0.54725}, "10": {"accuracy": 0.5046296296296297, "balanced_accuracy": 0.53125, "f1_score": 0.6404502496953266, "auroc": 0.513625}, "20": {"accuracy": 0.42592592592592593, "balanced_accuracy": 0.45999999999999996, "f1_score": 0.5316750013271753, "auroc": 0.49049999999999994}}}