{"subject_id": "S02", "k_shots": {"5": {"accuracy": 0.6480620155038761, "balanced_accuracy": 0.5949177438307874, "f1_score": 0.7432756956117327, "auroc": 0.6282608695652173}, "10": {"accuracy": 0.6354330708661416, "balanced_accuracy": 0.5860060060060059, "f1_score": 0.7306596809813144, "auroc": 0.6172672672672672}, "20": {"accuracy": 0.6418032786885246, "balanced_accuracy": 0.5933704292527822, "f1_score": 0.735246577379064, "auroc": 0.6152941176470589}}}