{"subject_id": "S18", "k_shots": {"5": {"accuracy": 0.5045454545454545, "balanced_accuracy": 0.5324477351916376, "f1_score": 0.5851031543588281, "auroc": 0.5388501742160278}, "10": {"accuracy": 0.5205607476635514, "balanced_accuracy": 0.5519665461121157, "f1_score": 0.5975926429317409, "auroc": 0.5625678119349005}, "20": {"accuracy": 0.5519607843137255, "balanced_accuracy": 0.572442084942085, "f1_score": 0.6303348994741572, "auroc": 0.5739864864864865}}}