{"subject_id": "S16", "k_shots": {"5": {"accuracy": 0.6353741496598639, "balanced_accuracy": 0.5932978723404255, "f1_score": 0.7252662972135376, "auroc": 0.6116808510638297}, "10": {"accuracy": 0.6054421768707484, "balanced_accuracy": 0.5853936170212766, "f1_score": 0.687537617412083, "auroc": 0.6210638297872341}, "20": {"accuracy": 0.5986013986013987, "balanced_accuracy": 0.5723515070921985, "f1_score": 0.6842335783732685, "auroc": 0.6060283687943262}}}