{"subject_id": "S22", "k_shots": {"5": {"accuracy": 0.5640000000000001, "balanced_accuracy": 0.5178571428571429, "f1_score": 0.6657482519495552, "auroc": 0.6142857142857143}, "10": {"accuracy": 0.5304347826086957, "balanced_accuracy": 0.5282894736842105, "f1_score": 0.6443519189284909, "auroc": 0.6394736842105263}, "20": {"accuracy": 0.5222222222222223, "balanced_accuracy": 0.5321428571428571, "f1_score": 0.6120849404853981, "auroc": 0.6625}}}