{"subject_id": "S14", "k_shots": {"5": {"accuracy": 0.554, "balanced_accuracy": 0.554, "f1_score": 0.518549304660235, "auroc": 0.602735}, "10": {"accuracy": 0.5824999999999998, "balanced_accuracy": 0.5825, "f1_score": 0.5890954090683963, "auroc": 0.6127849999999999}, "20": {"accuracy": 0.585, "balanced_accuracy": 0.585, "f1_score": 0.5846583432871222, "auroc": 0.6081999999999999}}}