{"subject_id": "S07", "k_shots": {"5": {"accuracy": 0.6027027027027028, "balanced_accuracy": 0.6491161616161616, "f1_score": 0.6935647518370189, "auroc": 0.6623737373737374}, "10": {"accuracy": 0.6394495412844037, "balanced_accuracy": 0.6367697594501719, "f1_score": 0.7560713283955753, "auroc": 0.6957044673539519}, "20": {"accuracy": 0.5884615384615385, "balanced_accuracy": 0.6659420289855073, "f1_score": 0.7025032218291304, "auroc": 0.7282608695652175}}}