{"subject_id": "S07", "k_shots": {"5": {"accuracy": 0.6099099099099099, "balanced_accuracy": 0.5579545454545455, "f1_score": 0.7362067656108229, "auroc": 0.5973905723905724}, "10": {"accuracy": 0.5678899082568808, "balanced_accuracy": 0.5710051546391752, "f1_score": 0.6988963245493981, "auroc": 0.6084192439862542}, "20": {"accuracy": 0.5721153846153847, "balanced_accuracy": 0.5516304347826086, "f1_score": 0.7024228443056252, "auroc": 0.6013586956521738}}}