{"subject_id": "S18", "k_shots": {"5": {"accuracy": 0.6027272727272728, "balanced_accuracy": 0.5618466898954704, "f1_score": 0.7040282196303145, "auroc": 0.5736498257839722}, "10": {"accuracy": 0.6130841121495327, "balanced_accuracy": 0.5639014466546113, "f1_score": 0.7151039669702094, "auroc": 0.5789783001808319}, "20": {"accuracy": 0.6186274509803923, "balanced_accuracy": 0.5928571428571429, "f1_score": 0.7109394410101284, "auroc": 0.6024131274131275}}}