{"subject_id": "S26", "k_shots": {"5": {"accuracy": 0.5461538461538462, "balanced_accuracy": 0.5565087494664959, "f1_score": 0.6124769386839761, "auroc": 0.5731540759709775}, "10": {"accuracy": 0.5735294117647058, "balanced_accuracy": 0.5638339920948616, "f1_score": 0.6505043971157025, "auroc": 0.5689942907334211}, "20": {"accuracy": 0.5742268041237113, "balanced_accuracy": 0.5606534090909091, "f1_score": 0.6512905376930297, "auroc": 0.5677556818181818}}}