{"subject_id": "S23", "k_shots": {"5": {"accuracy": 0.6005, "balanced_accuracy": 0.6005, "f1_score": 0.6585277303327796, "auroc": 0.641555}, "10": {"accuracy": 0.6060000000000001, "balanced_accuracy": 0.6060000000000001, "f1_score": 0.6547881042078678, "auroc": 0.64219}, "20": {"accuracy": 0.6412903225806452, "balanced_accuracy": 0.5992727272727272, "f1_score": 0.7273835586896344, "auroc": 0.6392727272727273}}}