{"subject_id": "S13", "k_shots": {"5": {"accuracy": 0.5934999999999999, "balanced_accuracy": 0.5934999999999999, "f1_score": 0.5705722392603414, "auroc": 0.612125}, "10": {"accuracy": 0.6085, "balanced_accuracy": 0.6085, "f1_score": 0.6320811573522146, "auroc": 0.640005}, "20": {"accuracy": 0.5945, "balanced_accuracy": 0.5945, "f1_score": 0.6036275633717657, "auroc": 0.63605}}}