{"subject_id": "S12", "k_shots": {"5": {"accuracy": 0.625, "balanced_accuracy": 0.5666666666666667, "f1_score": 0.33917037083260937, "auroc": 0.638586956521739}, "10": {"accuracy": 0.5721311475409836, "balanced_accuracy": 0.5786175710594315, "f1_score": 0.45270247261699686, "auroc": 0.6134366925064599}, "20": {"accuracy": 0.6017857142857144, "balanced_accuracy": 0.6086257309941521, "f1_score": 0.5033804102231275, "auroc": 0.651608187134503}}}