{"subject_id": "S24", "k_shots": {"5": {"accuracy": 0.5971428571428572, "balanced_accuracy": 0.5995000000000001, "f1_score": 0.670962373589884, "auroc": 0.6503}, "10": {"accuracy": 0.6178571428571429, "balanced_accuracy": 0.6155000000000002, "f1_score": 0.6982015711718803, "auroc": 0.66915}, "20": {"accuracy": 0.5935714285714285, "balanced_accuracy": 0.591, "f1_score": 0.6762120314578973, "auroc": 0.6476}}}