{"subject_id": "S22", "k_shots": {"5": {"accuracy": 0.6040000000000001, "balanced_accuracy": 0.5517857142857142, "f1_score": 0.7250247495139137, "auroc": 0.669047619047619}, "10": {"accuracy": 0.6521739130434783, "balanced_accuracy": 0.5723684210526315, "f1_score": 0.7654085358226225, "auroc": 0.6578947368421052}, "20": {"accuracy": 0.611111111111111, "balanced_accuracy": 0.6071428571428571, "f1_score": 0.7071884411884412, "auroc": 0.6625}}}