{"subject_id": "S11", "k_shots": {"5": {"accuracy": 0.5960000000000001, "balanced_accuracy": 0.5960000000000001, "f1_score": 0.6124665228482794, "auroc": 0.6317799999999999}, "10": {"accuracy": 0.614569536423841, "balanced_accuracy": 0.5879411764705882, "f1_score": 0.6960600562633579, "auroc": 0.6329215686274511}, "20": {"accuracy": 0.6344370860927152, "balanced_accuracy": 0.6135098039215687, "f1_score": 0.7104742326267421, "auroc": 0.6606470588235295}}}