{"subject_id": "S20", "k_shots": {"5": {"accuracy": 0.6372093023255815, "balanced_accuracy": 0.6036630036630036, "f1_score": 0.7358555498837631, "auroc": 0.6550183150183152}, "10": {"accuracy": 0.6392857142857143, "balanced_accuracy": 0.5928571428571427, "f1_score": 0.7401515886246698, "auroc": 0.6420256991685563}, "20": {"accuracy": 0.6531645569620252, "balanced_accuracy": 0.611904761904762, "f1_score": 0.7468189560844601, "auroc": 0.6567323481116584}}}