{"subject_id": "S21", "k_shots": {"5": {"accuracy": 0.5793103448275863, "balanced_accuracy": 0.5657407407407409, "f1_score": 0.6708975655038001, "auroc": 0.6}, "10": {"accuracy": 0.5962962962962963, "balanced_accuracy": 0.6210000000000001, "f1_score": 0.7138735141953986, "auroc": 0.72}, "20": {"accuracy": 0.5045454545454545, "balanced_accuracy": 0.5925, "f1_score": 0.6135799618076494, "auroc": 0.7224999999999999}}}