{"subject_id": "S16", "k_shots": {"5": {"accuracy": 0.5870748299319728, "balanced_accuracy": 0.5279148936170213, "f1_score": 0.6947323568829213, "auroc": 0.5475531914893617}, "10": {"accuracy": 0.5748299319727892, "balanced_accuracy": 0.5200425531914894, "f1_score": 0.6822117344603023, "auroc": 0.5368297872340425}, "20": {"accuracy": 0.5741258741258741, "balanced_accuracy": 0.5291445035460993, "f1_score": 0.6739847157821387, "auroc": 0.5320700354609929}}}