{"subject_id": "S26", "k_shots": {"5": {"accuracy": 0.5346153846153846, "balanced_accuracy": 0.5342723004694836, "f1_score": 0.6082123000565887, "auroc": 0.5732821169440888}, "10": {"accuracy": 0.5607843137254902, "balanced_accuracy": 0.5559947299077734, "f1_score": 0.6355151146794918, "auroc": 0.5754062362758015}, "20": {"accuracy": 0.5690721649484536, "balanced_accuracy": 0.5545454545454545, "f1_score": 0.6461150199299107, "auroc": 0.5705492424242424}}}