{"subject_id": "S17", "k_shots": {"5": {"accuracy": 0.6066666666666667, "balanced_accuracy": 0.6084999999999999, "f1_score": 0.6634978395216977, "auroc": 0.6340800000000001}, "10": {"accuracy": 0.6153333333333333, "balanced_accuracy": 0.6195, "f1_score": 0.6762361908258346, "auroc": 0.66444}, "20": {"accuracy": 0.6053333333333333, "balanced_accuracy": 0.5895000000000001, "f1_score": 0.6810026367147172, "auroc": 0.63586}}}