method,seed,k_shots,accuracy_mean,accuracy_std,balanced_accuracy_mean,balanced_accuracy_std,f1_score_mean,f1_score_std,auroc_mean,auroc_std
Reptile,42,5,0.548035993620023,0.08380799349227347,0.5935555251016134,0.06070768635575322,0.5919528841078934,0.1057617017894923,0.6399903757695661,0.07934022670954965
Reptile,42,10,0.5852586078572894,0.08161260620245568,0.5968427498894154,0.06708261016720843,0.6436528147369741,0.0956740175956116,0.646184284973911,0.08944367375240843
Reptile,42,20,0.618264816337374,0.0800316660679819,0.6102096004671544,0.07291449283946601,0.6807923425022955,0.09768664540753959,0.6533495779752299,0.08986503684402625
