method1,method2,k,n,mean1,mean2,delta,p,r,median_diff,ci_lo,ci_hi,p_fdr,significant
Full-MAML,Full-MAML-Raw,5,16,0.5835573755820775,0.5806533171741032,0.0029040584079744088,0.4637451171875,0.18317348651498083,-0.009413043478260885,-0.0351335656213706,0.009666666666666601,0.93988037109375,False
Full-MAML,Full-MAML-Raw,10,16,0.5904356248261508,0.5866202356682324,0.0038153891579183023,0.820892333984375,0.05659935512897624,0.005416666666666736,-0.03698010849909583,0.01650000000000007,0.93988037109375,False
Full-MAML,Full-MAML-Raw,20,16,0.5897786666972116,0.585219793542729,0.004558873154482623,0.632171630859375,0.11966812554871667,-0.0007499999999999729,-0.033499999999999974,0.0181111111111113,0.93988037109375,False
SubjectConditioned,SubjectConditioned-Raw,5,16,0.5843984182862465,0.5755492196044139,0.008849198681832475,0.93988037109375,0.018855055219573456,0.0025933977455717128,-0.024680603948896707,0.019474969474969406,0.93988037109375,False
SubjectConditioned,SubjectConditioned-Raw,10,16,0.5835774762571778,0.5768806771589191,0.0066967990982587725,0.781951904296875,0.06919406721156693,0.002706503014642536,-0.016802290536467868,0.018166666666666553,0.93988037109375,False
SubjectConditioned,SubjectConditioned-Raw,20,16,0.5867715627264114,0.5769410408659374,0.009830521860473847,0.860260009765625,0.04401079806969293,0.002557744937055295,-0.017439083820662726,0.01866666666666661,0.93988037109375,False
