{"subject_id": "S02", "k_shots": {"5": {"accuracy": 0.5, "balanced_accuracy": 0.5, "f1_score": 0.16666666666666666, "tn": 36, "fp": 4, "fn": 36, "tp": 4, "n_samples": 80, "n_class_0": 40, "n_class_1": 40, "auroc": 0.5800000000000001}, "10": {"accuracy": 0.6, "balanced_accuracy": 0.6, "f1_score": 0.6, "tn": 24, "fp": 16, "fn": 16, "tp": 24, "n_samples": 80, "n_class_0": 40, "n_class_1": 40, "auroc": 0.675}, "20": {"accuracy": 0.625, "balanced_accuracy": 0.625, "f1_score": 0.6511627906976745, "tn": 22, "fp": 18, "fn": 12, "tp": 28, "n_samples": 80, "n_class_0": 40, "n_class_1": 40, "auroc": 0.659375}}}