{"subject_id": "S13", "k_shots": {"5": {"accuracy": 0.575, "balanced_accuracy": 0.575, "f1_score": 0.48484848484848486, "tn": 30, "fp": 10, "fn": 24, "tp": 16, "n_samples": 80, "n_class_0": 40, "n_class_1": 40, "auroc": 0.5674999999999999}, "10": {"accuracy": 0.5125, "balanced_accuracy": 0.5125, "f1_score": 0.4, "tn": 28, "fp": 12, "fn": 27, "tp": 13, "n_samples": 80, "n_class_0": 40, "n_class_1": 40, "auroc": 0.50875}, "20": {"accuracy": 0.4875, "balanced_accuracy": 0.4875, "f1_score": 0.4810126582278481, "tn": 20, "fp": 20, "fn": 21, "tp": 19, "n_samples": 80, "n_class_0": 40, "n_class_1": 40, "auroc": 0.47375}}}