{"subject_id": "S20", "k_shots": {"5": {"accuracy": 0.4810126582278481, "balanced_accuracy": 0.4823717948717949, "f1_score": 0.4225352112676056, "tn": 23, "fp": 16, "fn": 25, "tp": 15, "n_samples": 79, "n_class_0": 39, "n_class_1": 40, "auroc": 0.4480769230769231}, "10": {"accuracy": 0.5, "balanced_accuracy": 0.49583333333333335, "f1_score": 0.5476190476190477, "tn": 15, "fp": 21, "fn": 17, "tp": 23, "n_samples": 76, "n_class_0": 36, "n_class_1": 40, "auroc": 0.48749999999999993}, "20": {"accuracy": 0.4788732394366197, "balanced_accuracy": 0.4721774193548387, "f1_score": 0.5316455696202531, "tn": 13, "fp": 18, "fn": 19, "tp": 21, "n_samples": 71, "n_class_0": 31, "n_class_1": 40, "auroc": 0.48145161290322586}}}