{"subject_id": "S21", "k_shots": {"5": {"accuracy": 0.7804878048780488, "balanced_accuracy": 0.8875, "f1_score": 0.8732394366197183, "tn": 1, "fp": 0, "fn": 9, "tp": 31, "n_samples": 41, "n_class_0": 1, "n_class_1": 40, "auroc": 0.95}, "10": {"accuracy": 0.8780487804878049, "balanced_accuracy": 0.9375, "f1_score": 0.9333333333333333, "tn": 1, "fp": 0, "fn": 5, "tp": 35, "n_samples": 41, "n_class_0": 1, "n_class_1": 40, "auroc": 0.925}, "20": {"accuracy": 0.8780487804878049, "balanced_accuracy": 0.9375, "f1_score": 0.9333333333333333, "tn": 1, "fp": 0, "fn": 5, "tp": 35, "n_samples": 41, "n_class_0": 1, "n_class_1": 40, "auroc": 1.0}}}