{"subject_id": "S07", "k_shots": {"5": {"accuracy": 0.6557377049180327, "balanced_accuracy": 0.5904761904761905, "f1_score": 0.7529411764705882, "tn": 8, "fp": 13, "fn": 8, "tp": 32, "n_samples": 61, "n_class_0": 21, "n_class_1": 40, "auroc": 0.6595238095238095}, "10": {"accuracy": 0.603448275862069, "balanced_accuracy": 0.575, "f1_score": 0.6933333333333334, "tn": 9, "fp": 9, "fn": 14, "tp": 26, "n_samples": 58, "n_class_0": 18, "n_class_1": 40, "auroc": 0.6569444444444444}, "20": {"accuracy": 0.6226415094339622, "balanced_accuracy": 0.6461538461538461, "f1_score": 0.7058823529411765, "tn": 9, "fp": 4, "fn": 16, "tp": 24, "n_samples": 53, "n_class_0": 13, "n_class_1": 40, "auroc": 0.7576923076923077}}}