{"subject_id": "S14", "k_shots": {"5": {"accuracy": 0.3, "balanced_accuracy": 0.3, "f1_score": 0.391304347826087, "tn": 6, "fp": 34, "fn": 22, "tp": 18, "n_samples": 80, "n_class_0": 40, "n_class_1": 40, "auroc": 0.215625}, "10": {"accuracy": 0.5625, "balanced_accuracy": 0.5625, "f1_score": 0.5205479452054794, "tn": 26, "fp": 14, "fn": 21, "tp": 19, "n_samples": 80, "n_class_0": 40, "n_class_1": 40, "auroc": 0.535625}, "20": {"accuracy": 0.525, "balanced_accuracy": 0.5249999999999999, "f1_score": 0.5476190476190477, "tn": 19, "fp": 21, "fn": 17, "tp": 23, "n_samples": 80, "n_class_0": 40, "n_class_1": 40, "auroc": 0.473125}}}