{"subject_id": "S12", "k_shots": {"5": {"accuracy": 0.4657534246575342, "balanced_accuracy": 0.4833333333333333, "f1_score": 0.5301204819277109, "tn": 12, "fp": 28, "fn": 11, "tp": 22, "n_samples": 73, "n_class_0": 40, "n_class_1": 33, "auroc": 0.4651515151515152}, "10": {"accuracy": 0.6857142857142857, "balanced_accuracy": 0.65, "f1_score": 0.5217391304347826, "tn": 36, "fp": 4, "fn": 18, "tp": 12, "n_samples": 70, "n_class_0": 40, "n_class_1": 30, "auroc": 0.6241666666666666}, "20": {"accuracy": 0.5692307692307692, "balanced_accuracy": 0.575, "f1_score": 0.5172413793103449, "tn": 22, "fp": 18, "fn": 10, "tp": 15, "n_samples": 65, "n_class_0": 40, "n_class_1": 25, "auroc": 0.607}}}