{"subject_id": "S11", "k_shots": {"5": {"accuracy": 0.575, "balanced_accuracy": 0.575, "f1_score": 0.6136363636363636, "tn": 19, "fp": 21, "fn": 13, "tp": 27, "n_samples": 80, "n_class_0": 40, "n_class_1": 40, "auroc": 0.5475}, "10": {"accuracy": 0.5875, "balanced_accuracy": 0.5874999999999999, "f1_score": 0.5925925925925926, "tn": 23, "fp": 17, "fn": 16, "tp": 24, "n_samples": 80, "n_class_0": 40, "n_class_1": 40, "auroc": 0.5950000000000001}, "20": {"accuracy": 0.5375, "balanced_accuracy": 0.5375, "f1_score": 0.5066666666666667, "tn": 24, "fp": 16, "fn": 21, "tp": 19, "n_samples": 80, "n_class_0": 40, "n_class_1": 40, "auroc": 0.57625}}}