{"subject_id": "S06", "k_shots": {"5": {"accuracy": 0.48148148148148145, "balanced_accuracy": 0.6035714285714285, "f1_score": 0.5, "tn": 12, "fp": 2, "fn": 26, "tp": 14, "n_samples": 54, "n_class_0": 14, "n_class_1": 40, "auroc": 0.5767857142857142}, "10": {"accuracy": 0.6666666666666666, "balanced_accuracy": 0.6886363636363637, "f1_score": 0.7536231884057971, "tn": 8, "fp": 3, "fn": 14, "tp": 26, "n_samples": 51, "n_class_0": 11, "n_class_1": 40, "auroc": 0.725}, "20": {"accuracy": 0.6739130434782609, "balanced_accuracy": 0.6, "f1_score": 0.7887323943661971, "tn": 3, "fp": 3, "fn": 12, "tp": 28, "n_samples": 46, "n_class_0": 6, "n_class_1": 40, "auroc": 0.7208333333333333}}}