{"subject_id": "S18", "k_shots": {"5": {"accuracy": 0.5875, "balanced_accuracy": 0.5875, "f1_score": 0.611764705882353, "tn": 21, "fp": 19, "fn": 14, "tp": 26, "n_samples": 80, "n_class_0": 40, "n_class_1": 40, "auroc": 0.5556249999999999}, "10": {"accuracy": 0.5, "balanced_accuracy": 0.5, "f1_score": 0.5348837209302325, "tn": 17, "fp": 23, "fn": 17, "tp": 23, "n_samples": 80, "n_class_0": 40, "n_class_1": 40, "auroc": 0.505}, "20": {"accuracy": 0.4375, "balanced_accuracy": 0.4375, "f1_score": 0.4943820224719101, "tn": 13, "fp": 27, "fn": 18, "tp": 22, "n_samples": 80, "n_class_0": 40, "n_class_1": 40, "auroc": 0.45875}}}