{"subject_id": "S24", "k_shots": {"5": {"accuracy": 0.5125, "balanced_accuracy": 0.5125, "f1_score": 0.3389830508474576, "tn": 31, "fp": 9, "fn": 30, "tp": 10, "n_samples": 80, "n_class_0": 40, "n_class_1": 40, "auroc": 0.46125000000000005}, "10": {"accuracy": 0.4875, "balanced_accuracy": 0.48750000000000004, "f1_score": 0.4675324675324675, "tn": 21, "fp": 19, "fn": 22, "tp": 18, "n_samples": 80, "n_class_0": 40, "n_class_1": 40, "auroc": 0.47062500000000007}, "20": {"accuracy": 0.475, "balanced_accuracy": 0.475, "f1_score": 0.4166666666666667, "tn": 23, "fp": 17, "fn": 25, "tp": 15, "n_samples": 80, "n_class_0": 40, "n_class_1": 40, "auroc": 0.48187500000000005}}}