{"subject_id": "S17", "k_shots": {"5": {"accuracy": 0.65, "balanced_accuracy": 0.6499999999999999, "f1_score": 0.6744186046511628, "tn": 23, "fp": 17, "fn": 11, "tp": 29, "n_samples": 80, "n_class_0": 40, "n_class_1": 40, "auroc": 0.695625}, "10": {"accuracy": 0.6, "balanced_accuracy": 0.6, "f1_score": 0.6363636363636364, "tn": 20, "fp": 20, "fn": 12, "tp": 28, "n_samples": 80, "n_class_0": 40, "n_class_1": 40, "auroc": 0.68625}, "20": {"accuracy": 0.525, "balanced_accuracy": 0.525, "f1_score": 0.4864864864864865, "tn": 24, "fp": 16, "fn": 22, "tp": 18, "n_samples": 80, "n_class_0": 40, "n_class_1": 40, "auroc": 0.545625}}}