{"subject_id": "S22", "k_shots": {"5": {"accuracy": 0.5454545454545454, "balanced_accuracy": 0.3076923076923077, "f1_score": 0.7058823529411765, "tn": 0, "fp": 5, "fn": 15, "tp": 24, "n_samples": 44, "n_class_0": 5, "n_class_1": 39, "auroc": 0.2461538461538461}, "10": {"accuracy": 0.7368421052631579, "balanced_accuracy": 0.3888888888888889, "f1_score": 0.8484848484848485, "tn": 0, "fp": 2, "fn": 8, "tp": 28, "n_samples": 38, "n_class_0": 2, "n_class_1": 36, "auroc": 0.1111111111111111}, "20": {"accuracy": 0.71875, "balanced_accuracy": 0.8548387096774194, "f1_score": 0.8301886792452831, "tn": 1, "fp": 0, "fn": 9, "tp": 22, "n_samples": 32, "n_class_0": 1, "n_class_1": 31, "auroc": 0.967741935483871}}}