{"subject_id": "S16", "k_shots": {"5": {"accuracy": 0.475, "balanced_accuracy": 0.475, "f1_score": 0.4878048780487805, "tn": 18, "fp": 22, "fn": 20, "tp": 20, "n_samples": 80, "n_class_0": 40, "n_class_1": 40, "auroc": 0.4568749999999999}, "10": {"accuracy": 0.6, "balanced_accuracy": 0.6000000000000001, "f1_score": 0.6666666666666666, "tn": 16, "fp": 24, "fn": 8, "tp": 32, "n_samples": 80, "n_class_0": 40, "n_class_1": 40, "auroc": 0.621875}, "20": {"accuracy": 0.5625, "balanced_accuracy": 0.5625, "f1_score": 0.5882352941176471, "tn": 20, "fp": 20, "fn": 15, "tp": 25, "n_samples": 80, "n_class_0": 40, "n_class_1": 40, "auroc": 0.5175}}}