{"subject_id": "S23", "k_shots": {"5": {"accuracy": 0.4, "balanced_accuracy": 0.4, "f1_score": 0.4, "tn": 16, "fp": 24, "fn": 24, "tp": 16, "n_samples": 80, "n_class_0": 40, "n_class_1": 40, "auroc": 0.32500000000000007}, "10": {"accuracy": 0.5375, "balanced_accuracy": 0.5375, "f1_score": 0.4788732394366197, "tn": 26, "fp": 14, "fn": 23, "tp": 17, "n_samples": 80, "n_class_0": 40, "n_class_1": 40, "auroc": 0.578125}, "20": {"accuracy": 0.3875, "balanced_accuracy": 0.3875, "f1_score": 0.46153846153846156, "tn": 10, "fp": 30, "fn": 19, "tp": 21, "n_samples": 80, "n_class_0": 40, "n_class_1": 40, "auroc": 0.45}}}