{"subject_id": "S24", "k_shots": {"5": {"accuracy": 0.57625, "balanced_accuracy": 0.57625, "f1_score": 0.6103916887276333, "auroc": 0.6179374999999999}, "10": {"accuracy": 0.6325, "balanced_accuracy": 0.6325000000000001, "f1_score": 0.6221868784222586, "auroc": 0.68225}, "20": {"accuracy": 0.655, "balanced_accuracy": 0.655, "f1_score": 0.6396846355030138, "auroc": 0.6874374999999999}}}