{"subject_id": "S16", "k_shots": {"5": {"accuracy": 0.56375, "balanced_accuracy": 0.56375, "f1_score": 0.5594866608804294, "auroc": 0.5854375}, "10": {"accuracy": 0.5462500000000001, "balanced_accuracy": 0.5462500000000001, "f1_score": 0.5444845215292109, "auroc": 0.588}, "20": {"accuracy": 0.5287499999999999, "balanced_accuracy": 0.5287499999999999, "f1_score": 0.520490005305682, "auroc": 0.5841875}}}