{"subject_id": "S14", "k_shots": {"5": {"accuracy": 0.635, "balanced_accuracy": 0.635, "f1_score": 0.6046803231407567, "auroc": 0.686625}, "10": {"accuracy": 0.60375, "balanced_accuracy": 0.60375, "f1_score": 0.5697901794235987, "auroc": 0.6527499999999999}, "20": {"accuracy": 0.67375, "balanced_accuracy": 0.67375, "f1_score": 0.678839503700222, "auroc": 0.7395}}}