{"subject_id": "S07", "k_shots": {"5": {"accuracy": 0.6868852459016394, "balanced_accuracy": 0.7126190476190477, "f1_score": 0.713147368893552, "auroc": 0.7854761904761904}, "10": {"accuracy": 0.7155172413793104, "balanced_accuracy": 0.7234722222222223, "f1_score": 0.7667272612928915, "auroc": 0.8090277777777779}, "20": {"accuracy": 0.7547169811320755, "balanced_accuracy": 0.754423076923077, "f1_score": 0.8189811104418615, "auroc": 0.8278846153846153}}}