{"subject_id": "S17", "k_shots": {"5": {"accuracy": 0.7374999999999999, "balanced_accuracy": 0.7374999999999999, "f1_score": 0.7548200718566291, "auroc": 0.8216875}, "10": {"accuracy": 0.735, "balanced_accuracy": 0.735, "f1_score": 0.7263012116955352, "auroc": 0.8125625}, "20": {"accuracy": 0.8025, "balanced_accuracy": 0.8025, "f1_score": 0.8060604840296005, "auroc": 0.8481875000000001}}}