{"subject_id": "S06", "k_shots": {"5": {"accuracy": 0.5740740740740741, "balanced_accuracy": 0.5383928571428571, "f1_score": 0.6571346121687106, "auroc": 0.5833928571428572}, "10": {"accuracy": 0.6254901960784314, "balanced_accuracy": 0.5997727272727272, "f1_score": 0.721320041253046, "auroc": 0.6218181818181818}, "20": {"accuracy": 0.5282608695652173, "balanced_accuracy": 0.5375, "f1_score": 0.6516819715532292, "auroc": 0.6041666666666667}}}