{"subject_id": "S20", "k_shots": {"5": {"accuracy": 0.5569620253164558, "balanced_accuracy": 0.5571794871794872, "f1_score": 0.5215676031023195, "auroc": 0.5694871794871794}, "10": {"accuracy": 0.6013157894736842, "balanced_accuracy": 0.5980555555555556, "f1_score": 0.6272128585177235, "auroc": 0.6409027777777778}, "20": {"accuracy": 0.6352112676056338, "balanced_accuracy": 0.6276209677419355, "f1_score": 0.6767878894243766, "auroc": 0.6645967741935483}}}