{"subject_id": "S18", "k_shots": {"5": {"accuracy": 0.5437500000000001, "balanced_accuracy": 0.54375, "f1_score": 0.5484917208720732, "auroc": 0.5336874999999999}, "10": {"accuracy": 0.5762499999999999, "balanced_accuracy": 0.5762499999999999, "f1_score": 0.5411778897463527, "auroc": 0.6336875}, "20": {"accuracy": 0.6237499999999999, "balanced_accuracy": 0.62375, "f1_score": 0.6114219076711094, "auroc": 0.6541875}}}