{"subject_id": "S22", "k_shots": {"5": {"accuracy": 0.625, "balanced_accuracy": 0.648974358974359, "f1_score": 0.7333568930176879, "auroc": 0.702051282051282}, "10": {"accuracy": 0.7684210526315789, "balanced_accuracy": 0.6416666666666666, "f1_score": 0.858691136669953, "auroc": 0.6736111111111112}, "20": {"accuracy": 0.875, "balanced_accuracy": 0.6451612903225807, "f1_score": 0.9320626676775354, "auroc": 0.7}}}