{"subject_id": "S21", "k_shots": {"5": {"accuracy": 0.9268292682926829, "balanced_accuracy": 0.9137500000000001, "f1_score": 0.9598684771875179, "auroc": 0.9924999999999999}, "10": {"accuracy": 0.9439024390243901, "balanced_accuracy": 0.87375, "f1_score": 0.9698685241828702, "auroc": 0.9949999999999999}, "20": {"accuracy": 0.9707317073170731, "balanced_accuracy": 0.8387500000000001, "f1_score": 0.9848393679300852, "auroc": 0.9924999999999999}}}