{"subject_id": "S26", "k_shots": {"5": {"accuracy": 0.5312499999999999, "balanced_accuracy": 0.53125, "f1_score": 0.5372401215497191, "auroc": 0.5382499999999999}, "10": {"accuracy": 0.5137500000000002, "balanced_accuracy": 0.5137500000000002, "f1_score": 0.5185621805402046, "auroc": 0.51325}, "20": {"accuracy": 0.4875, "balanced_accuracy": 0.4875, "f1_score": 0.4662913228424143, "auroc": 0.4961875}}}