{"subject_id": "S23", "k_shots": {"5": {"accuracy": 0.5374999999999999, "balanced_accuracy": 0.5375, "f1_score": 0.5151240866396434, "auroc": 0.5650625}, "10": {"accuracy": 0.5387500000000001, "balanced_accuracy": 0.5387500000000001, "f1_score": 0.5336197659820897, "auroc": 0.5673125}, "20": {"accuracy": 0.5574999999999999, "balanced_accuracy": 0.5574999999999999, "f1_score": 0.5687058178499039, "auroc": 0.5813750000000001}}}