{"subject_id": "S11", "k_shots": {"5": {"accuracy": 0.555, "balanced_accuracy": 0.555, "f1_score": 0.5778560332195312, "auroc": 0.5738125000000001}, "10": {"accuracy": 0.56875, "balanced_accuracy": 0.56875, "f1_score": 0.6038402214009646, "auroc": 0.6065}, "20": {"accuracy": 0.60375, "balanced_accuracy": 0.60375, "f1_score": 0.6053773924643122, "auroc": 0.6137499999999999}}}