{"subject_id": "S12", "k_shots": {"5": {"accuracy": 0.563013698630137, "balanced_accuracy": 0.5612121212121212, "f1_score": 0.510952494659801, "auroc": 0.589469696969697}, "10": {"accuracy": 0.5742857142857143, "balanced_accuracy": 0.5691666666666667, "f1_score": 0.5094206321641418, "auroc": 0.5980000000000001}, "20": {"accuracy": 0.5769230769230769, "balanced_accuracy": 0.5685, "f1_score": 0.48563564218790967, "auroc": 0.5941000000000001}}}