{"subject_id": "S13", "k_shots": {"5": {"accuracy": 0.5737500000000001, "balanced_accuracy": 0.5737500000000001, "f1_score": 0.539831786496725, "auroc": 0.5878125}, "10": {"accuracy": 0.6024999999999999, "balanced_accuracy": 0.6024999999999999, "f1_score": 0.6152300851238596, "auroc": 0.65325}, "20": {"accuracy": 0.61375, "balanced_accuracy": 0.6137500000000001, "f1_score": 0.643924374583317, "auroc": 0.6548125}}}