{"subject_id": "S13", "zero_shot": {"accuracy": 0.5759717314487632, "balanced_accuracy": 0.5750674258315853, "f1_score": 0.6629213483146067, "tn": 45, "fp": 96, "fn": 24, "tp": 118, "n_samples": 283, "n_class_0": 141, "n_class_1": 142, "auroc": 0.6238637498751374}, "k_shots": {"5": {"accuracy": 0.6000000000000001, "balanced_accuracy": 0.6000000000000001, "f1_score": 0.6151832147853081, "auroc": 0.6198300000000001}, "10": {"accuracy": 0.6075, "balanced_accuracy": 0.6075, "f1_score": 0.6360097840233235, "auroc": 0.6255300000000001}, "20": {"accuracy": 0.612, "balanced_accuracy": 0.612, "f1_score": 0.6365696923436486, "auroc": 0.63538}}}