{"subject_id": "S18", "zero_shot": {"accuracy": 0.6035502958579881, "balanced_accuracy": 0.560287081339713, "f1_score": 0.6995515695067265, "tn": 24, "fp": 31, "fn": 36, "tp": 78, "n_samples": 169, "n_class_0": 55, "n_class_1": 114, "auroc": 0.5526315789473684}, "k_shots": {"5": {"accuracy": 0.45272727272727264, "balanced_accuracy": 0.547081881533101, "f1_score": 0.48639253901073704, "auroc": 0.5768728222996515}, "10": {"accuracy": 0.47850467289719634, "balanced_accuracy": 0.5396247739602169, "f1_score": 0.53511752783059, "auroc": 0.549638336347197}, "20": {"accuracy": 0.5352941176470588, "balanced_accuracy": 0.5431949806949807, "f1_score": 0.61112330333267, "auroc": 0.5621138996138996}}}