{"subject_id": "S24", "zero_shot": {"accuracy": 0.7177700348432056, "balanced_accuracy": 0.5896135265700483, "f1_score": 0.8179775280898877, "tn": 24, "fp": 56, "fn": 25, "tp": 182, "n_samples": 287, "n_class_0": 80, "n_class_1": 207, "auroc": 0.6335144927536231}, "k_shots": {"5": {"accuracy": 0.5057142857142857, "balanced_accuracy": 0.57075, "f1_score": 0.527815000807695, "auroc": 0.6457499999999999}, "10": {"accuracy": 0.5535714285714285, "balanced_accuracy": 0.5945, "f1_score": 0.6099411241356485, "auroc": 0.635}, "20": {"accuracy": 0.5921428571428571, "balanced_accuracy": 0.5930000000000001, "f1_score": 0.6720775957427799, "auroc": 0.63515}}}