{"subject_id": "S07", "zero_shot": {"accuracy": 0.8529411764705882, "balanced_accuracy": 0.6514532788854192, "f1_score": 0.9166666666666666, "tn": 9, "fp": 14, "fn": 16, "tp": 165, "n_samples": 204, "n_class_0": 23, "n_class_1": 181, "auroc": 0.6156617823684842}, "k_shots": {"5": {"accuracy": 0.5423423423423424, "balanced_accuracy": 0.5676767676767678, "f1_score": 0.6682111376872749, "auroc": 0.6179292929292929}, "10": {"accuracy": 0.5688073394495412, "balanced_accuracy": 0.5386597938144331, "f1_score": 0.697344942676506, "auroc": 0.5895189003436426}, "20": {"accuracy": 0.6192307692307691, "balanced_accuracy": 0.596376811594203, "f1_score": 0.7417189407708898, "auroc": 0.6467391304347826}}}