{"subject_id": "S12", "zero_shot": {"accuracy": 0.4639175257731959, "balanced_accuracy": 0.5557603686635945, "f1_score": 0.543859649122807, "tn": 14, "fp": 48, "fn": 4, "tp": 31, "n_samples": 97, "n_class_0": 62, "n_class_1": 35, "auroc": 0.5626728110599079}, "k_shots": {"5": {"accuracy": 0.4828125, "balanced_accuracy": 0.5827294685990337, "f1_score": 0.4666818654437347, "auroc": 0.5881642512077295}, "10": {"accuracy": 0.5114754098360657, "balanced_accuracy": 0.5743540051679586, "f1_score": 0.4664313922110532, "auroc": 0.5395348837209303}, "20": {"accuracy": 0.5464285714285715, "balanced_accuracy": 0.5809941520467836, "f1_score": 0.4874342849954818, "auroc": 0.5916666666666667}}}