{"subject_id": "S26", "zero_shot": {"accuracy": 0.6013513513513513, "balanced_accuracy": 0.5845227062094532, "f1_score": 0.6703910614525139, "tn": 29, "fp": 36, "fn": 23, "tp": 60, "n_samples": 148, "n_class_0": 65, "n_class_1": 83, "auroc": 0.5686746987951806}, "k_shots": {"5": {"accuracy": 0.6, "balanced_accuracy": 0.5902688860435339, "f1_score": 0.6740373540907644, "auroc": 0.5833973538198891}, "10": {"accuracy": 0.5911764705882352, "balanced_accuracy": 0.5705533596837945, "f1_score": 0.674922237182194, "auroc": 0.5699604743083004}, "20": {"accuracy": 0.6030927835051546, "balanced_accuracy": 0.5803267045454545, "f1_score": 0.683588225897559, "auroc": 0.5826704545454546}}}