{"subject_id": "S06", "zero_shot": {"accuracy": 0.6571428571428571, "balanced_accuracy": 0.5833333333333333, "f1_score": 0.7857142857142857, "tn": 8, "fp": 8, "fn": 88, "tp": 176, "n_samples": 280, "n_class_0": 16, "n_class_1": 264, "auroc": 0.5778882575757576}, "k_shots": {"5": {"accuracy": 0.6555555555555556, "balanced_accuracy": 0.58975, "f1_score": 0.778810971660594, "auroc": 0.5773750000000001}, "10": {"accuracy": 0.6175925925925926, "balanced_accuracy": 0.58075, "f1_score": 0.7491459240465588, "auroc": 0.5823750000000001}, "20": {"accuracy": 0.6027777777777777, "balanced_accuracy": 0.59575, "f1_score": 0.7363122257062291, "auroc": 0.61025}}}