{"subject_id": "S18", "zero_shot": {"accuracy": 0.5502958579881657, "balanced_accuracy": 0.5302232854864434, "f1_score": 0.638095238095238, "tn": 26, "fp": 29, "fn": 47, "tp": 67, "n_samples": 169, "n_class_0": 55, "n_class_1": 114, "auroc": 0.5535885167464115}, "k_shots": {"5": {"accuracy": 0.5609090909090909, "balanced_accuracy": 0.5373257839721254, "f1_score": 0.6640857872797253, "auroc": 0.5501306620209059}, "10": {"accuracy": 0.5224299065420559, "balanced_accuracy": 0.5255650994575045, "f1_score": 0.6137914620424274, "auroc": 0.5359403254972874}, "20": {"accuracy": 0.5245098039215687, "balanced_accuracy": 0.5168918918918919, "f1_score": 0.6157667119898859, "auroc": 0.5397200772200772}}}