{"subject_id": "S16", "zero_shot": {"accuracy": 0.5283018867924528, "balanced_accuracy": 0.4976054938104274, "f1_score": 0.6402877697841727, "tn": 23, "fp": 70, "fn": 30, "tp": 89, "n_samples": 212, "n_class_0": 93, "n_class_1": 119, "auroc": 0.5361886690159935}, "k_shots": {"5": {"accuracy": 0.5163265306122449, "balanced_accuracy": 0.5108723404255319, "f1_score": 0.5903551298663071, "auroc": 0.5376170212765957}, "10": {"accuracy": 0.508843537414966, "balanced_accuracy": 0.5127021276595745, "f1_score": 0.5792211608261515, "auroc": 0.5363191489361703}, "20": {"accuracy": 0.5076923076923077, "balanced_accuracy": 0.49867021276595747, "f1_score": 0.5869174013463697, "auroc": 0.5355496453900709}}}