{"subject_id": "S17", "zero_shot": {"accuracy": 0.643598615916955, "balanced_accuracy": 0.6003703703703703, "f1_score": 0.7310704960835509, "tn": 46, "fp": 54, "fn": 49, "tp": 140, "n_samples": 289, "n_class_0": 100, "n_class_1": 189, "auroc": 0.6632804232804232}, "k_shots": {"5": {"accuracy": 0.6106666666666667, "balanced_accuracy": 0.5774999999999999, "f1_score": 0.6952778155665686, "auroc": 0.64162}, "10": {"accuracy": 0.6220000000000001, "balanced_accuracy": 0.6034999999999999, "f1_score": 0.6978477513732875, "auroc": 0.6746399999999999}, "20": {"accuracy": 0.6113333333333333, "balanced_accuracy": 0.5810000000000001, "f1_score": 0.6960864167845024, "auroc": 0.6492600000000001}}}