{"subject_id": "S22", "zero_shot": {"accuracy": 0.7291666666666666, "balanced_accuracy": 0.6637630662020906, "f1_score": 0.8266666666666667, "tn": 4, "fp": 3, "fn": 10, "tp": 31, "n_samples": 48, "n_class_0": 7, "n_class_1": 41, "auroc": 0.6794425087108014}, "k_shots": {"5": {"accuracy": 0.6319999999999999, "balanced_accuracy": 0.5988095238095237, "f1_score": 0.7245445975791978, "auroc": 0.6773809523809524}, "10": {"accuracy": 0.6869565217391305, "balanced_accuracy": 0.6328947368421052, "f1_score": 0.7846572699513876, "auroc": 0.6723684210526316}, "20": {"accuracy": 0.6722222222222223, "balanced_accuracy": 0.6196428571428572, "f1_score": 0.7712136752136751, "auroc": 0.6535714285714285}}}