{"subject_id": "S20", "zero_shot": {"accuracy": 0.5882352941176471, "balanced_accuracy": 0.6012836970474968, "f1_score": 0.6585365853658537, "tn": 26, "fp": 15, "fn": 41, "tp": 54, "n_samples": 136, "n_class_0": 41, "n_class_1": 95, "auroc": 0.6233632862644416}, "k_shots": {"5": {"accuracy": 0.5627906976744186, "balanced_accuracy": 0.5753846153846153, "f1_score": 0.6487873209799963, "auroc": 0.6219780219780219}, "10": {"accuracy": 0.5452380952380953, "balanced_accuracy": 0.5714285714285714, "f1_score": 0.626477042552975, "auroc": 0.6061980347694633}, "20": {"accuracy": 0.5810126582278481, "balanced_accuracy": 0.5916256157635469, "f1_score": 0.6647657683527405, "auroc": 0.6358784893267652}}}