{"subject_id": "S21", "zero_shot": {"accuracy": 0.5833333333333334, "balanced_accuracy": 0.7807017543859649, "f1_score": 0.7191011235955056, "tn": 3, "fp": 0, "fn": 25, "tp": 32, "n_samples": 60, "n_class_0": 3, "n_class_1": 57, "auroc": 0.8596491228070176}, "k_shots": {"5": {"accuracy": 0.6310344827586207, "balanced_accuracy": 0.8018518518518519, "f1_score": 0.7470731307658367, "auroc": 0.8648148148148149}, "10": {"accuracy": 0.6814814814814815, "balanced_accuracy": 0.828, "f1_score": 0.7892687654531999, "auroc": 0.882}, "20": {"accuracy": 0.7000000000000001, "balanced_accuracy": 0.835, "f1_score": 0.8004283140431147, "auroc": 0.8875}}}