{"subject_id": "S07", "zero_shot": {"accuracy": 0.7990196078431373, "balanced_accuracy": 0.6210665385539275, "f1_score": 0.8825214899713467, "tn": 9, "fp": 14, "fn": 27, "tp": 154, "n_samples": 204, "n_class_0": 23, "n_class_1": 181, "auroc": 0.6178236848426615}, "k_shots": {"5": {"accuracy": 0.6360360360360361, "balanced_accuracy": 0.5689393939393939, "f1_score": 0.7569880772916961, "auroc": 0.5892255892255893}, "10": {"accuracy": 0.6137614678899083, "balanced_accuracy": 0.5493127147766323, "f1_score": 0.7381646136534883, "auroc": 0.5719931271477663}, "20": {"accuracy": 0.6115384615384614, "balanced_accuracy": 0.610144927536232, "f1_score": 0.7348318804227555, "auroc": 0.6419384057971015}}}