{"subject_id": "S24", "zero_shot": {"accuracy": 0.6759581881533101, "balanced_accuracy": 0.5836352657004831, "f1_score": 0.7790973871733967, "tn": 30, "fp": 50, "fn": 43, "tp": 164, "n_samples": 287, "n_class_0": 80, "n_class_1": 207, "auroc": 0.6327294685990339}, "k_shots": {"5": {"accuracy": 0.6100000000000001, "balanced_accuracy": 0.6024999999999999, "f1_score": 0.6866297989222705, "auroc": 0.6368}, "10": {"accuracy": 0.6135714285714287, "balanced_accuracy": 0.6005, "f1_score": 0.69881229642616, "auroc": 0.6307}, "20": {"accuracy": 0.6214285714285716, "balanced_accuracy": 0.603, "f1_score": 0.7083742806852893, "auroc": 0.6243249999999999}}}