{"subject_id": "S24", "k_shots": {"5": {"accuracy": 0.5774999999999999, "balanced_accuracy": 0.5774999999999999, "f1_score": 0.5895445000578212, "auroc": 0.6180000000000001}, "10": {"accuracy": 0.5824999999999999, "balanced_accuracy": 0.5824999999999999, "f1_score": 0.5709875069153967, "auroc": 0.6162499999999999}, "20": {"accuracy": 0.4925, "balanced_accuracy": 0.4925, "f1_score": 0.47674836208060156, "auroc": 0.5374999999999999}}}