{"subject_id": "S16", "k_shots": {"5": {"accuracy": 0.51, "balanced_accuracy": 0.51, "f1_score": 0.44559432769959084, "auroc": 0.491375}, "10": {"accuracy": 0.465, "balanced_accuracy": 0.465, "f1_score": 0.3923075136396135, "auroc": 0.477}, "20": {"accuracy": 0.49749999999999994, "balanced_accuracy": 0.4974999999999999, "f1_score": 0.39241605032232046, "auroc": 0.513}}}