{"subject_id": "S11", "k_shots": {"5": {"accuracy": 0.48250000000000004, "balanced_accuracy": 0.48250000000000004, "f1_score": 0.4683709337595666, "auroc": 0.49762500000000004}, "10": {"accuracy": 0.5475, "balanced_accuracy": 0.5475, "f1_score": 0.6020798777301604, "auroc": 0.5535}, "20": {"accuracy": 0.53, "balanced_accuracy": 0.53, "f1_score": 0.5212314598462755, "auroc": 0.5682499999999999}}}