{"subject_id": "S23", "k_shots": {"5": {"accuracy": 0.595, "balanced_accuracy": 0.595, "f1_score": 0.6126468029437855, "auroc": 0.634375}, "10": {"accuracy": 0.5874999999999999, "balanced_accuracy": 0.5875, "f1_score": 0.6064278543894936, "auroc": 0.6492500000000001}, "20": {"accuracy": 0.515, "balanced_accuracy": 0.515, "f1_score": 0.44882664310541687, "auroc": 0.5415}}}