{"subject_id": "S12", "k_shots": {"5": {"accuracy": 0.5125, "balanced_accuracy": 0.5125, "f1_score": 0.47119466519846026, "auroc": 0.50575}, "10": {"accuracy": 0.505, "balanced_accuracy": 0.505, "f1_score": 0.4569747516112025, "auroc": 0.5005}, "20": {"accuracy": 0.48249999999999993, "balanced_accuracy": 0.48249999999999993, "f1_score": 0.45497707911605617, "auroc": 0.47325}}}