{"subject_id": "S07", "k_shots": {"5": {"accuracy": 0.4725, "balanced_accuracy": 0.4725, "f1_score": 0.4423894190743399, "auroc": 0.47300000000000003}, "10": {"accuracy": 0.5078947368421053, "balanced_accuracy": 0.5052777777777778, "f1_score": 0.5005377459640716, "auroc": 0.49777777777777776}, "20": {"accuracy": 0.6181818181818182, "balanced_accuracy": 0.5490384615384615, "f1_score": 0.7326127313534684, "auroc": 0.6134615384615383}}}