{"subject_id": "S17", "k_shots": {"5": {"accuracy": 0.6450000000000001, "balanced_accuracy": 0.6450000000000001, "f1_score": 0.6641808294215504, "auroc": 0.7095}, "10": {"accuracy": 0.5875000000000001, "balanced_accuracy": 0.5875000000000001, "f1_score": 0.46654933994263403, "auroc": 0.6642499999999999}, "20": {"accuracy": 0.615, "balanced_accuracy": 0.615, "f1_score": 0.60091980520353, "auroc": 0.6782499999999999}}}