{"subject_id": "S20", "k_shots": {"5": {"accuracy": 0.5225, "balanced_accuracy": 0.5225, "f1_score": 0.44728750923872873, "auroc": 0.5285000000000001}, "10": {"accuracy": 0.5199999999999999, "balanced_accuracy": 0.52, "f1_score": 0.46205443385185185, "auroc": 0.5337500000000001}, "20": {"accuracy": 0.5025000000000001, "balanced_accuracy": 0.5025000000000001, "f1_score": 0.37278857213639827, "auroc": 0.45175}}}