{"subject_id": "S06", "k_shots": {"5": {"accuracy": 0.4794117647058824, "balanced_accuracy": 0.48357142857142865, "f1_score": 0.4700746918792268, "auroc": 0.4685714285714286}, "10": {"accuracy": 0.4967741935483871, "balanced_accuracy": 0.4995454545454545, "f1_score": 0.5233529125522762, "auroc": 0.5036363636363637}, "20": {"accuracy": 0.5038461538461538, "balanced_accuracy": 0.485, "f1_score": 0.5966603037392286, "auroc": 0.4375}}}