{"subject_id": "S22", "k_shots": {"5": {"accuracy": 0.5359999999999999, "balanced_accuracy": 0.5075, "f1_score": 0.6075469991653504, "auroc": 0.5015000000000001}, "10": {"accuracy": 0.5909090909090908, "balanced_accuracy": 0.5275, "f1_score": 0.6764954501579207, "auroc": 0.5650000000000001}, "20": {"accuracy": 0.719047619047619, "balanced_accuracy": 0.615, "f1_score": 0.810401111759346, "auroc": 0.5700000000000001}}}