{"subject_id": "S18", "k_shots": {"5": {"accuracy": 0.5249999999999999, "balanced_accuracy": 0.5249999999999999, "f1_score": 0.4429512567653224, "auroc": 0.55825}, "10": {"accuracy": 0.46499999999999997, "balanced_accuracy": 0.46499999999999997, "f1_score": 0.43641973606259316, "auroc": 0.4505}, "20": {"accuracy": 0.4725, "balanced_accuracy": 0.4725, "f1_score": 0.4566096519861536, "auroc": 0.4925}}}