{"subject_id": "S26", "k_shots": {"5": {"accuracy": 0.53, "balanced_accuracy": 0.53, "f1_score": 0.49002870813397126, "auroc": 0.5197499999999999}, "10": {"accuracy": 0.5275, "balanced_accuracy": 0.5275, "f1_score": 0.5355734669623622, "auroc": 0.5325}, "20": {"accuracy": 0.48999999999999994, "balanced_accuracy": 0.48999999999999994, "f1_score": 0.4690057570126272, "auroc": 0.522}}}