{"subject_id": "S21", "k_shots": {"5": {"accuracy": 0.49523809523809526, "balanced_accuracy": 0.64, "f1_score": 0.6006458356458356, "auroc": 0.62}, "10": {"accuracy": 0.619047619047619, "balanced_accuracy": 0.42000000000000004, "f1_score": 0.7382813582813583, "auroc": 0.6300000000000001}, "20": {"accuracy": 0.8523809523809524, "balanced_accuracy": 0.44749999999999995, "f1_score": 0.9168450987770628, "auroc": 0.735}}}