{"subject_id": "S11", "k_shots": {"5": {"accuracy": 0.6229508196721312, "balanced_accuracy": 0.6196341463414634, "f1_score": 0.6916890080428955, "tn": 61, "fp": 39, "fn": 76, "tp": 129, "n_samples": 305, "n_class_0": 100, "n_class_1": 205, "auroc": 0.648390243902439}, "10": {"accuracy": 0.7090301003344481, "balanced_accuracy": 0.6238899663162192, "f1_score": 0.8009153318077803, "tn": 37, "fp": 60, "fn": 27, "tp": 175, "n_samples": 299, "n_class_0": 97, "n_class_1": 202, "auroc": 0.6798509747882004}, "20": {"accuracy": 0.5986159169550173, "balanced_accuracy": 0.5984054292650629, "f1_score": 0.6704545454545454, "tn": 55, "fp": 37, "fn": 79, "tp": 118, "n_samples": 289, "n_class_0": 92, "n_class_1": 197, "auroc": 0.6574155815493269}}}