{"subject_id": "S20", "k_shots": {"5": {"accuracy": 0.5735294117647058, "balanced_accuracy": 0.5422336328626445, "f1_score": 0.6704545454545454, "tn": 19, "fp": 22, "fn": 36, "tp": 59, "n_samples": 136, "n_class_0": 41, "n_class_1": 95, "auroc": 0.5802310654685494}, "10": {"accuracy": 0.5735294117647058, "balanced_accuracy": 0.5422336328626445, "f1_score": 0.6704545454545454, "tn": 19, "fp": 22, "fn": 36, "tp": 59, "n_samples": 136, "n_class_0": 41, "n_class_1": 95, "auroc": 0.5802310654685494}, "20": {"accuracy": 0.5735294117647058, "balanced_accuracy": 0.5422336328626445, "f1_score": 0.6704545454545454, "tn": 19, "fp": 22, "fn": 36, "tp": 59, "n_samples": 136, "n_class_0": 41, "n_class_1": 95, "auroc": 0.5802310654685494}}}