{"subject_id": "S24", "k_shots": {"5": {"accuracy": 0.4169611307420495, "balanced_accuracy": 0.5221075672295185, "f1_score": 0.4169611307420495, "tn": 59, "fp": 19, "fn": 146, "tp": 59, "n_samples": 283, "n_class_0": 78, "n_class_1": 205, "auroc": 0.4841776110068793}, "10": {"accuracy": 0.4187725631768953, "balanced_accuracy": 0.5386138613861386, "f1_score": 0.41025641025641024, "tn": 60, "fp": 15, "fn": 146, "tp": 56, "n_samples": 277, "n_class_0": 75, "n_class_1": 202, "auroc": 0.5725412541254126}, "20": {"accuracy": 0.602996254681648, "balanced_accuracy": 0.5467730239303843, "f1_score": 0.7119565217391305, "tn": 30, "fp": 40, "fn": 66, "tp": 131, "n_samples": 267, "n_class_0": 70, "n_class_1": 197, "auroc": 0.5717186366932558}}}