{"subject_id": "S06", "k_shots": {"5": {"accuracy": 0.26811594202898553, "balanced_accuracy": 0.5468920392584514, "f1_score": 0.3803680981595092, "tn": 12, "fp": 2, "fn": 200, "tp": 62, "n_samples": 276, "n_class_0": 14, "n_class_1": 262, "auroc": 0.5509814612868048}, "10": {"accuracy": 0.562962962962963, "balanced_accuracy": 0.5545805545805546, "f1_score": 0.7121951219512195, "tn": 6, "fp": 5, "fn": 113, "tp": 146, "n_samples": 270, "n_class_0": 11, "n_class_1": 259, "auroc": 0.5984555984555985}, "20": {"accuracy": 0.5692307692307692, "balanced_accuracy": 0.5354330708661417, "f1_score": 0.7213930348258707, "tn": 3, "fp": 3, "fn": 109, "tp": 145, "n_samples": 260, "n_class_0": 6, "n_class_1": 254, "auroc": 0.5787401574803149}}}