{"subject_id": "S16", "k_shots": {"5": {"accuracy": 0.5566037735849056, "balanced_accuracy": 0.5345622119815668, "f1_score": 0.6439393939393939, "tn": 33, "fp": 60, "fn": 34, "tp": 85, "n_samples": 212, "n_class_0": 93, "n_class_1": 119, "auroc": 0.5621668022047529}, "10": {"accuracy": 0.5566037735849056, "balanced_accuracy": 0.5345622119815668, "f1_score": 0.6439393939393939, "tn": 33, "fp": 60, "fn": 34, "tp": 85, "n_samples": 212, "n_class_0": 93, "n_class_1": 119, "auroc": 0.5621668022047529}, "20": {"accuracy": 0.5566037735849056, "balanced_accuracy": 0.5345622119815668, "f1_score": 0.6439393939393939, "tn": 33, "fp": 60, "fn": 34, "tp": 85, "n_samples": 212, "n_class_0": 93, "n_class_1": 119, "auroc": 0.5621668022047529}}}