{"subject_id": "S02", "k_shots": {"5": {"accuracy": 0.531578947368421, "balanced_accuracy": 0.4598089468779124, "f1_score": 0.6715867158671587, "tn": 10, "fp": 64, "fn": 25, "tp": 91, "n_samples": 190, "n_class_0": 74, "n_class_1": 116, "auroc": 0.5354147250698975}, "10": {"accuracy": 0.531578947368421, "balanced_accuracy": 0.4598089468779124, "f1_score": 0.6715867158671587, "tn": 10, "fp": 64, "fn": 25, "tp": 91, "n_samples": 190, "n_class_0": 74, "n_class_1": 116, "auroc": 0.5354147250698975}, "20": {"accuracy": 0.531578947368421, "balanced_accuracy": 0.4598089468779124, "f1_score": 0.6715867158671587, "tn": 10, "fp": 64, "fn": 25, "tp": 91, "n_samples": 190, "n_class_0": 74, "n_class_1": 116, "auroc": 0.5354147250698975}}}