{"subject_id": "S13", "k_shots": {"5": {"accuracy": 0.5698924731182796, "balanced_accuracy": 0.5709146968139773, "f1_score": 0.4, "tn": 119, "fp": 20, "fn": 100, "tp": 40, "n_samples": 279, "n_class_0": 139, "n_class_1": 140, "auroc": 0.6167523124357657}, "10": {"accuracy": 0.6043956043956044, "balanced_accuracy": 0.6043902962644911, "f1_score": 0.6058394160583942, "tn": 82, "fp": 54, "fn": 54, "tp": 83, "n_samples": 273, "n_class_0": 136, "n_class_1": 137, "auroc": 0.6245169600686991}, "20": {"accuracy": 0.6197718631178707, "balanced_accuracy": 0.619882026370576, "f1_score": 0.609375, "tn": 85, "fp": 46, "fn": 54, "tp": 78, "n_samples": 263, "n_class_0": 131, "n_class_1": 132, "auroc": 0.6430141105713625}}}