{"subject_id": "S14", "k_shots": {"5": {"accuracy": 0.592814371257485, "balanced_accuracy": 0.5835524280853697, "f1_score": 0.6582914572864321, "tn": 67, "fp": 55, "fn": 81, "tp": 131, "n_samples": 334, "n_class_0": 122, "n_class_1": 212, "auroc": 0.6107717290442314}, "10": {"accuracy": 0.5304878048780488, "balanced_accuracy": 0.5284467854127297, "f1_score": 0.5925925925925926, "tn": 62, "fp": 57, "fn": 97, "tp": 112, "n_samples": 328, "n_class_0": 119, "n_class_1": 209, "auroc": 0.5383378231675446}, "20": {"accuracy": 0.5251572327044025, "balanced_accuracy": 0.5389576883384933, "f1_score": 0.5698005698005698, "tn": 67, "fp": 47, "fn": 104, "tp": 100, "n_samples": 318, "n_class_0": 114, "n_class_1": 204, "auroc": 0.5467406260749914}}}