{"subject_id": "S13", "k_shots": {"5": {"accuracy": 0.5759717314487632, "balanced_accuracy": 0.575616821496354, "f1_score": 0.6153846153846154, "tn": 67, "fp": 74, "fn": 46, "tp": 96, "n_samples": 283, "n_class_0": 141, "n_class_1": 142, "auroc": 0.6141744081510339}, "10": {"accuracy": 0.5759717314487632, "balanced_accuracy": 0.575616821496354, "f1_score": 0.6153846153846154, "tn": 67, "fp": 74, "fn": 46, "tp": 96, "n_samples": 283, "n_class_0": 141, "n_class_1": 142, "auroc": 0.6141744081510339}, "20": {"accuracy": 0.5759717314487632, "balanced_accuracy": 0.575616821496354, "f1_score": 0.6153846153846154, "tn": 67, "fp": 74, "fn": 46, "tp": 96, "n_samples": 283, "n_class_0": 141, "n_class_1": 142, "auroc": 0.6141744081510339}}}