{"subject_id": "S14", "k_shots": {"5": {"accuracy": 0.5887573964497042, "balanced_accuracy": 0.5412646970153754, "f1_score": 0.6890380313199105, "tn": 45, "fp": 79, "fn": 60, "tp": 154, "n_samples": 338, "n_class_0": 124, "n_class_1": 214, "auroc": 0.5499321676213446}, "10": {"accuracy": 0.5887573964497042, "balanced_accuracy": 0.5412646970153754, "f1_score": 0.6890380313199105, "tn": 45, "fp": 79, "fn": 60, "tp": 154, "n_samples": 338, "n_class_0": 124, "n_class_1": 214, "auroc": 0.5499321676213446}, "20": {"accuracy": 0.5887573964497042, "balanced_accuracy": 0.5412646970153754, "f1_score": 0.6890380313199105, "tn": 45, "fp": 79, "fn": 60, "tp": 154, "n_samples": 338, "n_class_0": 124, "n_class_1": 214, "auroc": 0.5499321676213446}}}