{"subject_id": "S21", "k_shots": {"5": {"accuracy": 0.32142857142857145, "balanced_accuracy": 0.6545454545454545, "f1_score": 0.4722222222222222, "tn": 1, "fp": 0, "fn": 38, "tp": 17, "n_samples": 56, "n_class_0": 1, "n_class_1": 55, "auroc": 1.0}, "10": {"accuracy": 0.7884615384615384, "balanced_accuracy": 0.7884615384615384, "f1_score": 0.8817204301075269, "tn": 0, "fp": 0, "fn": 11, "tp": 41, "n_samples": 52, "n_class_0": 0, "n_class_1": 52, "auroc": NaN}, "20": {"accuracy": 0.8085106382978723, "balanced_accuracy": 0.8085106382978723, "f1_score": 0.8941176470588236, "tn": 0, "fp": 0, "fn": 9, "tp": 38, "n_samples": 47, "n_class_0": 0, "n_class_1": 47, "auroc": NaN}}}