{"subject_id": "S12", "k_shots": {"5": {"accuracy": 0.4731182795698925, "balanced_accuracy": 0.5371212121212121, "f1_score": 0.5050505050505051, "tn": 19, "fp": 41, "fn": 8, "tp": 25, "n_samples": 93, "n_class_0": 60, "n_class_1": 33, "auroc": 0.5151515151515151}, "10": {"accuracy": 0.4942528735632184, "balanced_accuracy": 0.4956140350877193, "f1_score": 0.40540540540540543, "tn": 28, "fp": 29, "fn": 15, "tp": 15, "n_samples": 87, "n_class_0": 57, "n_class_1": 30, "auroc": 0.4912280701754386}, "20": {"accuracy": 0.4155844155844156, "balanced_accuracy": 0.42192307692307696, "f1_score": 0.3283582089552239, "tn": 21, "fp": 31, "fn": 14, "tp": 11, "n_samples": 77, "n_class_0": 52, "n_class_1": 25, "auroc": 0.4246153846153846}}}