{"subject_id": "S23", "k_shots": {"5": {"accuracy": 0.4166666666666667, "balanced_accuracy": 0.49249431020289575, "f1_score": 0.33460076045627374, "tn": 81, "fp": 26, "fn": 149, "tp": 44, "n_samples": 300, "n_class_0": 107, "n_class_1": 193, "auroc": 0.4518909495908189}, "10": {"accuracy": 0.5340136054421769, "balanced_accuracy": 0.5459008097165992, "f1_score": 0.5835866261398176, "tn": 61, "fp": 43, "fn": 94, "tp": 96, "n_samples": 294, "n_class_0": 104, "n_class_1": 190, "auroc": 0.5206477732793523}, "20": {"accuracy": 0.5809859154929577, "balanced_accuracy": 0.5633360633360633, "f1_score": 0.6590257879656161, "tn": 50, "fp": 49, "fn": 70, "tp": 115, "n_samples": 284, "n_class_0": 99, "n_class_1": 185, "auroc": 0.5736827736827737}}}