{"subject_id": "S22", "k_shots": {"5": {"accuracy": 0.5833333333333334, "balanced_accuracy": 0.45993031358885017, "f1_score": 0.7222222222222222, "tn": 2, "fp": 5, "fn": 15, "tp": 26, "n_samples": 48, "n_class_0": 7, "n_class_1": 41, "auroc": 0.5261324041811847}, "10": {"accuracy": 0.5833333333333334, "balanced_accuracy": 0.45993031358885017, "f1_score": 0.7222222222222222, "tn": 2, "fp": 5, "fn": 15, "tp": 26, "n_samples": 48, "n_class_0": 7, "n_class_1": 41, "auroc": 0.5261324041811847}, "20": {"accuracy": 0.5833333333333334, "balanced_accuracy": 0.45993031358885017, "f1_score": 0.7222222222222222, "tn": 2, "fp": 5, "fn": 15, "tp": 26, "n_samples": 48, "n_class_0": 7, "n_class_1": 41, "auroc": 0.5261324041811847}}}