{"subject_id": "S23", "k_shots": {"5": {"accuracy": 0.5723684210526315, "balanced_accuracy": 0.5189837685250529, "f1_score": 0.6798029556650246, "tn": 36, "fp": 73, "fn": 57, "tp": 138, "n_samples": 304, "n_class_0": 109, "n_class_1": 195, "auroc": 0.541237355916255}, "10": {"accuracy": 0.5723684210526315, "balanced_accuracy": 0.5189837685250529, "f1_score": 0.6798029556650246, "tn": 36, "fp": 73, "fn": 57, "tp": 138, "n_samples": 304, "n_class_0": 109, "n_class_1": 195, "auroc": 0.541237355916255}, "20": {"accuracy": 0.5723684210526315, "balanced_accuracy": 0.5189837685250529, "f1_score": 0.6798029556650246, "tn": 36, "fp": 73, "fn": 57, "tp": 138, "n_samples": 304, "n_class_0": 109, "n_class_1": 195, "auroc": 0.541237355916255}}}