{"subject_id": "S24", "k_shots": {"5": {"accuracy": 0.6167247386759582, "balanced_accuracy": 0.5732487922705314, "f1_score": 0.7164948453608248, "tn": 38, "fp": 42, "fn": 68, "tp": 139, "n_samples": 287, "n_class_0": 80, "n_class_1": 207, "auroc": 0.6159420289855073}, "10": {"accuracy": 0.6167247386759582, "balanced_accuracy": 0.5732487922705314, "f1_score": 0.7164948453608248, "tn": 38, "fp": 42, "fn": 68, "tp": 139, "n_samples": 287, "n_class_0": 80, "n_class_1": 207, "auroc": 0.6159420289855073}, "20": {"accuracy": 0.6167247386759582, "balanced_accuracy": 0.5732487922705314, "f1_score": 0.7164948453608248, "tn": 38, "fp": 42, "fn": 68, "tp": 139, "n_samples": 287, "n_class_0": 80, "n_class_1": 207, "auroc": 0.6159420289855073}}}