{"subject_id": "S20", "k_shots": {"5": {"accuracy": 0.5378787878787878, "balanced_accuracy": 0.45616211745244, "f1_score": 0.6666666666666666, "tn": 10, "fp": 29, "fn": 32, "tp": 61, "n_samples": 132, "n_class_0": 39, "n_class_1": 93, "auroc": 0.4320374965536256}, "10": {"accuracy": 0.5158730158730159, "balanced_accuracy": 0.46944444444444444, "f1_score": 0.6303030303030303, "tn": 13, "fp": 23, "fn": 38, "tp": 52, "n_samples": 126, "n_class_0": 36, "n_class_1": 90, "auroc": 0.5203703703703704}, "20": {"accuracy": 0.5689655172413793, "balanced_accuracy": 0.5316888045540797, "f1_score": 0.6753246753246753, "tn": 14, "fp": 17, "fn": 33, "tp": 52, "n_samples": 116, "n_class_0": 31, "n_class_1": 85, "auroc": 0.5146110056925997}}}