{"subject_id": "S16", "k_shots": {"5": {"accuracy": 0.5480769230769231, "balanced_accuracy": 0.5567765567765568, "f1_score": 0.5480769230769231, "tn": 57, "fp": 34, "fn": 60, "tp": 57, "n_samples": 208, "n_class_0": 91, "n_class_1": 117, "auroc": 0.5776275007044238}, "10": {"accuracy": 0.4306930693069307, "balanced_accuracy": 0.42563795853269537, "f1_score": 0.4796380090497738, "tn": 34, "fp": 54, "fn": 61, "tp": 53, "n_samples": 202, "n_class_0": 88, "n_class_1": 114, "auroc": 0.4545454545454546}, "20": {"accuracy": 0.546875, "balanced_accuracy": 0.5448767547253233, "f1_score": 0.583732057416268, "tn": 44, "fp": 39, "fn": 48, "tp": 61, "n_samples": 192, "n_class_0": 83, "n_class_1": 109, "auroc": 0.5695810765999779}}}