{"subject_id": "S26", "k_shots": {"5": {"accuracy": 0.4861111111111111, "balanced_accuracy": 0.5255731922398589, "f1_score": 0.3148148148148148, "tn": 53, "fp": 10, "fn": 64, "tp": 17, "n_samples": 144, "n_class_0": 63, "n_class_1": 81, "auroc": 0.528904565941603}, "10": {"accuracy": 0.4927536231884058, "balanced_accuracy": 0.49935897435897436, "f1_score": 0.5, "tn": 33, "fp": 27, "fn": 43, "tp": 35, "n_samples": 138, "n_class_0": 60, "n_class_1": 78, "auroc": 0.4767094017094017}, "20": {"accuracy": 0.5, "balanced_accuracy": 0.5011207970112079, "f1_score": 0.5294117647058824, "tn": 28, "fp": 27, "fn": 37, "tp": 36, "n_samples": 128, "n_class_0": 55, "n_class_1": 73, "auroc": 0.4894146948941469}}}