{"subject_id": "S07", "k_shots": {"5": {"accuracy": 0.7549019607843137, "balanced_accuracy": 0.5962046601008888, "f1_score": 0.8529411764705882, "tn": 9, "fp": 14, "fn": 36, "tp": 145, "n_samples": 204, "n_class_0": 23, "n_class_1": 181, "auroc": 0.6257506605813115}, "10": {"accuracy": 0.7549019607843137, "balanced_accuracy": 0.5962046601008888, "f1_score": 0.8529411764705882, "tn": 9, "fp": 14, "fn": 36, "tp": 145, "n_samples": 204, "n_class_0": 23, "n_class_1": 181, "auroc": 0.6257506605813115}, "20": {"accuracy": 0.7549019607843137, "balanced_accuracy": 0.5962046601008888, "f1_score": 0.8529411764705882, "tn": 9, "fp": 14, "fn": 36, "tp": 145, "n_samples": 204, "n_class_0": 23, "n_class_1": 181, "auroc": 0.6257506605813115}}}