{"subject_id": "S22", "k_shots": {"5": {"accuracy": 0.6363636363636364, "balanced_accuracy": 0.7076923076923077, "f1_score": 0.75, "tn": 4, "fp": 1, "fn": 15, "tp": 24, "n_samples": 44, "n_class_0": 5, "n_class_1": 39, "auroc": 0.7794871794871794}, "10": {"accuracy": 0.5263157894736842, "balanced_accuracy": 0.5138888888888888, "f1_score": 0.6785714285714286, "tn": 1, "fp": 1, "fn": 17, "tp": 19, "n_samples": 38, "n_class_0": 2, "n_class_1": 36, "auroc": 0.6805555555555556}, "20": {"accuracy": 0.6129032258064516, "balanced_accuracy": 0.6129032258064516, "f1_score": 0.76, "tn": 0, "fp": 0, "fn": 12, "tp": 19, "n_samples": 31, "n_class_0": 0, "n_class_1": 31, "auroc": NaN}}}