{"subject_id": "S06", "k_shots": {"5": {"accuracy": 0.6142857142857143, "balanced_accuracy": 0.5018939393939394, "f1_score": 0.7545454545454545, "tn": 6, "fp": 10, "fn": 98, "tp": 166, "n_samples": 280, "n_class_0": 16, "n_class_1": 264, "auroc": 0.5490056818181819}, "10": {"accuracy": 0.6142857142857143, "balanced_accuracy": 0.5018939393939394, "f1_score": 0.7545454545454545, "tn": 6, "fp": 10, "fn": 98, "tp": 166, "n_samples": 280, "n_class_0": 16, "n_class_1": 264, "auroc": 0.5490056818181819}, "20": {"accuracy": 0.6142857142857143, "balanced_accuracy": 0.5018939393939394, "f1_score": 0.7545454545454545, "tn": 6, "fp": 10, "fn": 98, "tp": 166, "n_samples": 280, "n_class_0": 16, "n_class_1": 264, "auroc": 0.5490056818181819}}}