{"subject_id": "S17", "k_shots": {"5": {"accuracy": 0.6332179930795848, "balanced_accuracy": 0.6089153439153439, "f1_score": 0.7103825136612022, "tn": 53, "fp": 47, "fn": 59, "tp": 130, "n_samples": 289, "n_class_0": 100, "n_class_1": 189, "auroc": 0.6352380952380953}, "10": {"accuracy": 0.6332179930795848, "balanced_accuracy": 0.6089153439153439, "f1_score": 0.7103825136612022, "tn": 53, "fp": 47, "fn": 59, "tp": 130, "n_samples": 289, "n_class_0": 100, "n_class_1": 189, "auroc": 0.6352380952380953}, "20": {"accuracy": 0.6332179930795848, "balanced_accuracy": 0.6089153439153439, "f1_score": 0.7103825136612022, "tn": 53, "fp": 47, "fn": 59, "tp": 130, "n_samples": 289, "n_class_0": 100, "n_class_1": 189, "auroc": 0.6352380952380953}}}