{"subject_id": "S12", "k_shots": {"5": {"accuracy": 0.4742268041237113, "balanced_accuracy": 0.5451612903225806, "f1_score": 0.5233644859813084, "tn": 18, "fp": 44, "fn": 7, "tp": 28, "n_samples": 97, "n_class_0": 62, "n_class_1": 35, "auroc": 0.580184331797235}, "10": {"accuracy": 0.4742268041237113, "balanced_accuracy": 0.5451612903225806, "f1_score": 0.5233644859813084, "tn": 18, "fp": 44, "fn": 7, "tp": 28, "n_samples": 97, "n_class_0": 62, "n_class_1": 35, "auroc": 0.580184331797235}, "20": {"accuracy": 0.4742268041237113, "balanced_accuracy": 0.5451612903225806, "f1_score": 0.5233644859813084, "tn": 18, "fp": 44, "fn": 7, "tp": 28, "n_samples": 97, "n_class_0": 62, "n_class_1": 35, "auroc": 0.580184331797235}}}