{"subject_id": "S07", "k_shots": {"5": {"accuracy": 0.285, "balanced_accuracy": 0.5585262037776004, "f1_score": 0.3470319634703196, "tn": 19, "fp": 2, "fn": 141, "tp": 38, "n_samples": 200, "n_class_0": 21, "n_class_1": 179, "auroc": 0.5363128491620112}, "10": {"accuracy": 0.4690721649484536, "balanced_accuracy": 0.5078914141414141, "f1_score": 0.6113207547169811, "tn": 10, "fp": 8, "fn": 95, "tp": 81, "n_samples": 194, "n_class_0": 18, "n_class_1": 176, "auroc": 0.5486111111111112}, "20": {"accuracy": 0.3423913043478261, "balanced_accuracy": 0.4685110211426001, "f1_score": 0.47619047619047616, "tn": 8, "fp": 5, "fn": 116, "tp": 55, "n_samples": 184, "n_class_0": 13, "n_class_1": 171, "auroc": 0.5452091767881242}}}