{"subject_id": "S21", "k_shots": {"5": {"accuracy": 0.6166666666666667, "balanced_accuracy": 0.7982456140350878, "f1_score": 0.7472527472527473, "tn": 3, "fp": 0, "fn": 23, "tp": 34, "n_samples": 60, "n_class_0": 3, "n_class_1": 57, "auroc": 0.8479532163742689}, "10": {"accuracy": 0.6166666666666667, "balanced_accuracy": 0.7982456140350878, "f1_score": 0.7472527472527473, "tn": 3, "fp": 0, "fn": 23, "tp": 34, "n_samples": 60, "n_class_0": 3, "n_class_1": 57, "auroc": 0.8479532163742689}, "20": {"accuracy": 0.6166666666666667, "balanced_accuracy": 0.7982456140350878, "f1_score": 0.7472527472527473, "tn": 3, "fp": 0, "fn": 23, "tp": 34, "n_samples": 60, "n_class_0": 3, "n_class_1": 57, "auroc": 0.8479532163742689}}}