{"subject_id": "S18", "k_shots": {"5": {"accuracy": 0.5575757575757576, "balanced_accuracy": 0.46538072776280326, "f1_score": 0.6893617021276596, "tn": 11, "fp": 42, "fn": 31, "tp": 81, "n_samples": 165, "n_class_0": 53, "n_class_1": 112, "auroc": 0.4871967654986522}, "10": {"accuracy": 0.5911949685534591, "balanced_accuracy": 0.5719266055045872, "f1_score": 0.6766169154228856, "tn": 26, "fp": 24, "fn": 41, "tp": 68, "n_samples": 159, "n_class_0": 50, "n_class_1": 109, "auroc": 0.5869724770642202}, "20": {"accuracy": 0.47651006711409394, "balanced_accuracy": 0.4737179487179487, "f1_score": 0.5617977528089888, "tn": 21, "fp": 24, "fn": 54, "tp": 50, "n_samples": 149, "n_class_0": 45, "n_class_1": 104, "auroc": 0.4844017094017094}}}