{"subject_id": "S11", "k_shots": {"5": {"accuracy": 0.6893203883495146, "balanced_accuracy": 0.6611963626030122, "f1_score": 0.7623762376237624, "tn": 59, "fp": 43, "fn": 53, "tp": 154, "n_samples": 309, "n_class_0": 102, "n_class_1": 207, "auroc": 0.7070664014398029}, "10": {"accuracy": 0.6893203883495146, "balanced_accuracy": 0.6611963626030122, "f1_score": 0.7623762376237624, "tn": 59, "fp": 43, "fn": 53, "tp": 154, "n_samples": 309, "n_class_0": 102, "n_class_1": 207, "auroc": 0.7070664014398029}, "20": {"accuracy": 0.6893203883495146, "balanced_accuracy": 0.6611963626030122, "f1_score": 0.7623762376237624, "tn": 59, "fp": 43, "fn": 53, "tp": 154, "n_samples": 309, "n_class_0": 102, "n_class_1": 207, "auroc": 0.7070664014398029}}}