{"subject_id": "S17", "k_shots": {"5": {"accuracy": 0.41754385964912283, "balanced_accuracy": 0.5148695841973153, "f1_score": 0.3140495867768595, "tn": 81, "fp": 17, "fn": 149, "tp": 38, "n_samples": 285, "n_class_0": 98, "n_class_1": 187, "auroc": 0.5407617592491542}, "10": {"accuracy": 0.6344086021505376, "balanced_accuracy": 0.5726258581235698, "f1_score": 0.734375, "tn": 36, "fp": 59, "fn": 43, "tp": 141, "n_samples": 279, "n_class_0": 95, "n_class_1": 184, "auroc": 0.6259725400457666}, "20": {"accuracy": 0.5762081784386617, "balanced_accuracy": 0.582122905027933, "f1_score": 0.6392405063291139, "tn": 54, "fp": 36, "fn": 78, "tp": 101, "n_samples": 269, "n_class_0": 90, "n_class_1": 179, "auroc": 0.5871508379888268}}}