{"subject_id": "S18", "k_shots": {"5": {"accuracy": 0.5976331360946746, "balanced_accuracy": 0.5511961722488038, "f1_score": 0.6964285714285714, "tn": 23, "fp": 32, "fn": 36, "tp": 78, "n_samples": 169, "n_class_0": 55, "n_class_1": 114, "auroc": 0.564433811802233}, "10": {"accuracy": 0.5976331360946746, "balanced_accuracy": 0.5511961722488038, "f1_score": 0.6964285714285714, "tn": 23, "fp": 32, "fn": 36, "tp": 78, "n_samples": 169, "n_class_0": 55, "n_class_1": 114, "auroc": 0.564433811802233}, "20": {"accuracy": 0.5976331360946746, "balanced_accuracy": 0.5511961722488038, "f1_score": 0.6964285714285714, "tn": 23, "fp": 32, "fn": 36, "tp": 78, "n_samples": 169, "n_class_0": 55, "n_class_1": 114, "auroc": 0.564433811802233}}}