{"subject_id": "S02", "k_shots": {"5": {"accuracy": 0.553763440860215, "balanced_accuracy": 0.5285087719298246, "f1_score": 0.6375545851528385, "tn": 30, "fp": 42, "fn": 41, "tp": 73, "n_samples": 186, "n_class_0": 72, "n_class_1": 114, "auroc": 0.5204678362573099}, "10": {"accuracy": 0.48333333333333334, "balanced_accuracy": 0.5125342734038386, "f1_score": 0.48044692737430167, "tn": 44, "fp": 25, "fn": 68, "tp": 43, "n_samples": 180, "n_class_0": 69, "n_class_1": 111, "auroc": 0.5285285285285286}, "20": {"accuracy": 0.6176470588235294, "balanced_accuracy": 0.6036261792452831, "f1_score": 0.6829268292682927, "tn": 35, "fp": 29, "fn": 36, "tp": 70, "n_samples": 170, "n_class_0": 64, "n_class_1": 106, "auroc": 0.6493219339622642}}}