{"subject_id": "S26", "k_shots": {"5": {"accuracy": 0.5202702702702703, "balanced_accuracy": 0.5105653382761817, "f1_score": 0.5798816568047337, "tn": 28, "fp": 37, "fn": 34, "tp": 49, "n_samples": 148, "n_class_0": 65, "n_class_1": 83, "auroc": 0.5225208526413345}, "10": {"accuracy": 0.5202702702702703, "balanced_accuracy": 0.5105653382761817, "f1_score": 0.5798816568047337, "tn": 28, "fp": 37, "fn": 34, "tp": 49, "n_samples": 148, "n_class_0": 65, "n_class_1": 83, "auroc": 0.5225208526413345}, "20": {"accuracy": 0.5202702702702703, "balanced_accuracy": 0.5105653382761817, "f1_score": 0.5798816568047337, "tn": 28, "fp": 37, "fn": 34, "tp": 49, "n_samples": 148, "n_class_0": 65, "n_class_1": 83, "auroc": 0.5225208526413345}}}