{"subject_id": "S11", "k_shots": {"5": {"accuracy": 0.5650000000000001, "balanced_accuracy": 0.5650000000000001, "f1_score": 0.48275686262726775, "auroc": 0.5864999999999999}, "10": {"accuracy": 0.5675000000000001, "balanced_accuracy": 0.5675000000000001, "f1_score": 0.597951411669947, "auroc": 0.5735}, "20": {"accuracy": 0.6024999999999999, "balanced_accuracy": 0.6025, "f1_score": 0.5833296100561824, "auroc": 0.6652499999999999}}}