{"subject_id": "S21", "k_shots": {"5": {"accuracy": 0.5333333333333334, "balanced_accuracy": 0.4700000000000001, "f1_score": 0.6552765637751408, "auroc": 0.4450000000000001}, "10": {"accuracy": 0.6333333333333334, "balanced_accuracy": 0.38, "f1_score": 0.7676312354136183, "auroc": 0.4600000000000001}, "20": {"accuracy": 0.6761904761904762, "balanced_accuracy": 0.45, "f1_score": 0.7988119183590072, "auroc": 0.45999999999999996}}}