{"subject_id": "S22", "k_shots": {"5": {"accuracy": 0.5840000000000001, "balanced_accuracy": 0.4925, "f1_score": 0.7017058865032323, "auroc": 0.46099999999999997}, "10": {"accuracy": 0.4499999999999999, "balanced_accuracy": 0.42750000000000005, "f1_score": 0.5830974980864743, "auroc": 0.43999999999999995}, "20": {"accuracy": 0.5047619047619047, "balanced_accuracy": 0.40750000000000003, "f1_score": 0.6511534701857283, "auroc": 0.41500000000000004}}}