{"subject_id": "S26", "k_shots": {"5": {"accuracy": 0.56, "balanced_accuracy": 0.56, "f1_score": 0.5565446470545095, "auroc": 0.5710000000000001}, "10": {"accuracy": 0.5025, "balanced_accuracy": 0.5025, "f1_score": 0.4833231765416734, "auroc": 0.514}, "20": {"accuracy": 0.6025, "balanced_accuracy": 0.6025, "f1_score": 0.5982595147133056, "auroc": 0.6332500000000001}}}