{"subject_id": "S20", "k_shots": {"5": {"accuracy": 0.4999999999999999, "balanced_accuracy": 0.4999999999999999, "f1_score": 0.4956940820120135, "auroc": 0.48349999999999993}, "10": {"accuracy": 0.6074999999999999, "balanced_accuracy": 0.6074999999999999, "f1_score": 0.6096715492273155, "auroc": 0.6355000000000001}, "20": {"accuracy": 0.5999999999999999, "balanced_accuracy": 0.6, "f1_score": 0.6165062229076016, "auroc": 0.6305000000000001}}}