{"subject_id": "S14", "k_shots": {"5": {"accuracy": 0.495, "balanced_accuracy": 0.495, "f1_score": 0.4849691977006077, "auroc": 0.54}, "10": {"accuracy": 0.5800000000000001, "balanced_accuracy": 0.5800000000000001, "f1_score": 0.5708336773346161, "auroc": 0.59525}, "20": {"accuracy": 0.56, "balanced_accuracy": 0.56, "f1_score": 0.5709368840189343, "auroc": 0.56775}}}