{"subject_id": "S17", "k_shots": {"5": {"accuracy": 0.6875, "balanced_accuracy": 0.6875, "f1_score": 0.6796820795247608, "auroc": 0.73075}, "10": {"accuracy": 0.7100000000000001, "balanced_accuracy": 0.7100000000000001, "f1_score": 0.6999385279179617, "auroc": 0.7415}, "20": {"accuracy": 0.7125000000000001, "balanced_accuracy": 0.7125000000000001, "f1_score": 0.7013550079243112, "auroc": 0.77325}}}