{"subject_id": "S07", "k_shots": {"5": {"accuracy": 0.4875, "balanced_accuracy": 0.4875, "f1_score": 0.5199259780290572, "auroc": 0.47575}, "10": {"accuracy": 0.6236842105263157, "balanced_accuracy": 0.6202777777777777, "f1_score": 0.6504496489347941, "auroc": 0.6583333333333333}, "20": {"accuracy": 0.6393939393939394, "balanced_accuracy": 0.6365384615384616, "f1_score": 0.6826274714126611, "auroc": 0.6773076923076924}}}