{"subject_id": "S02", "k_shots": {"5": {"accuracy": 0.49749999999999994, "balanced_accuracy": 0.49749999999999994, "f1_score": 0.493127531106095, "auroc": 0.49450000000000005}, "10": {"accuracy": 0.5399999999999999, "balanced_accuracy": 0.5399999999999999, "f1_score": 0.4807563842037526, "auroc": 0.556}, "20": {"accuracy": 0.5349999999999999, "balanced_accuracy": 0.5349999999999999, "f1_score": 0.5435678046608812, "auroc": 0.5675}}}