{"subject_id": "S23", "k_shots": {"5": {"accuracy": 0.5375, "balanced_accuracy": 0.5375, "f1_score": 0.49586003573849, "auroc": 0.5445}, "10": {"accuracy": 0.5149999999999999, "balanced_accuracy": 0.5149999999999999, "f1_score": 0.4962972965719185, "auroc": 0.512}, "20": {"accuracy": 0.5725, "balanced_accuracy": 0.5725, "f1_score": 0.5851868154534066, "auroc": 0.5907500000000001}}}