{"subject_id": "S18", "k_shots": {"5": {"accuracy": 0.5700000000000001, "balanced_accuracy": 0.57, "f1_score": 0.566838659174216, "auroc": 0.57975}, "10": {"accuracy": 0.53, "balanced_accuracy": 0.53, "f1_score": 0.5200003253731025, "auroc": 0.54575}, "20": {"accuracy": 0.5025000000000001, "balanced_accuracy": 0.5025000000000001, "f1_score": 0.4945259185259186, "auroc": 0.5042500000000001}}}