{"subject_id": "S12", "k_shots": {"5": {"accuracy": 0.4774999999999999, "balanced_accuracy": 0.47750000000000004, "f1_score": 0.46094223237852444, "auroc": 0.5045}, "10": {"accuracy": 0.4999999999999999, "balanced_accuracy": 0.4999999999999999, "f1_score": 0.4696405429230065, "auroc": 0.49175}, "20": {"accuracy": 0.5349999999999999, "balanced_accuracy": 0.5349999999999999, "f1_score": 0.5518956993478494, "auroc": 0.5614999999999999}}}