{"subject_id": "S16", "k_shots": {"5": {"accuracy": 0.5125000000000001, "balanced_accuracy": 0.5125000000000001, "f1_score": 0.5347855932123479, "auroc": 0.54325}, "10": {"accuracy": 0.55, "balanced_accuracy": 0.55, "f1_score": 0.5698844866291449, "auroc": 0.5427500000000001}, "20": {"accuracy": 0.605, "balanced_accuracy": 0.605, "f1_score": 0.6073095471085169, "auroc": 0.616}}}