{"subject_id": "S24", "k_shots": {"5": {"accuracy": 0.6024999999999999, "balanced_accuracy": 0.6024999999999999, "f1_score": 0.6113361507231131, "auroc": 0.6505}, "10": {"accuracy": 0.6125, "balanced_accuracy": 0.6125, "f1_score": 0.6230954615165248, "auroc": 0.662}, "20": {"accuracy": 0.6625000000000001, "balanced_accuracy": 0.6625, "f1_score": 0.6840076166732805, "auroc": 0.71125}}}