{"subject_id": "S06", "k_shots": {"5": {"accuracy": 0.5441176470588236, "balanced_accuracy": 0.5417857142857143, "f1_score": 0.5641090393354775, "auroc": 0.5464285714285714}, "10": {"accuracy": 0.4935483870967742, "balanced_accuracy": 0.49909090909090903, "f1_score": 0.538240564977551, "auroc": 0.5159090909090909}, "20": {"accuracy": 0.5538461538461539, "balanced_accuracy": 0.5349999999999999, "f1_score": 0.6580796654326065, "auroc": 0.5383333333333333}}}