{"subject_id": "S06", "k_shots": {"5": {"accuracy": 0.4666666666666666, "balanced_accuracy": 0.5740000000000001, "f1_score": 0.6065600407093473, "auroc": 0.5583750000000001}, "10": {"accuracy": 0.5601851851851851, "balanced_accuracy": 0.4749999999999999, "f1_score": 0.7037370031842484, "auroc": 0.5068750000000001}, "20": {"accuracy": 0.587962962962963, "balanced_accuracy": 0.51875, "f1_score": 0.7268834647770387, "auroc": 0.5479999999999999}}}