{"subject_id": "S24", "k_shots": {"5": {"accuracy": 0.5564285714285715, "balanced_accuracy": 0.59575, "f1_score": 0.617103324037373, "auroc": 0.641225}, "10": {"accuracy": 0.6114285714285714, "balanced_accuracy": 0.6170000000000001, "f1_score": 0.6885592726677294, "auroc": 0.6517}, "20": {"accuracy": 0.615, "balanced_accuracy": 0.58875, "f1_score": 0.706310976970542, "auroc": 0.617}}}