{"subject_id": "S12", "k_shots": {"5": {"accuracy": 0.4734375, "balanced_accuracy": 0.5931159420289854, "f1_score": 0.48138685472599524, "auroc": 0.6378019323671498}, "10": {"accuracy": 0.5573770491803278, "balanced_accuracy": 0.6359819121447028, "f1_score": 0.5196380398011454, "auroc": 0.6600775193798449}, "20": {"accuracy": 0.5660714285714287, "balanced_accuracy": 0.618859649122807, "f1_score": 0.5300754211498923, "auroc": 0.6371345029239766}}}