{"subject_id": "S26", "k_shots": {"5": {"accuracy": 0.475, "balanced_accuracy": 0.5376440460947504, "f1_score": 0.4870933061641834, "auroc": 0.5633802816901409}, "10": {"accuracy": 0.5392156862745099, "balanced_accuracy": 0.5748353096179183, "f1_score": 0.5806882122482153, "auroc": 0.5901185770750988}, "20": {"accuracy": 0.5412371134020618, "balanced_accuracy": 0.5481297348484848, "f1_score": 0.6001860314386023, "auroc": 0.5703125}}}