{"subject_id": "S23", "k_shots": {"5": {"accuracy": 0.5625, "balanced_accuracy": 0.5625, "f1_score": 0.5933196416073552, "auroc": 0.58454}, "10": {"accuracy": 0.5705, "balanced_accuracy": 0.5705000000000001, "f1_score": 0.6117816186689168, "auroc": 0.58755}, "20": {"accuracy": 0.5748387096774195, "balanced_accuracy": 0.5702727272727273, "f1_score": 0.6379978002962634, "auroc": 0.6003999999999999}}}