{"subject_id": "S20", "k_shots": {"5": {"accuracy": 0.4848837209302325, "balanced_accuracy": 0.5641391941391941, "f1_score": 0.5380910410956953, "auroc": 0.6361172161172162}, "10": {"accuracy": 0.5321428571428573, "balanced_accuracy": 0.5738095238095238, "f1_score": 0.6087985766188055, "auroc": 0.6159486016628873}, "20": {"accuracy": 0.6037974683544303, "balanced_accuracy": 0.6041050903119869, "f1_score": 0.6887595148483339, "auroc": 0.6422003284072251}}}