{"subject_id": "S07", "k_shots": {"5": {"accuracy": 0.5864864864864866, "balanced_accuracy": 0.6217171717171718, "f1_score": 0.711627809440895, "auroc": 0.6606902356902358}, "10": {"accuracy": 0.6688073394495413, "balanced_accuracy": 0.5948453608247423, "f1_score": 0.783841047852683, "auroc": 0.6395189003436427}, "20": {"accuracy": 0.7086538461538462, "balanced_accuracy": 0.6360507246376812, "f1_score": 0.8150092381700634, "auroc": 0.679800724637681}}}