{"subject_id": "S02", "k_shots": {"5": {"accuracy": 0.5147286821705427, "balanced_accuracy": 0.573340188014101, "f1_score": 0.5593596347435879, "auroc": 0.6337544065804935}, "10": {"accuracy": 0.5614173228346456, "balanced_accuracy": 0.575960960960961, "f1_score": 0.6346436320954257, "auroc": 0.6095495495495495}, "20": {"accuracy": 0.5991803278688526, "balanced_accuracy": 0.5849125596184419, "f1_score": 0.6826990339715008, "auroc": 0.6143084260731319}}}