{"subject_id": "S22", "k_shots": {"5": {"accuracy": 0.596, "balanced_accuracy": 0.5672619047619049, "f1_score": 0.7060958831353569, "auroc": 0.5738095238095238}, "10": {"accuracy": 0.6521739130434783, "balanced_accuracy": 0.5427631578947368, "f1_score": 0.7664478510028989, "auroc": 0.5644736842105262}, "20": {"accuracy": 0.6777777777777778, "balanced_accuracy": 0.6053571428571428, "f1_score": 0.7768630513802928, "auroc": 0.6196428571428572}}}