{"subject_id": "S18", "k_shots": {"5": {"accuracy": 0.43636363636363634, "balanced_accuracy": 0.557273519163763, "f1_score": 0.44892205434282734, "auroc": 0.5666811846689896}, "10": {"accuracy": 0.4831775700934579, "balanced_accuracy": 0.5600813743218807, "f1_score": 0.5281633576756368, "auroc": 0.5763110307414104}, "20": {"accuracy": 0.5, "balanced_accuracy": 0.5499517374517375, "f1_score": 0.5588055002745594, "auroc": 0.5888513513513514}}}