{"subject_id": "S13", "k_shots": {"5": {"accuracy": 0.61, "balanced_accuracy": 0.61, "f1_score": 0.6297797145177362, "auroc": 0.64256}, "10": {"accuracy": 0.616, "balanced_accuracy": 0.616, "f1_score": 0.6414838339795372, "auroc": 0.66394}, "20": {"accuracy": 0.6199999999999999, "balanced_accuracy": 0.6199999999999999, "f1_score": 0.6326967272175092, "auroc": 0.6654599999999999}}}