{"subject_id": "S11", "k_shots": {"5": {"accuracy": 0.638, "balanced_accuracy": 0.638, "f1_score": 0.6376708086922196, "auroc": 0.69169}, "10": {"accuracy": 0.5920529801324502, "balanced_accuracy": 0.6372352941176469, "f1_score": 0.614281599054802, "auroc": 0.7173529411764705}, "20": {"accuracy": 0.642384105960265, "balanced_accuracy": 0.660343137254902, "f1_score": 0.6890109987991809, "auroc": 0.7171372549019608}}}