{"subject_id": "S21", "k_shots": {"5": {"accuracy": 0.6620689655172415, "balanced_accuracy": 0.725925925925926, "f1_score": 0.7744340073497404, "auroc": 0.8166666666666667}, "10": {"accuracy": 0.762962962962963, "balanced_accuracy": 0.8030000000000002, "f1_score": 0.8534098263953499, "auroc": 0.8559999999999999}, "20": {"accuracy": 0.8181818181818181, "balanced_accuracy": 0.72, "f1_score": 0.8929519397940451, "auroc": 0.8550000000000001}}}