{"subject_id": "S17", "k_shots": {"5": {"accuracy": 0.6666666666666667, "balanced_accuracy": 0.687, "f1_score": 0.7132418077584225, "auroc": 0.75064}, "10": {"accuracy": 0.692, "balanced_accuracy": 0.7044999999999999, "f1_score": 0.741556535393105, "auroc": 0.76494}, "20": {"accuracy": 0.6886666666666666, "balanced_accuracy": 0.6765, "f1_score": 0.7521900083064511, "auroc": 0.7400800000000001}}}