{"subject_id": "S16", "k_shots": {"5": {"accuracy": 0.507482993197279, "balanced_accuracy": 0.5483510638297873, "f1_score": 0.5400947991141413, "auroc": 0.5916170212765957}, "10": {"accuracy": 0.5489795918367346, "balanced_accuracy": 0.5602446808510639, "f1_score": 0.6136227138737399, "auroc": 0.5933829787234043}, "20": {"accuracy": 0.5902097902097903, "balanced_accuracy": 0.5791334219858156, "f1_score": 0.6653191948081417, "auroc": 0.6140735815602837}}}