{"subject_id": "S17", "k_shots": {"5": {"accuracy": 0.5375, "balanced_accuracy": 0.5375, "f1_score": 0.4126984126984127, "tn": 30, "fp": 10, "fn": 27, "tp": 13, "n_samples": 80, "n_class_0": 40, "n_class_1": 40, "auroc": 0.424375}, "10": {"accuracy": 0.6125, "balanced_accuracy": 0.6125, "f1_score": 0.45614035087719296, "tn": 36, "fp": 4, "fn": 27, "tp": 13, "n_samples": 80, "n_class_0": 40, "n_class_1": 40, "auroc": 0.6706249999999999}, "20": {"accuracy": 0.525, "balanced_accuracy": 0.525, "f1_score": 0.5777777777777777, "tn": 16, "fp": 24, "fn": 14, "tp": 26, "n_samples": 80, "n_class_0": 40, "n_class_1": 40, "auroc": 0.579375}}}