{"subject_id": "S14", "k_shots": {"5": {"accuracy": 0.5625, "balanced_accuracy": 0.5625, "f1_score": 0.4927536231884058, "tn": 28, "fp": 12, "fn": 23, "tp": 17, "n_samples": 80, "n_class_0": 40, "n_class_1": 40, "auroc": 0.578125}, "10": {"accuracy": 0.6, "balanced_accuracy": 0.6, "f1_score": 0.6444444444444445, "tn": 19, "fp": 21, "fn": 11, "tp": 29, "n_samples": 80, "n_class_0": 40, "n_class_1": 40, "auroc": 0.62}, "20": {"accuracy": 0.6125, "balanced_accuracy": 0.6125, "f1_score": 0.5974025974025974, "tn": 26, "fp": 14, "fn": 17, "tp": 23, "n_samples": 80, "n_class_0": 40, "n_class_1": 40, "auroc": 0.6818749999999999}}}