{"subject_id": "S16", "k_shots": {"5": {"accuracy": 0.625, "balanced_accuracy": 0.625, "f1_score": 0.6153846153846154, "tn": 26, "fp": 14, "fn": 16, "tp": 24, "n_samples": 80, "n_class_0": 40, "n_class_1": 40, "auroc": 0.625625}, "10": {"accuracy": 0.55, "balanced_accuracy": 0.55, "f1_score": 0.5909090909090909, "tn": 18, "fp": 22, "fn": 14, "tp": 26, "n_samples": 80, "n_class_0": 40, "n_class_1": 40, "auroc": 0.52125}, "20": {"accuracy": 0.4375, "balanced_accuracy": 0.4375, "f1_score": 0.5054945054945055, "tn": 12, "fp": 28, "fn": 17, "tp": 23, "n_samples": 80, "n_class_0": 40, "n_class_1": 40, "auroc": 0.41625}}}