{"subject_id": "S12", "k_shots": {"5": {"accuracy": 0.5342465753424658, "balanced_accuracy": 0.5087121212121213, "f1_score": 0.32, "tn": 31, "fp": 9, "fn": 25, "tp": 8, "n_samples": 73, "n_class_0": 40, "n_class_1": 33, "auroc": 0.5295454545454545}, "10": {"accuracy": 0.5285714285714286, "balanced_accuracy": 0.5416666666666666, "f1_score": 0.5352112676056338, "tn": 18, "fp": 22, "fn": 11, "tp": 19, "n_samples": 70, "n_class_0": 40, "n_class_1": 30, "auroc": 0.5483333333333333}, "20": {"accuracy": 0.5538461538461539, "balanced_accuracy": 0.5625, "f1_score": 0.5084745762711864, "tn": 21, "fp": 19, "fn": 10, "tp": 15, "n_samples": 65, "n_class_0": 40, "n_class_1": 25, "auroc": 0.621}}}