{"subject_id": "S23", "k_shots": {"5": {"accuracy": 0.475, "balanced_accuracy": 0.475, "f1_score": 0.46153846153846156, "tn": 20, "fp": 20, "fn": 22, "tp": 18, "n_samples": 80, "n_class_0": 40, "n_class_1": 40, "auroc": 0.49874999999999997}, "10": {"accuracy": 0.5, "balanced_accuracy": 0.5, "f1_score": 0.5652173913043478, "tn": 14, "fp": 26, "fn": 14, "tp": 26, "n_samples": 80, "n_class_0": 40, "n_class_1": 40, "auroc": 0.53625}, "20": {"accuracy": 0.4625, "balanced_accuracy": 0.4625, "f1_score": 0.49411764705882355, "tn": 16, "fp": 24, "fn": 19, "tp": 21, "n_samples": 80, "n_class_0": 40, "n_class_1": 40, "auroc": 0.50375}}}