{"subject_id": "S24", "k_shots": {"5": {"accuracy": 0.5, "balanced_accuracy": 0.5, "f1_score": 0.6, "tn": 10, "fp": 30, "fn": 10, "tp": 30, "n_samples": 80, "n_class_0": 40, "n_class_1": 40, "auroc": 0.5081249999999999}, "10": {"accuracy": 0.65, "balanced_accuracy": 0.6499999999999999, "f1_score": 0.6666666666666666, "tn": 24, "fp": 16, "fn": 12, "tp": 28, "n_samples": 80, "n_class_0": 40, "n_class_1": 40, "auroc": 0.596875}, "20": {"accuracy": 0.5, "balanced_accuracy": 0.5, "f1_score": 0.5454545454545454, "tn": 16, "fp": 24, "fn": 16, "tp": 24, "n_samples": 80, "n_class_0": 40, "n_class_1": 40, "auroc": 0.49624999999999997}}}