{"subject_id": "S13", "k_shots": {"5": {"accuracy": 0.475, "balanced_accuracy": 0.475, "f1_score": 0.58, "tn": 9, "fp": 31, "fn": 11, "tp": 29, "n_samples": 80, "n_class_0": 40, "n_class_1": 40, "auroc": 0.510625}, "10": {"accuracy": 0.5, "balanced_accuracy": 0.5, "f1_score": 0.5238095238095238, "tn": 18, "fp": 22, "fn": 18, "tp": 22, "n_samples": 80, "n_class_0": 40, "n_class_1": 40, "auroc": 0.49062500000000003}, "20": {"accuracy": 0.525, "balanced_accuracy": 0.525, "f1_score": 0.5365853658536586, "tn": 20, "fp": 20, "fn": 18, "tp": 22, "n_samples": 80, "n_class_0": 40, "n_class_1": 40, "auroc": 0.5062500000000001}}}