{"subject_id": "S22", "k_shots": {"5": {"accuracy": 0.25, "balanced_accuracy": 0.3153846153846154, "f1_score": 0.35294117647058826, "tn": 2, "fp": 3, "fn": 30, "tp": 9, "n_samples": 44, "n_class_0": 5, "n_class_1": 39, "auroc": 0.37435897435897436}, "10": {"accuracy": 0.7631578947368421, "balanced_accuracy": 0.6388888888888888, "f1_score": 0.8615384615384616, "tn": 1, "fp": 1, "fn": 8, "tp": 28, "n_samples": 38, "n_class_0": 2, "n_class_1": 36, "auroc": 0.4444444444444445}, "20": {"accuracy": 0.75, "balanced_accuracy": 0.8709677419354839, "f1_score": 0.8518518518518519, "tn": 1, "fp": 0, "fn": 8, "tp": 23, "n_samples": 32, "n_class_0": 1, "n_class_1": 31, "auroc": 1.0}}}