{"subject_id": "S26", "k_shots": {"5": {"accuracy": 0.4625, "balanced_accuracy": 0.4625, "f1_score": 0.4691358024691358, "tn": 18, "fp": 22, "fn": 21, "tp": 19, "n_samples": 80, "n_class_0": 40, "n_class_1": 40, "auroc": 0.419375}, "10": {"accuracy": 0.4875, "balanced_accuracy": 0.48750000000000004, "f1_score": 0.5060240963855421, "tn": 18, "fp": 22, "fn": 19, "tp": 21, "n_samples": 80, "n_class_0": 40, "n_class_1": 40, "auroc": 0.4575}, "20": {"accuracy": 0.475, "balanced_accuracy": 0.475, "f1_score": 0.4473684210526316, "tn": 21, "fp": 19, "fn": 23, "tp": 17, "n_samples": 80, "n_class_0": 40, "n_class_1": 40, "auroc": 0.48624999999999996}}}