{"subject_id": "S18", "k_shots": {"5": {"accuracy": 0.4875, "balanced_accuracy": 0.48750000000000004, "f1_score": 0.4675324675324675, "tn": 21, "fp": 19, "fn": 22, "tp": 18, "n_samples": 80, "n_class_0": 40, "n_class_1": 40, "auroc": 0.49750000000000005}, "10": {"accuracy": 0.5375, "balanced_accuracy": 0.5375, "f1_score": 0.5194805194805194, "tn": 23, "fp": 17, "fn": 20, "tp": 20, "n_samples": 80, "n_class_0": 40, "n_class_1": 40, "auroc": 0.5925}, "20": {"accuracy": 0.6125, "balanced_accuracy": 0.6125, "f1_score": 0.6172839506172839, "tn": 24, "fp": 16, "fn": 15, "tp": 25, "n_samples": 80, "n_class_0": 40, "n_class_1": 40, "auroc": 0.603125}}}