{"subject_id": "S06", "k_shots": {"5": {"accuracy": 0.5185185185185185, "balanced_accuracy": 0.5357142857142857, "f1_score": 0.6060606060606061, "tn": 8, "fp": 6, "fn": 20, "tp": 20, "n_samples": 54, "n_class_0": 14, "n_class_1": 40, "auroc": 0.5625}, "10": {"accuracy": 0.6078431372549019, "balanced_accuracy": 0.6840909090909091, "f1_score": 0.6875, "tn": 9, "fp": 2, "fn": 18, "tp": 22, "n_samples": 51, "n_class_0": 11, "n_class_1": 40, "auroc": 0.5909090909090909}, "20": {"accuracy": 0.5, "balanced_accuracy": 0.4291666666666667, "f1_score": 0.6461538461538462, "tn": 2, "fp": 4, "fn": 19, "tp": 21, "n_samples": 46, "n_class_0": 6, "n_class_1": 40, "auroc": 0.48333333333333334}}}