{"subject_id": "S20", "k_shots": {"5": {"accuracy": 0.5822784810126582, "balanced_accuracy": 0.5849358974358974, "f1_score": 0.47619047619047616, "tn": 31, "fp": 8, "fn": 25, "tp": 15, "n_samples": 79, "n_class_0": 39, "n_class_1": 40, "auroc": 0.5955128205128205}, "10": {"accuracy": 0.4605263157894737, "balanced_accuracy": 0.4625, "f1_score": 0.4533333333333333, "tn": 18, "fp": 18, "fn": 23, "tp": 17, "n_samples": 76, "n_class_0": 36, "n_class_1": 40, "auroc": 0.5263888888888889}, "20": {"accuracy": 0.5211267605633803, "balanced_accuracy": 0.5459677419354838, "f1_score": 0.45161290322580644, "tn": 23, "fp": 8, "fn": 26, "tp": 14, "n_samples": 71, "n_class_0": 31, "n_class_1": 40, "auroc": 0.5346774193548387}}}