{"subject_id": "S07", "k_shots": {"5": {"accuracy": 0.5573770491803278, "balanced_accuracy": 0.6172619047619048, "f1_score": 0.5573770491803278, "tn": 17, "fp": 4, "fn": 23, "tp": 17, "n_samples": 61, "n_class_0": 21, "n_class_1": 40, "auroc": 0.7142857142857143}, "10": {"accuracy": 0.5172413793103449, "balanced_accuracy": 0.6041666666666667, "f1_score": 0.5172413793103449, "tn": 15, "fp": 3, "fn": 25, "tp": 15, "n_samples": 58, "n_class_0": 18, "n_class_1": 40, "auroc": 0.6847222222222222}, "20": {"accuracy": 0.7169811320754716, "balanced_accuracy": 0.760576923076923, "f1_score": 0.782608695652174, "tn": 11, "fp": 2, "fn": 13, "tp": 27, "n_samples": 53, "n_class_0": 13, "n_class_1": 40, "auroc": 0.8692307692307693}}}