{"subject_id": "S11", "k_shots": {"5": {"accuracy": 0.525, "balanced_accuracy": 0.5249999999999999, "f1_score": 0.5476190476190477, "tn": 19, "fp": 21, "fn": 17, "tp": 23, "n_samples": 80, "n_class_0": 40, "n_class_1": 40, "auroc": 0.52625}, "10": {"accuracy": 0.5625, "balanced_accuracy": 0.5625, "f1_score": 0.5882352941176471, "tn": 20, "fp": 20, "fn": 15, "tp": 25, "n_samples": 80, "n_class_0": 40, "n_class_1": 40, "auroc": 0.59875}, "20": {"accuracy": 0.5, "balanced_accuracy": 0.5, "f1_score": 0.4444444444444444, "tn": 24, "fp": 16, "fn": 24, "tp": 16, "n_samples": 80, "n_class_0": 40, "n_class_1": 40, "auroc": 0.5918749999999999}}}