{"subject_id": "S21", "k_shots": {"5": {"accuracy": 0.8292682926829268, "balanced_accuracy": 0.425, "f1_score": 0.9066666666666666, "tn": 0, "fp": 1, "fn": 6, "tp": 34, "n_samples": 41, "n_class_0": 1, "n_class_1": 40, "auroc": 0.725}, "10": {"accuracy": 0.8536585365853658, "balanced_accuracy": 0.925, "f1_score": 0.918918918918919, "tn": 1, "fp": 0, "fn": 6, "tp": 34, "n_samples": 41, "n_class_0": 1, "n_class_1": 40, "auroc": 0.975}, "20": {"accuracy": 0.8536585365853658, "balanced_accuracy": 0.925, "f1_score": 0.918918918918919, "tn": 1, "fp": 0, "fn": 6, "tp": 34, "n_samples": 41, "n_class_0": 1, "n_class_1": 40, "auroc": 1.0}}}