{"subject_id": "S02", "k_shots": {"5": {"accuracy": 0.4875, "balanced_accuracy": 0.48750000000000004, "f1_score": 0.3880597014925373, "tn": 26, "fp": 14, "fn": 27, "tp": 13, "n_samples": 80, "n_class_0": 40, "n_class_1": 40, "auroc": 0.474375}, "10": {"accuracy": 0.55, "balanced_accuracy": 0.55, "f1_score": 0.47058823529411764, "tn": 28, "fp": 12, "fn": 24, "tp": 16, "n_samples": 80, "n_class_0": 40, "n_class_1": 40, "auroc": 0.608125}, "20": {"accuracy": 0.625, "balanced_accuracy": 0.625, "f1_score": 0.6341463414634146, "tn": 24, "fp": 16, "fn": 14, "tp": 26, "n_samples": 80, "n_class_0": 40, "n_class_1": 40, "auroc": 0.68375}}}