{"subject_id": "S06", "k_shots": {"5": {"accuracy": 0.6296296296296297, "balanced_accuracy": 0.55275, "f1_score": 0.7597639676079752, "auroc": 0.5578749999999999}, "10": {"accuracy": 0.562962962962963, "balanced_accuracy": 0.52825, "f1_score": 0.7062763896138953, "auroc": 0.533625}, "20": {"accuracy": 0.5824074074074075, "balanced_accuracy": 0.58475, "f1_score": 0.7177068515873606, "auroc": 0.5994999999999999}}}