{"subject_id": "S21", "k_shots": {"5": {"accuracy": 0.6068965517241379, "balanced_accuracy": 0.7657407407407406, "f1_score": 0.7319601424987502, "auroc": 0.7333333333333333}, "10": {"accuracy": 0.6444444444444445, "balanced_accuracy": 0.808, "f1_score": 0.7582114921722557, "auroc": 0.8719999999999999}, "20": {"accuracy": 0.6681818181818182, "balanced_accuracy": 0.8175000000000001, "f1_score": 0.7751082251082251, "auroc": 0.785}}}