{"subject_id": "S11", "k_shots": {"5": {"accuracy": 0.623, "balanced_accuracy": 0.623, "f1_score": 0.6194480557558002, "auroc": 0.69391}, "10": {"accuracy": 0.6158940397350993, "balanced_accuracy": 0.6273725490196079, "f1_score": 0.670765438019612, "auroc": 0.6913529411764706}, "20": {"accuracy": 0.6245033112582782, "balanced_accuracy": 0.6305098039215686, "f1_score": 0.6833418731192089, "auroc": 0.6953529411764706}}}