{"subject_id": "S24", "k_shots": {"5": {"accuracy": 0.6107142857142855, "balanced_accuracy": 0.58275, "f1_score": 0.7031189360407419, "auroc": 0.616525}, "10": {"accuracy": 0.607142857142857, "balanced_accuracy": 0.5825, "f1_score": 0.6984484844306071, "auroc": 0.623775}, "20": {"accuracy": 0.6142857142857142, "balanced_accuracy": 0.589, "f1_score": 0.7055062062445939, "auroc": 0.6274000000000001}}}