{"subject_id": "S22", "k_shots": {"5": {"accuracy": 0.5681818181818182, "balanced_accuracy": 0.582051282051282, "f1_score": 0.6984126984126984, "tn": 3, "fp": 2, "fn": 17, "tp": 22, "n_samples": 44, "n_class_0": 5, "n_class_1": 39, "auroc": 0.5743589743589743}, "10": {"accuracy": 0.6052631578947368, "balanced_accuracy": 0.5555555555555556, "f1_score": 0.7457627118644068, "tn": 1, "fp": 1, "fn": 14, "tp": 22, "n_samples": 38, "n_class_0": 2, "n_class_1": 36, "auroc": 0.4444444444444444}, "20": {"accuracy": 0.7096774193548387, "balanced_accuracy": 0.7096774193548387, "f1_score": 0.8301886792452831, "tn": 0, "fp": 0, "fn": 9, "tp": 22, "n_samples": 31, "n_class_0": 0, "n_class_1": 31, "auroc": NaN}}}