{"subject_id": "S26", "k_shots": {"5": {"accuracy": 0.5625, "balanced_accuracy": 0.5582010582010581, "f1_score": 0.6037735849056604, "tn": 33, "fp": 30, "fn": 33, "tp": 48, "n_samples": 144, "n_class_0": 63, "n_class_1": 81, "auroc": 0.5661375661375662}, "10": {"accuracy": 0.4492753623188406, "balanced_accuracy": 0.4512820512820513, "f1_score": 0.4722222222222222, "tn": 28, "fp": 32, "fn": 44, "tp": 34, "n_samples": 138, "n_class_0": 60, "n_class_1": 78, "auroc": 0.4777777777777778}, "20": {"accuracy": 0.4609375, "balanced_accuracy": 0.45790784557907843, "f1_score": 0.5035971223021583, "tn": 24, "fp": 31, "fn": 38, "tp": 35, "n_samples": 128, "n_class_0": 55, "n_class_1": 73, "auroc": 0.4356164383561643}}}