{"subject_id": "S06", "k_shots": {"5": {"accuracy": 0.5978260869565217, "balanced_accuracy": 0.4501090512540894, "f1_score": 0.74364896073903, "tn": 4, "fp": 10, "fn": 101, "tp": 161, "n_samples": 276, "n_class_0": 14, "n_class_1": 262, "auroc": 0.4820065430752454}, "10": {"accuracy": 0.43703703703703706, "balanced_accuracy": 0.575991575991576, "f1_score": 0.5913978494623656, "tn": 8, "fp": 3, "fn": 149, "tp": 110, "n_samples": 270, "n_class_0": 11, "n_class_1": 259, "auroc": 0.6009126009126009}, "20": {"accuracy": 0.47692307692307695, "balanced_accuracy": 0.5695538057742782, "f1_score": 0.6382978723404256, "tn": 4, "fp": 2, "fn": 134, "tp": 120, "n_samples": 260, "n_class_0": 6, "n_class_1": 254, "auroc": 0.5564304461942258}}}