{"subject_id": "S12", "k_shots": {"5": {"accuracy": 0.44086021505376344, "balanced_accuracy": 0.478030303030303, "f1_score": 0.43478260869565216, "tn": 21, "fp": 39, "fn": 13, "tp": 20, "n_samples": 93, "n_class_0": 60, "n_class_1": 33, "auroc": 0.44494949494949493}, "10": {"accuracy": 0.5402298850574713, "balanced_accuracy": 0.5780701754385964, "f1_score": 0.5121951219512195, "tn": 26, "fp": 31, "fn": 9, "tp": 21, "n_samples": 87, "n_class_0": 57, "n_class_1": 30, "auroc": 0.5923976608187135}, "20": {"accuracy": 0.5064935064935064, "balanced_accuracy": 0.5307692307692308, "f1_score": 0.4411764705882353, "tn": 24, "fp": 28, "fn": 10, "tp": 15, "n_samples": 77, "n_class_0": 52, "n_class_1": 25, "auroc": 0.6569230769230769}}}