{"subject_id": "S23", "k_shots": {"5": {"accuracy": 0.54, "balanced_accuracy": 0.5300469710909883, "f1_score": 0.6123595505617978, "tn": 53, "fp": 54, "fn": 84, "tp": 109, "n_samples": 300, "n_class_0": 107, "n_class_1": 193, "auroc": 0.5359546753183866}, "10": {"accuracy": 0.5170068027210885, "balanced_accuracy": 0.513157894736842, "f1_score": 0.5847953216374269, "tn": 52, "fp": 52, "fn": 90, "tp": 100, "n_samples": 294, "n_class_0": 104, "n_class_1": 190, "auroc": 0.4966599190283401}, "20": {"accuracy": 0.528169014084507, "balanced_accuracy": 0.5204477204477205, "f1_score": 0.6011904761904762, "tn": 49, "fp": 50, "fn": 84, "tp": 101, "n_samples": 284, "n_class_0": 99, "n_class_1": 185, "auroc": 0.5147147147147147}}}