{"subject_id": "S21", "k_shots": {"5": {"accuracy": 0.44642857142857145, "balanced_accuracy": 0.7181818181818181, "f1_score": 0.6075949367088608, "tn": 1, "fp": 0, "fn": 31, "tp": 24, "n_samples": 56, "n_class_0": 1, "n_class_1": 55, "auroc": 0.5636363636363636}, "10": {"accuracy": 0.6923076923076923, "balanced_accuracy": 0.6923076923076923, "f1_score": 0.8181818181818182, "tn": 0, "fp": 0, "fn": 16, "tp": 36, "n_samples": 52, "n_class_0": 0, "n_class_1": 52, "auroc": NaN}, "20": {"accuracy": 0.8085106382978723, "balanced_accuracy": 0.8085106382978723, "f1_score": 0.8941176470588236, "tn": 0, "fp": 0, "fn": 9, "tp": 38, "n_samples": 47, "n_class_0": 0, "n_class_1": 47, "auroc": NaN}}}