{"subject_id": "S07", "k_shots": {"5": {"accuracy": 0.435, "balanced_accuracy": 0.5582601755786114, "f1_score": 0.5603112840466926, "tn": 15, "fp": 6, "fn": 107, "tp": 72, "n_samples": 200, "n_class_0": 21, "n_class_1": 179, "auroc": 0.6118648576749135}, "10": {"accuracy": 0.5773195876288659, "balanced_accuracy": 0.5426136363636364, "f1_score": 0.7152777777777778, "tn": 9, "fp": 9, "fn": 73, "tp": 103, "n_samples": 194, "n_class_0": 18, "n_class_1": 176, "auroc": 0.5195707070707071}, "20": {"accuracy": 0.6141304347826086, "balanced_accuracy": 0.5436347278452542, "f1_score": 0.7508771929824561, "tn": 6, "fp": 7, "fn": 64, "tp": 107, "n_samples": 184, "n_class_0": 13, "n_class_1": 171, "auroc": 0.5793972109761583}}}