{"subject_id": "S18", "k_shots": {"5": {"accuracy": 0.5272727272727272, "balanced_accuracy": 0.5523921832884097, "f1_score": 0.5806451612903226, "tn": 33, "fp": 20, "fn": 58, "tp": 54, "n_samples": 165, "n_class_0": 53, "n_class_1": 112, "auroc": 0.5505390835579516}, "10": {"accuracy": 0.5031446540880503, "balanced_accuracy": 0.5401834862385322, "f1_score": 0.5485714285714286, "tn": 32, "fp": 18, "fn": 61, "tp": 48, "n_samples": 159, "n_class_0": 50, "n_class_1": 109, "auroc": 0.5467889908256881}, "20": {"accuracy": 0.5302013422818792, "balanced_accuracy": 0.4932692307692308, "f1_score": 0.6354166666666666, "tn": 18, "fp": 27, "fn": 43, "tp": 61, "n_samples": 149, "n_class_0": 45, "n_class_1": 104, "auroc": 0.5220085470085469}}}