{"subject_id": "S13", "k_shots": {"5": {"accuracy": 0.5376344086021505, "balanced_accuracy": 0.5378468653648509, "f1_score": 0.5095057034220533, "tn": 83, "fp": 56, "fn": 73, "tp": 67, "n_samples": 279, "n_class_0": 139, "n_class_1": 140, "auroc": 0.5534943473792394}, "10": {"accuracy": 0.5567765567765568, "balanced_accuracy": 0.5568913696865607, "f1_score": 0.5433962264150943, "tn": 80, "fp": 56, "fn": 65, "tp": 72, "n_samples": 273, "n_class_0": 136, "n_class_1": 137, "auroc": 0.5988085015027907}, "20": {"accuracy": 0.6045627376425855, "balanced_accuracy": 0.6049040018505667, "f1_score": 0.5666666666666667, "tn": 91, "fp": 40, "fn": 64, "tp": 68, "n_samples": 263, "n_class_0": 131, "n_class_1": 132, "auroc": 0.6619824196160073}}}