{"subject_id": "S24", "k_shots": {"5": {"accuracy": 0.5618374558303887, "balanced_accuracy": 0.5228267667292057, "f1_score": 0.6684491978609626, "tn": 34, "fp": 44, "fn": 80, "tp": 125, "n_samples": 283, "n_class_0": 78, "n_class_1": 205, "auroc": 0.5639774859287054}, "10": {"accuracy": 0.49097472924187724, "balanced_accuracy": 0.49171617161716175, "f1_score": 0.584070796460177, "tn": 37, "fp": 38, "fn": 103, "tp": 99, "n_samples": 277, "n_class_0": 75, "n_class_1": 202, "auroc": 0.4794059405940594}, "20": {"accuracy": 0.5393258426966292, "balanced_accuracy": 0.4713923132704858, "f1_score": 0.663013698630137, "tn": 23, "fp": 47, "fn": 76, "tp": 121, "n_samples": 267, "n_class_0": 70, "n_class_1": 197, "auroc": 0.4701232777374909}}}