{"subject_id": "S02", "k_shots": {"5": {"accuracy": 0.478494623655914, "balanced_accuracy": 0.5233918128654971, "f1_score": 0.4327485380116959, "tn": 52, "fp": 20, "fn": 77, "tp": 37, "n_samples": 186, "n_class_0": 72, "n_class_1": 114, "auroc": 0.5327729044834308}, "10": {"accuracy": 0.5222222222222223, "balanced_accuracy": 0.5193889541715628, "f1_score": 0.5784313725490197, "tn": 35, "fp": 34, "fn": 52, "tp": 59, "n_samples": 180, "n_class_0": 69, "n_class_1": 111, "auroc": 0.5662619140880011}, "20": {"accuracy": 0.6588235294117647, "balanced_accuracy": 0.6459316037735849, "f1_score": 0.7184466019417476, "tn": 38, "fp": 26, "fn": 32, "tp": 74, "n_samples": 170, "n_class_0": 64, "n_class_1": 106, "auroc": 0.6950176886792452}}}