{"subject_id": "S16", "k_shots": {"5": {"accuracy": 0.5144230769230769, "balanced_accuracy": 0.510989010989011, "f1_score": 0.5550660792951542, "tn": 44, "fp": 47, "fn": 54, "tp": 63, "n_samples": 208, "n_class_0": 91, "n_class_1": 117, "auroc": 0.4467925237156007}, "10": {"accuracy": 0.5297029702970297, "balanced_accuracy": 0.5379784688995215, "f1_score": 0.5320197044334976, "tn": 53, "fp": 35, "fn": 60, "tp": 54, "n_samples": 202, "n_class_0": 88, "n_class_1": 114, "auroc": 0.5052830940988836}, "20": {"accuracy": 0.5520833333333334, "balanced_accuracy": 0.5652702553332597, "f1_score": 0.5425531914893617, "tn": 55, "fp": 28, "fn": 58, "tp": 51, "n_samples": 192, "n_class_0": 83, "n_class_1": 109, "auroc": 0.6299325743340335}}}