{"subject_id": "S20", "k_shots": {"5": {"accuracy": 0.4318181818181818, "balanced_accuracy": 0.4925558312655087, "f1_score": 0.460431654676259, "tn": 25, "fp": 14, "fn": 61, "tp": 32, "n_samples": 132, "n_class_0": 39, "n_class_1": 93, "auroc": 0.46980976013234077}, "10": {"accuracy": 0.5476190476190477, "balanced_accuracy": 0.5166666666666666, "f1_score": 0.6503067484662577, "tn": 16, "fp": 20, "fn": 37, "tp": 53, "n_samples": 126, "n_class_0": 36, "n_class_1": 90, "auroc": 0.5240740740740741}, "20": {"accuracy": 0.6120689655172413, "balanced_accuracy": 0.6020872865275142, "f1_score": 0.7019867549668874, "tn": 18, "fp": 13, "fn": 32, "tp": 53, "n_samples": 116, "n_class_0": 31, "n_class_1": 85, "auroc": 0.6360531309297912}}}