{"subject_id": "S11", "k_shots": {"5": {"accuracy": 0.6229508196721312, "balanced_accuracy": 0.6529268292682926, "f1_score": 0.6685878962536023, "tn": 74, "fp": 26, "fn": 89, "tp": 116, "n_samples": 305, "n_class_0": 100, "n_class_1": 205, "auroc": 0.6881463414634147}, "10": {"accuracy": 0.5183946488294314, "balanced_accuracy": 0.5149535572113912, "f1_score": 0.5955056179775281, "tn": 49, "fp": 48, "fn": 96, "tp": 106, "n_samples": 299, "n_class_0": 97, "n_class_1": 202, "auroc": 0.5705317954475859}, "20": {"accuracy": 0.5190311418685121, "balanced_accuracy": 0.545823217832708, "f1_score": 0.5723076923076923, "tn": 57, "fp": 35, "fn": 104, "tp": 93, "n_samples": 289, "n_class_0": 92, "n_class_1": 197, "auroc": 0.5773008165967777}}}