{"subject_id": "S14", "k_shots": {"5": {"accuracy": 0.49101796407185627, "balanced_accuracy": 0.47900556758428703, "f1_score": 0.5663265306122449, "tn": 53, "fp": 69, "fn": 101, "tp": 111, "n_samples": 334, "n_class_0": 122, "n_class_1": 212, "auroc": 0.49218991648623567}, "10": {"accuracy": 0.5487804878048781, "balanced_accuracy": 0.5590848779703268, "f1_score": 0.5956284153005464, "tn": 71, "fp": 48, "fn": 100, "tp": 109, "n_samples": 328, "n_class_0": 119, "n_class_1": 209, "auroc": 0.5902858751155964}, "20": {"accuracy": 0.5723270440251572, "balanced_accuracy": 0.5912022703818369, "f1_score": 0.6114285714285714, "tn": 75, "fp": 39, "fn": 97, "tp": 107, "n_samples": 318, "n_class_0": 114, "n_class_1": 204, "auroc": 0.6057361541107672}}}