{"subject_id": "S17", "k_shots": {"5": {"accuracy": 0.4105263157894737, "balanced_accuracy": 0.4318181818181818, "f1_score": 0.4473684210526316, "tn": 49, "fp": 49, "fn": 119, "tp": 68, "n_samples": 285, "n_class_0": 98, "n_class_1": 187, "auroc": 0.4207137400414711}, "10": {"accuracy": 0.5734767025089605, "balanced_accuracy": 0.6104405034324942, "f1_score": 0.6046511627906976, "tn": 69, "fp": 26, "fn": 93, "tp": 91, "n_samples": 279, "n_class_0": 95, "n_class_1": 184, "auroc": 0.637070938215103}, "20": {"accuracy": 0.6282527881040892, "balanced_accuracy": 0.5936064556176288, "f1_score": 0.7142857142857143, "tn": 44, "fp": 46, "fn": 54, "tp": 125, "n_samples": 269, "n_class_0": 90, "n_class_1": 179, "auroc": 0.6181874612042211}}}