method1,method2,metric,k,n,mean1,mean2,mean_diff,statistic,p_value,significant,effect_r,effect_interp
Full-MAML,Full-MAML-Raw,balanced_accuracy,5,16,0.5872030688777596,0.575463043223352,0.011740025654407675,57.0,0.596588134765625,False,0.1323283235894631,small
Full-MAML,Full-MAML-Raw,balanced_accuracy,10,16,0.5940407885593224,0.5828257980795891,0.011214990479733351,57.0,0.596588134765625,False,0.1323283235894631,small
Full-MAML,Full-MAML-Raw,balanced_accuracy,20,16,0.5931719471648653,0.5867066194315858,0.006465327733279538,61.0,0.743560791015625,False,0.08178539934961179,negligible
SubjectConditioned,SubjectConditioned-Raw,balanced_accuracy,5,16,0.5787666325500399,0.581444673192306,-0.0026780406422660455,55.0,0.528167724609375,False,-0.15770136817600444,small
SubjectConditioned,SubjectConditioned-Raw,balanced_accuracy,10,16,0.5831711994687026,0.5879912615811438,-0.004820062112441292,45.0,0.252227783203125,False,-0.2862387593919965,small
SubjectConditioned,SubjectConditioned-Raw,balanced_accuracy,20,16,0.589280467688969,0.5851956499071629,0.004084817781806069,58.0,0.632171630859375,False,0.11966812554871667,small
