method1,method2,metric,k,n,mean1,mean2,mean_diff,statistic,p_value,significant,effect_r,effect_interp
Full-MAML,Full-MAML-Raw,balanced_accuracy,5,16,0.5735341295886828,0.5728678983879374,0.0006662312007454756,58.0,0.632171630859375,False,0.11966812554871667,small
Full-MAML,Full-MAML-Raw,balanced_accuracy,10,16,0.577968642465158,0.5786648917724992,-0.0006962493073411971,63.0,0.820892333984375,False,-0.05659935512897624,negligible
Full-MAML,Full-MAML-Raw,balanced_accuracy,20,16,0.5809998307801654,0.5821930622523936,-0.0011932314722281519,51.0,0.40374755859375,False,-0.20873674626655522,small
SubjectConditioned,SubjectConditioned-Raw,balanced_accuracy,5,16,0.5915742071119832,0.5755199483924092,0.016054258719573923,53.0,0.4637451171875,False,0.18317348651498083,small
SubjectConditioned,SubjectConditioned-Raw,balanced_accuracy,10,16,0.5932349277822698,0.5744131840869787,0.0188217436952911,46.0,0.274444580078125,False,0.2732210876926527,small
SubjectConditioned,SubjectConditioned-Raw,balanced_accuracy,20,16,0.5987923477580352,0.5741057855708414,0.02468656218719391,50.0,0.375457763671875,False,0.22157413006350143,small
