method1,method2,k,n,mean1,mean2,delta,p,r,p_fdr,significant
SubjectConditioned,SubjectConditioned_NoFiLM,5,16,0.5843984182862465,0.5695743201920065,0.014824098094239978,0.009185791015625,0.651265244505831,0.027557373046875,True
SubjectConditioned,SubjectConditioned_NoFiLM,10,16,0.5835774762571778,0.5777782235023574,0.005799252754820336,0.274444580078125,0.2732210876926527,0.2978515625,False
SubjectConditioned,SubjectConditioned_NoFiLM,20,16,0.5867715627264114,0.581234012309869,0.005537550416542247,0.2978515625,0.26026292060948963,0.2978515625,False
