method1,method2,k,n,mean1,mean2,delta,p,r,median_diff,ci_lo,ci_hi,p_fdr,significant
SubjectConditioned,SubjectConditioned_NoFiLM,5,16,0.5843984182862465,0.5695743201920065,0.014824098094239978,0.009185791015625,0.651265244505831,0.013605475040257664,0.004166666666666652,0.021192421497584556,0.027557373046875,True
SubjectConditioned,SubjectConditioned_NoFiLM,10,16,0.5835774762571778,0.5777782235023574,0.005799252754820336,0.274444580078125,0.2732210876926527,0.0075350877192981724,-0.004666666666666597,0.019017730496453944,0.2978515625,False
SubjectConditioned,SubjectConditioned_NoFiLM,20,16,0.5867715627264114,0.581234012309869,0.005537550416542247,0.2978515625,0.26026292060948963,0.002103442728442706,-0.010015151515151532,0.018380614657210526,0.2978515625,False
