{"subject_id": "S16", "zero_shot": {"accuracy": 0.5943396226415094, "balanced_accuracy": 0.5576036866359446, "f1_score": 0.7034482758620689, "tn": 24, "fp": 69, "fn": 17, "tp": 102, "n_samples": 212, "n_class_0": 93, "n_class_1": 119, "auroc": 0.5785669106352218}, "k_shots": {"5": {"accuracy": 0.5551020408163265, "balanced_accuracy": 0.5743297872340425, "f1_score": 0.6115059993623929, "auroc": 0.5976382978723404}, "10": {"accuracy": 0.5700680272108845, "balanced_accuracy": 0.5881489361702127, "f1_score": 0.6285000251168154, "auroc": 0.6073617021276596}, "20": {"accuracy": 0.586013986013986, "balanced_accuracy": 0.5792664007092199, "f1_score": 0.6599726456039252, "auroc": 0.6090647163120567}}}