{"subject_id": "S02", "zero_shot": {"accuracy": 0.5736842105263158, "balanced_accuracy": 0.48939888164026096, "f1_score": 0.7137809187279152, "tn": 8, "fp": 66, "fn": 15, "tp": 101, "n_samples": 190, "n_class_0": 74, "n_class_1": 116, "auroc": 0.5086206896551724}, "k_shots": {"5": {"accuracy": 0.462015503875969, "balanced_accuracy": 0.5509253819036427, "f1_score": 0.4693223448238945, "auroc": 0.5700352526439483}, "10": {"accuracy": 0.4818897637795276, "balanced_accuracy": 0.5325825825825825, "f1_score": 0.52465065433251, "auroc": 0.5536936936936936}, "20": {"accuracy": 0.521311475409836, "balanced_accuracy": 0.5565023847376789, "f1_score": 0.5749771735820388, "auroc": 0.5896025437201908}}}