{"subject_id": "S12", "zero_shot": {"accuracy": 0.4845360824742268, "balanced_accuracy": 0.584331797235023, "f1_score": 0.5689655172413793, "tn": 14, "fp": 48, "fn": 2, "tp": 33, "n_samples": 97, "n_class_0": 62, "n_class_1": 35, "auroc": 0.6193548387096774}, "k_shots": {"5": {"accuracy": 0.4390625, "balanced_accuracy": 0.5708937198067633, "f1_score": 0.4658767353375379, "auroc": 0.5964975845410627}, "10": {"accuracy": 0.49344262295081964, "balanced_accuracy": 0.592248062015504, "f1_score": 0.49213483673312475, "auroc": 0.6209302325581395}, "20": {"accuracy": 0.5142857142857143, "balanced_accuracy": 0.5953216374269005, "f1_score": 0.521750849776909, "auroc": 0.6346491228070177}}}