{"subject_id": "S17", "zero_shot": {"accuracy": 0.643598615916955, "balanced_accuracy": 0.5885978835978836, "f1_score": 0.7379134860050891, "tn": 41, "fp": 59, "fn": 44, "tp": 145, "n_samples": 289, "n_class_0": 100, "n_class_1": 189, "auroc": 0.6412698412698412}, "k_shots": {"5": {"accuracy": 0.5726666666666667, "balanced_accuracy": 0.6, "f1_score": 0.6165728799651244, "auroc": 0.6598400000000001}, "10": {"accuracy": 0.5726666666666667, "balanced_accuracy": 0.5994999999999999, "f1_score": 0.6159220465577621, "auroc": 0.66358}, "20": {"accuracy": 0.6066666666666667, "balanced_accuracy": 0.615, "f1_score": 0.6642971973211343, "auroc": 0.6662800000000001}}}