{"subject_id": "S24", "zero_shot": {"accuracy": 0.6445993031358885, "balanced_accuracy": 0.5772342995169082, "f1_score": 0.7475247524752475, "tn": 34, "fp": 46, "fn": 56, "tp": 151, "n_samples": 287, "n_class_0": 80, "n_class_1": 207, "auroc": 0.6239130434782609}, "k_shots": {"5": {"accuracy": 0.5071428571428572, "balanced_accuracy": 0.5890000000000001, "f1_score": 0.5335656835141089, "auroc": 0.635575}, "10": {"accuracy": 0.5335714285714286, "balanced_accuracy": 0.5752499999999999, "f1_score": 0.593289913828721, "auroc": 0.619225}, "20": {"accuracy": 0.5728571428571427, "balanced_accuracy": 0.5742499999999999, "f1_score": 0.6553874701480591, "auroc": 0.6155}}}