{"subject_id": "S21", "zero_shot": {"accuracy": 0.65, "balanced_accuracy": 0.8157894736842105, "f1_score": 0.7741935483870968, "tn": 3, "fp": 0, "fn": 21, "tp": 36, "n_samples": 60, "n_class_0": 3, "n_class_1": 57, "auroc": 0.9181286549707602}, "k_shots": {"5": {"accuracy": 0.7724137931034482, "balanced_accuracy": 0.8083333333333333, "f1_score": 0.8525515704339233, "auroc": 0.9203703703703704}, "10": {"accuracy": 0.8, "balanced_accuracy": 0.8690000000000001, "f1_score": 0.8739118632297697, "auroc": 0.9279999999999999}, "20": {"accuracy": 0.859090909090909, "balanced_accuracy": 0.8550000000000001, "f1_score": 0.9142271867496513, "auroc": 0.9524999999999999}}}