{"subject_id": "S02", "zero_shot": {"accuracy": 0.5894736842105263, "balanced_accuracy": 0.5023299161230196, "f1_score": 0.7272727272727273, "tn": 8, "fp": 66, "fn": 12, "tp": 104, "n_samples": 190, "n_class_0": 74, "n_class_1": 116, "auroc": 0.5471225535880707}, "k_shots": {"5": {"accuracy": 0.5565891472868216, "balanced_accuracy": 0.5986486486486486, "f1_score": 0.6152275242287859, "auroc": 0.6496180963572267}, "10": {"accuracy": 0.5574803149606299, "balanced_accuracy": 0.5747747747747748, "f1_score": 0.6296679747314273, "auroc": 0.6108408408408408}, "20": {"accuracy": 0.5795081967213115, "balanced_accuracy": 0.5883465818759935, "f1_score": 0.6513332930960172, "auroc": 0.6444515103338633}}}