{"subject_id": "S23", "zero_shot": {"accuracy": 0.6743421052631579, "balanced_accuracy": 0.6187014820042342, "f1_score": 0.762589928057554, "tn": 46, "fp": 63, "fn": 36, "tp": 159, "n_samples": 304, "n_class_0": 109, "n_class_1": 195, "auroc": 0.6611150317572336}, "k_shots": {"5": {"accuracy": 0.6120000000000001, "balanced_accuracy": 0.6120000000000001, "f1_score": 0.6713089843966911, "auroc": 0.6565000000000001}, "10": {"accuracy": 0.612, "balanced_accuracy": 0.612, "f1_score": 0.6475276061386086, "auroc": 0.6585549999999999}, "20": {"accuracy": 0.5716129032258065, "balanced_accuracy": 0.5955909090909091, "f1_score": 0.6055215089823806, "auroc": 0.662909090909091}}}