{"subject_id": "S13", "zero_shot": {"accuracy": 0.6325088339222615, "balanced_accuracy": 0.6317800419538507, "f1_score": 0.695906432748538, "tn": 60, "fp": 81, "fn": 23, "tp": 119, "n_samples": 283, "n_class_0": 141, "n_class_1": 142, "auroc": 0.6986814504045549}, "k_shots": {"5": {"accuracy": 0.634, "balanced_accuracy": 0.634, "f1_score": 0.6764764739149752, "auroc": 0.69669}, "10": {"accuracy": 0.6465, "balanced_accuracy": 0.6465, "f1_score": 0.6792572794470348, "auroc": 0.70659}, "20": {"accuracy": 0.646, "balanced_accuracy": 0.646, "f1_score": 0.6841274241464796, "auroc": 0.70437}}}