{"subject_id": "S26", "zero_shot": {"accuracy": 0.5067567567567568, "balanced_accuracy": 0.4768303985171455, "f1_score": 0.6217616580310881, "tn": 15, "fp": 50, "fn": 23, "tp": 60, "n_samples": 148, "n_class_0": 65, "n_class_1": 83, "auroc": 0.5148285449490269}, "k_shots": {"5": {"accuracy": 0.4778846153846154, "balanced_accuracy": 0.5324583866837387, "f1_score": 0.49903669922960636, "auroc": 0.530089628681178}, "10": {"accuracy": 0.49607843137254903, "balanced_accuracy": 0.5176548089591568, "f1_score": 0.5490849401587671, "auroc": 0.5080808080808081}, "20": {"accuracy": 0.5391752577319587, "balanced_accuracy": 0.5443655303030303, "f1_score": 0.6009945144791842, "auroc": 0.5380208333333334}}}