{"subject_id": "S06", "zero_shot": {"accuracy": 0.7035714285714286, "balanced_accuracy": 0.49053030303030304, "f1_score": 0.8230277185501066, "tn": 4, "fp": 12, "fn": 71, "tp": 193, "n_samples": 280, "n_class_0": 16, "n_class_1": 264, "auroc": 0.5026041666666667}, "k_shots": {"5": {"accuracy": 0.5583333333333333, "balanced_accuracy": 0.46825, "f1_score": 0.7045282314614536, "auroc": 0.43862500000000004}, "10": {"accuracy": 0.5907407407407408, "balanced_accuracy": 0.46274999999999994, "f1_score": 0.7325192651309275, "auroc": 0.4796250000000001}, "20": {"accuracy": 0.6194444444444445, "balanced_accuracy": 0.461, "f1_score": 0.7573476793790433, "auroc": 0.46425}}}