{"subject_id": "S22", "zero_shot": {"accuracy": 0.7708333333333334, "balanced_accuracy": 0.6289198606271776, "f1_score": 0.8607594936708861, "tn": 3, "fp": 4, "fn": 7, "tp": 34, "n_samples": 48, "n_class_0": 7, "n_class_1": 41, "auroc": 0.48083623693379796}, "k_shots": {"5": {"accuracy": 0.6839999999999999, "balanced_accuracy": 0.5791666666666666, "f1_score": 0.7927086035237512, "auroc": 0.4738095238095238}, "10": {"accuracy": 0.7217391304347827, "balanced_accuracy": 0.6243421052631579, "f1_score": 0.8201642519289578, "auroc": 0.5092105263157896}, "20": {"accuracy": 0.6944444444444445, "balanced_accuracy": 0.5892857142857142, "f1_score": 0.7955312899106002, "auroc": 0.5285714285714286}}}