{"subject_id": "S21", "zero_shot": {"accuracy": 0.5333333333333333, "balanced_accuracy": 0.7543859649122807, "f1_score": 0.6744186046511628, "tn": 3, "fp": 0, "fn": 28, "tp": 29, "n_samples": 60, "n_class_0": 3, "n_class_1": 57, "auroc": 0.8128654970760234}, "k_shots": {"5": {"accuracy": 0.5896551724137932, "balanced_accuracy": 0.7564814814814814, "f1_score": 0.7161020272730796, "auroc": 0.7833333333333332}, "10": {"accuracy": 0.674074074074074, "balanced_accuracy": 0.778, "f1_score": 0.7838153171814776, "auroc": 0.8}, "20": {"accuracy": 0.6272727272727272, "balanced_accuracy": 0.6375, "f1_score": 0.7449908446528057, "auroc": 0.7475000000000002}}}