{"subject_id": "S07", "zero_shot": {"accuracy": 0.7745098039215687, "balanced_accuracy": 0.5503242853711265, "f1_score": 0.8685714285714285, "tn": 6, "fp": 17, "fn": 29, "tp": 152, "n_samples": 204, "n_class_0": 23, "n_class_1": 181, "auroc": 0.651693490271439}, "k_shots": {"5": {"accuracy": 0.6261261261261262, "balanced_accuracy": 0.6732323232323233, "f1_score": 0.7415379839550849, "auroc": 0.7397306397306397}, "10": {"accuracy": 0.701834862385321, "balanced_accuracy": 0.6937285223367697, "f1_score": 0.8060742410505035, "auroc": 0.7474226804123711}, "20": {"accuracy": 0.7528846153846154, "balanced_accuracy": 0.7153985507246376, "f1_score": 0.8442398534497405, "auroc": 0.7597826086956523}}}