{"subject_id": "S20", "zero_shot": {"accuracy": 0.6544117647058824, "balanced_accuracy": 0.5862644415917844, "f1_score": 0.7539267015706806, "tn": 17, "fp": 24, "fn": 23, "tp": 72, "n_samples": 136, "n_class_0": 41, "n_class_1": 95, "auroc": 0.6251604621309371}, "k_shots": {"5": {"accuracy": 0.5255813953488373, "balanced_accuracy": 0.5717216117216116, "f1_score": 0.6010624430099403, "auroc": 0.6555311355311356}, "10": {"accuracy": 0.5476190476190477, "balanced_accuracy": 0.5714285714285714, "f1_score": 0.6301734894376907, "auroc": 0.6475434618291761}, "20": {"accuracy": 0.5582278481012658, "balanced_accuracy": 0.5411740558292283, "f1_score": 0.6541479158698906, "auroc": 0.6142857142857142}}}