{"subject_id": "S11", "zero_shot": {"accuracy": 0.6666666666666666, "balanced_accuracy": 0.592071611253197, "f1_score": 0.765375854214123, "tn": 38, "fp": 64, "fn": 39, "tp": 168, "n_samples": 309, "n_class_0": 102, "n_class_1": 207, "auroc": 0.6432461873638344}, "k_shots": {"5": {"accuracy": 0.6079999999999999, "balanced_accuracy": 0.6079999999999999, "f1_score": 0.6538057685958443, "auroc": 0.6581600000000001}, "10": {"accuracy": 0.5807947019867549, "balanced_accuracy": 0.613843137254902, "f1_score": 0.6161336057743142, "auroc": 0.6646274509803921}, "20": {"accuracy": 0.5860927152317881, "balanced_accuracy": 0.5995882352941176, "f1_score": 0.6400764753918904, "auroc": 0.6613725490196078}}}