{"subject_id": "S14", "zero_shot": {"accuracy": 0.5976331360946746, "balanced_accuracy": 0.5380991860114561, "f1_score": 0.7056277056277056, "tn": 39, "fp": 85, "fn": 51, "tp": 163, "n_samples": 338, "n_class_0": 124, "n_class_1": 214, "auroc": 0.5340857702743443}, "k_shots": {"5": {"accuracy": 0.5479999999999999, "balanced_accuracy": 0.5479999999999999, "f1_score": 0.6163955534184355, "auroc": 0.5566549999999999}, "10": {"accuracy": 0.5489999999999999, "balanced_accuracy": 0.5489999999999999, "f1_score": 0.6001784991958208, "auroc": 0.56959}, "20": {"accuracy": 0.5385000000000001, "balanced_accuracy": 0.5385000000000001, "f1_score": 0.5942428254387446, "auroc": 0.5670400000000001}}}