{"subject_id": "S16", "zero_shot": {"accuracy": 0.5801886792452831, "balanced_accuracy": 0.5402999909641276, "f1_score": 0.6983050847457627, "tn": 20, "fp": 73, "fn": 16, "tp": 103, "n_samples": 212, "n_class_0": 93, "n_class_1": 119, "auroc": 0.552543598084395}, "k_shots": {"5": {"accuracy": 0.48911564625850346, "balanced_accuracy": 0.545563829787234, "f1_score": 0.5044998280952975, "auroc": 0.5810000000000001}, "10": {"accuracy": 0.48639455782312924, "balanced_accuracy": 0.5238297872340425, "f1_score": 0.5214510524912269, "auroc": 0.560404255319149}, "20": {"accuracy": 0.5223776223776223, "balanced_accuracy": 0.5459884751773049, "f1_score": 0.5714928023532091, "auroc": 0.5916001773049646}}}