{"subject_id": "S18", "zero_shot": {"accuracy": 0.5976331360946746, "balanced_accuracy": 0.5135566188197767, "f1_score": 0.7166666666666667, "tn": 15, "fp": 40, "fn": 28, "tp": 86, "n_samples": 169, "n_class_0": 55, "n_class_1": 114, "auroc": 0.5875598086124402}, "k_shots": {"5": {"accuracy": 0.5309090909090909, "balanced_accuracy": 0.5818815331010452, "f1_score": 0.600988277344418, "auroc": 0.6043989547038328}, "10": {"accuracy": 0.5542056074766355, "balanced_accuracy": 0.574751356238698, "f1_score": 0.6349250034524362, "auroc": 0.6011301989150091}, "20": {"accuracy": 0.5754901960784313, "balanced_accuracy": 0.5675675675675675, "f1_score": 0.6646977363865636, "auroc": 0.6033783783783784}}}