{"subject_id": "S18", "k_shots": {"5": {"accuracy": 0.5163636363636364, "balanced_accuracy": 0.5109756097560976, "f1_score": 0.6130134977270425, "auroc": 0.5193815331010453}, "10": {"accuracy": 0.525233644859813, "balanced_accuracy": 0.5101717902350813, "f1_score": 0.6266952547443965, "auroc": 0.5174502712477397}, "20": {"accuracy": 0.5225490196078431, "balanced_accuracy": 0.5011100386100386, "f1_score": 0.6205609527750691, "auroc": 0.5135135135135135}}}