{"subject_id": "S14", "k_shots": {"5": {"accuracy": 0.5399999999999999, "balanced_accuracy": 0.5399999999999999, "f1_score": 0.5649988042621135, "auroc": 0.5612649999999999}, "10": {"accuracy": 0.5325, "balanced_accuracy": 0.5325, "f1_score": 0.5630292929493074, "auroc": 0.5434749999999999}, "20": {"accuracy": 0.542, "balanced_accuracy": 0.542, "f1_score": 0.506490722968791, "auroc": 0.5662499999999999}}}