{"subject_id": "S06", "k_shots": {"5": {"accuracy": 0.5490740740740742, "balanced_accuracy": 0.53225, "f1_score": 0.6758953750228883, "auroc": 0.578875}, "10": {"accuracy": 0.537962962962963, "balanced_accuracy": 0.54925, "f1_score": 0.6676744402428588, "auroc": 0.61025}, "20": {"accuracy": 0.5916666666666666, "balanced_accuracy": 0.5725, "f1_score": 0.7271835542152715, "auroc": 0.587125}}}