{"subject_id": "S16", "k_shots": {"5": {"accuracy": 0.5340136054421769, "balanced_accuracy": 0.5210531914893617, "f1_score": 0.5805275862996344, "auroc": 0.5547872340425531}, "10": {"accuracy": 0.6047619047619047, "balanced_accuracy": 0.564595744680851, "f1_score": 0.6985813022549628, "auroc": 0.5954255319148937}, "20": {"accuracy": 0.6034965034965035, "balanced_accuracy": 0.5662234042553191, "f1_score": 0.6955145628042578, "auroc": 0.5965868794326241}}}