{"subject_id": "S07", "k_shots": {"5": {"accuracy": 0.6432432432432432, "balanced_accuracy": 0.5912878787878788, "f1_score": 0.7643073380473695, "auroc": 0.6225589225589226}, "10": {"accuracy": 0.6412844036697248, "balanced_accuracy": 0.5720790378006874, "f1_score": 0.7591922459195026, "auroc": 0.6146907216494846}, "20": {"accuracy": 0.6624999999999999, "balanced_accuracy": 0.533876811594203, "f1_score": 0.7835853159276537, "auroc": 0.5969202898550725}}}