{"subject_id": "S24", "k_shots": {"5": {"accuracy": 0.6407142857142858, "balanced_accuracy": 0.5879999999999999, "f1_score": 0.7357900348834623, "auroc": 0.5986750000000001}, "10": {"accuracy": 0.6364285714285713, "balanced_accuracy": 0.5880000000000001, "f1_score": 0.732223883030655, "auroc": 0.5789249999999999}, "20": {"accuracy": 0.655, "balanced_accuracy": 0.60175, "f1_score": 0.7490553759499438, "auroc": 0.6056374999999999}}}