{"subject_id": "S26", "k_shots": {"5": {"accuracy": 0.5461538461538462, "balanced_accuracy": 0.5411011523687581, "f1_score": 0.622927982527191, "auroc": 0.5652155356380708}, "10": {"accuracy": 0.5264705882352942, "balanced_accuracy": 0.5179841897233202, "f1_score": 0.6073969809895132, "auroc": 0.5602108036890645}, "20": {"accuracy": 0.5288659793814432, "balanced_accuracy": 0.5306818181818181, "f1_score": 0.5934099296256129, "auroc": 0.5596117424242424}}}