{"subject_id": "S26", "k_shots": {"5": {"accuracy": 0.5538461538461539, "balanced_accuracy": 0.5232180964575331, "f1_score": 0.6488403292448635, "auroc": 0.5240717029449423}, "10": {"accuracy": 0.553921568627451, "balanced_accuracy": 0.5414361001317524, "f1_score": 0.6357797219481651, "auroc": 0.5414580588493632}, "20": {"accuracy": 0.5515463917525774, "balanced_accuracy": 0.5500710227272727, "f1_score": 0.6194833725386, "auroc": 0.5662405303030302}}}