{"subject_id": "S11", "k_shots": {"5": {"accuracy": 0.6139999999999999, "balanced_accuracy": 0.6139999999999999, "f1_score": 0.6168564160791578, "auroc": 0.6513100000000001}, "10": {"accuracy": 0.6185430463576159, "balanced_accuracy": 0.6101568627450981, "f1_score": 0.6861085672507704, "auroc": 0.6531568627450979}, "20": {"accuracy": 0.5947019867549669, "balanced_accuracy": 0.5921568627450979, "f1_score": 0.6614988145883757, "auroc": 0.6508823529411765}}}