{"subject_id": "S20", "k_shots": {"5": {"accuracy": 0.4790697674418604, "balanced_accuracy": 0.5135531135531135, "f1_score": 0.5578479478165302, "auroc": 0.5408791208791209}, "10": {"accuracy": 0.4440476190476191, "balanced_accuracy": 0.4801587301587301, "f1_score": 0.5003590143838201, "auroc": 0.5132275132275133}, "20": {"accuracy": 0.44556962025316454, "balanced_accuracy": 0.5358374384236453, "f1_score": 0.45195433871151947, "auroc": 0.5671592775041051}}}