{"subject_id": "S02", "k_shots": {"5": {"accuracy": 0.5689922480620156, "balanced_accuracy": 0.5184782608695653, "f1_score": 0.6765891751860968, "auroc": 0.5231492361927146}, "10": {"accuracy": 0.5535433070866141, "balanced_accuracy": 0.5258408408408408, "f1_score": 0.6499600746177985, "auroc": 0.5183483483483482}, "20": {"accuracy": 0.5573770491803278, "balanced_accuracy": 0.5259141494435612, "f1_score": 0.6549143917605288, "auroc": 0.5451510333863274}}}