{"subject_id": "S02", "k_shots": {"5": {"accuracy": 0.6356589147286822, "balanced_accuracy": 0.598340188014101, "f1_score": 0.7268938268592777, "auroc": 0.6215334900117508}, "10": {"accuracy": 0.6173228346456693, "balanced_accuracy": 0.5867567567567568, "f1_score": 0.6948430521956255, "auroc": 0.612042042042042}, "20": {"accuracy": 0.6278688524590164, "balanced_accuracy": 0.5795548489666137, "f1_score": 0.7241981955708949, "auroc": 0.6135135135135135}}}