{"subject_id": "S18", "k_shots": {"5": {"accuracy": 0.5036363636363635, "balanced_accuracy": 0.5306620209059233, "f1_score": 0.5802409404959281, "auroc": 0.558623693379791}, "10": {"accuracy": 0.5, "balanced_accuracy": 0.5357368896925858, "f1_score": 0.571926642502415, "auroc": 0.5614828209764919}, "20": {"accuracy": 0.5294117647058824, "balanced_accuracy": 0.5535714285714286, "f1_score": 0.6054633399432497, "auroc": 0.5608108108108109}}}