{"subject_id": "S23", "k_shots": {"5": {"accuracy": 0.5614999999999999, "balanced_accuracy": 0.5615000000000001, "f1_score": 0.5622247982843548, "auroc": 0.60924}, "10": {"accuracy": 0.5875, "balanced_accuracy": 0.5875, "f1_score": 0.6278625789550489, "auroc": 0.6255}, "20": {"accuracy": 0.6283870967741936, "balanced_accuracy": 0.5966363636363636, "f1_score": 0.7092380679208518, "auroc": 0.6369454545454546}}}