{"subject_id": "S22", "k_shots": {"5": {"accuracy": 0.5720000000000001, "balanced_accuracy": 0.5023809523809524, "f1_score": 0.6833371889451161, "auroc": 0.4773809523809523}, "10": {"accuracy": 0.42608695652173917, "balanced_accuracy": 0.4256578947368421, "f1_score": 0.5233453090509134, "auroc": 0.48026315789473684}, "20": {"accuracy": 0.4722222222222222, "balanced_accuracy": 0.4375, "f1_score": 0.5567823505829503, "auroc": 0.4035714285714286}}}