{"subject_id": "S12", "k_shots": {"5": {"accuracy": 0.471875, "balanced_accuracy": 0.5497584541062801, "f1_score": 0.4336629112488787, "auroc": 0.5772946859903382}, "10": {"accuracy": 0.5016393442622951, "balanced_accuracy": 0.5528423772609818, "f1_score": 0.44286676314097057, "auroc": 0.5751937984496124}, "20": {"accuracy": 0.4732142857142857, "balanced_accuracy": 0.5211988304093567, "f1_score": 0.4407808027356822, "auroc": 0.5641812865497076}}}