{"subject_id": "S17", "k_shots": {"5": {"accuracy": 0.6793333333333333, "balanced_accuracy": 0.666, "f1_score": 0.7446924676498171, "auroc": 0.7376100000000001}, "10": {"accuracy": 0.6566666666666666, "balanced_accuracy": 0.6425, "f1_score": 0.7259840602097893, "auroc": 0.7106199999999999}, "20": {"accuracy": 0.6733333333333333, "balanced_accuracy": 0.6635, "f1_score": 0.7384072161418629, "auroc": 0.7243999999999999}}}