{"subject_id": "S11", "k_shots": {"5": {"accuracy": 0.5875, "balanced_accuracy": 0.5875000000000001, "f1_score": 0.5922915592621447, "auroc": 0.6295400000000001}, "10": {"accuracy": 0.6172185430463577, "balanced_accuracy": 0.6043529411764706, "f1_score": 0.6872666168723753, "auroc": 0.6352156862745097}, "20": {"accuracy": 0.6225165562913908, "balanced_accuracy": 0.6025882352941176, "f1_score": 0.6981471277526483, "auroc": 0.6314313725490196}}}