{"subject_id": "S21", "k_shots": {"5": {"accuracy": 0.6344827586206897, "balanced_accuracy": 0.711111111111111, "f1_score": 0.7556769162084336, "auroc": 0.7574074074074073}, "10": {"accuracy": 0.6370370370370371, "balanced_accuracy": 0.7350000000000001, "f1_score": 0.7528112650739378, "auroc": 0.7859999999999999}, "20": {"accuracy": 0.6318181818181818, "balanced_accuracy": 0.7074999999999999, "f1_score": 0.7452362914862914, "auroc": 0.7725}}}