{"subject_id": "S13", "k_shots": {"5": {"accuracy": 0.618, "balanced_accuracy": 0.618, "f1_score": 0.5918462426762658, "auroc": 0.6603100000000001}, "10": {"accuracy": 0.619, "balanced_accuracy": 0.619, "f1_score": 0.6186637848766782, "auroc": 0.6723100000000001}, "20": {"accuracy": 0.6325000000000001, "balanced_accuracy": 0.6325, "f1_score": 0.6349063678969353, "auroc": 0.6697299999999999}}}