{"subject_id": "S12", "k_shots": {"5": {"accuracy": 0.515625, "balanced_accuracy": 0.5531400966183575, "f1_score": 0.40132340195780464, "auroc": 0.5690821256038647}, "10": {"accuracy": 0.48688524590163934, "balanced_accuracy": 0.5359173126614987, "f1_score": 0.4284892794694784, "auroc": 0.5652454780361758}, "20": {"accuracy": 0.5035714285714286, "balanced_accuracy": 0.5450292397660819, "f1_score": 0.4585205031709226, "auroc": 0.5711988304093567}}}