{"subject_id": "S14", "k_shots": {"5": {"accuracy": 0.5655, "balanced_accuracy": 0.5655, "f1_score": 0.6037339241491833, "auroc": 0.58995}, "10": {"accuracy": 0.5734999999999999, "balanced_accuracy": 0.5734999999999999, "f1_score": 0.6060825447052711, "auroc": 0.5847300000000001}, "20": {"accuracy": 0.5615, "balanced_accuracy": 0.5615, "f1_score": 0.5906827058713382, "auroc": 0.58863}}}