{"subject_id": "S06", "k_shots": {"5": {"accuracy": 0.5972222222222221, "balanced_accuracy": 0.518, "f1_score": 0.7349011443341138, "auroc": 0.529}, "10": {"accuracy": 0.5972222222222222, "balanced_accuracy": 0.5237499999999999, "f1_score": 0.7349054571587189, "auroc": 0.562125}, "20": {"accuracy": 0.5870370370370369, "balanced_accuracy": 0.4779999999999999, "f1_score": 0.729346078105609, "auroc": 0.49725}}}