{"subject_id": "S26", "zero_shot": {"accuracy": 0.5472972972972973, "balanced_accuracy": 0.511306765523633, "f1_score": 0.6666666666666666, "tn": 14, "fp": 51, "fn": 16, "tp": 67, "n_samples": 148, "n_class_0": 65, "n_class_1": 83, "auroc": 0.5429101019462464}, "k_shots": {"5": {"accuracy": 0.34134615384615385, "balanced_accuracy": 0.5062526675202731, "f1_score": 0.1015341330309238, "auroc": 0.5462654716175843}, "10": {"accuracy": 0.3568627450980392, "balanced_accuracy": 0.49696969696969695, "f1_score": 0.1707914613720723, "auroc": 0.5465963987703117}, "20": {"accuracy": 0.4206185567010309, "balanced_accuracy": 0.5029592803030303, "f1_score": 0.35215099123951527, "auroc": 0.5039299242424243}}}