{"subject_id": "S21", "zero_shot": {"accuracy": 0.6833333333333333, "balanced_accuracy": 0.8333333333333333, "f1_score": 0.8, "tn": 3, "fp": 0, "fn": 19, "tp": 38, "n_samples": 60, "n_class_0": 3, "n_class_1": 57, "auroc": 0.8771929824561404}, "k_shots": {"5": {"accuracy": 0.8275862068965518, "balanced_accuracy": 0.837962962962963, "f1_score": 0.8970427311815881, "auroc": 0.9092592592592592}, "10": {"accuracy": 0.8629629629629629, "balanced_accuracy": 0.765, "f1_score": 0.920863931468727, "auroc": 0.892}, "20": {"accuracy": 0.8636363636363636, "balanced_accuracy": 0.6325, "f1_score": 0.9235084332452754, "auroc": 0.885}}}