{"subject_id": "S16", "zero_shot": {"accuracy": 0.589622641509434, "balanced_accuracy": 0.5475286888949128, "f1_score": 0.7090301003344481, "tn": 19, "fp": 74, "fn": 13, "tp": 106, "n_samples": 212, "n_class_0": 93, "n_class_1": 119, "auroc": 0.5417005511882172}, "k_shots": {"5": {"accuracy": 0.3625850340136054, "balanced_accuracy": 0.5112021276595744, "f1_score": 0.1727323441572447, "auroc": 0.576531914893617}, "10": {"accuracy": 0.3877551020408163, "balanced_accuracy": 0.5251914893617021, "f1_score": 0.24143350283522044, "auroc": 0.5717446808510637}, "20": {"accuracy": 0.42377622377622376, "balanced_accuracy": 0.5268506205673759, "f1_score": 0.3433795754214704, "auroc": 0.5405806737588652}}}