{"subject_id": "S22", "zero_shot": {"accuracy": 0.75, "balanced_accuracy": 0.5574912891986062, "f1_score": 0.85, "tn": 2, "fp": 5, "fn": 7, "tp": 34, "n_samples": 48, "n_class_0": 7, "n_class_1": 41, "auroc": 0.5888501742160279}, "k_shots": {"5": {"accuracy": 0.48, "balanced_accuracy": 0.5488095238095237, "f1_score": 0.5642591244927173, "auroc": 0.5797619047619047}, "10": {"accuracy": 0.6608695652173914, "balanced_accuracy": 0.5578947368421052, "f1_score": 0.7706137219543359, "auroc": 0.5381578947368421}, "20": {"accuracy": 0.7611111111111112, "balanced_accuracy": 0.6053571428571429, "f1_score": 0.851456821512439, "auroc": 0.5446428571428571}}}