{"subject_id": "S22", "zero_shot": {"accuracy": 0.7291666666666666, "balanced_accuracy": 0.6045296167247387, "f1_score": 0.8311688311688312, "tn": 3, "fp": 4, "fn": 9, "tp": 32, "n_samples": 48, "n_class_0": 7, "n_class_1": 41, "auroc": 0.5888501742160279}, "k_shots": {"5": {"accuracy": 0.484, "balanced_accuracy": 0.530952380952381, "f1_score": 0.5707032314189102, "auroc": 0.5857142857142856}, "10": {"accuracy": 0.5869565217391305, "balanced_accuracy": 0.5328947368421052, "f1_score": 0.6928219932515598, "auroc": 0.5447368421052632}, "20": {"accuracy": 0.6944444444444444, "balanced_accuracy": 0.5803571428571428, "f1_score": 0.7914220032840722, "auroc": 0.5428571428571429}}}