{"subject_id": "S13", "zero_shot": {"accuracy": 0.5547703180212014, "balanced_accuracy": 0.5535411047847368, "f1_score": 0.6701570680628273, "tn": 29, "fp": 112, "fn": 14, "tp": 128, "n_samples": 283, "n_class_0": 141, "n_class_1": 142, "auroc": 0.6203675956447907}, "k_shots": {"5": {"accuracy": 0.5995, "balanced_accuracy": 0.5995, "f1_score": 0.6428761308791782, "auroc": 0.64096}, "10": {"accuracy": 0.5934999999999999, "balanced_accuracy": 0.5934999999999999, "f1_score": 0.6332631420909249, "auroc": 0.6294600000000001}, "20": {"accuracy": 0.579, "balanced_accuracy": 0.579, "f1_score": 0.6141143419211598, "auroc": 0.61958}}}