{"subject_id": "S23", "zero_shot": {"accuracy": 0.6151315789473685, "balanced_accuracy": 0.5219713008703835, "f1_score": 0.7394209354120267, "tn": 21, "fp": 88, "fn": 29, "tp": 166, "n_samples": 304, "n_class_0": 109, "n_class_1": 195, "auroc": 0.558550929193131}, "k_shots": {"5": {"accuracy": 0.5305, "balanced_accuracy": 0.5305, "f1_score": 0.6023564399582674, "auroc": 0.56518}, "10": {"accuracy": 0.5450000000000002, "balanced_accuracy": 0.5449999999999999, "f1_score": 0.5852215658430701, "auroc": 0.5652800000000001}, "20": {"accuracy": 0.5503225806451614, "balanced_accuracy": 0.5557727272727273, "f1_score": 0.6039865427074307, "auroc": 0.573690909090909}}}