{"subject_id": "S14", "zero_shot": {"accuracy": 0.6420118343195266, "balanced_accuracy": 0.5307506783237865, "f1_score": 0.7703984819734345, "tn": 14, "fp": 110, "fn": 11, "tp": 203, "n_samples": 338, "n_class_0": 124, "n_class_1": 214, "auroc": 0.5900286403376545}, "k_shots": {"5": {"accuracy": 0.5495, "balanced_accuracy": 0.5495, "f1_score": 0.594560259619777, "auroc": 0.58705}, "10": {"accuracy": 0.5840000000000001, "balanced_accuracy": 0.5840000000000001, "f1_score": 0.5979598514445384, "auroc": 0.6176799999999999}, "20": {"accuracy": 0.5690000000000001, "balanced_accuracy": 0.5690000000000001, "f1_score": 0.5788805932245186, "auroc": 0.61406}}}