{"subject_id": "S24", "zero_shot": {"accuracy": 0.710801393728223, "balanced_accuracy": 0.5272644927536232, "f1_score": 0.8245243128964059, "tn": 9, "fp": 71, "fn": 12, "tp": 195, "n_samples": 287, "n_class_0": 80, "n_class_1": 207, "auroc": 0.6114734299516907}, "k_shots": {"5": {"accuracy": 0.33857142857142863, "balanced_accuracy": 0.5235000000000001, "f1_score": 0.16492860123615818, "auroc": 0.6311749999999999}, "10": {"accuracy": 0.36071428571428565, "balanced_accuracy": 0.5217499999999999, "f1_score": 0.2445127298016767, "auroc": 0.619375}, "20": {"accuracy": 0.4107142857142857, "balanced_accuracy": 0.5417500000000001, "f1_score": 0.35767048614521235, "auroc": 0.6383499999999999}}}