{"subject_id": "S23", "zero_shot": {"accuracy": 0.631578947368421, "balanced_accuracy": 0.5266996000940956, "f1_score": 0.7575757575757576, "tn": 17, "fp": 92, "fn": 20, "tp": 175, "n_samples": 304, "n_class_0": 109, "n_class_1": 195, "auroc": 0.5565278757939309}, "k_shots": {"5": {"accuracy": 0.534, "balanced_accuracy": 0.534, "f1_score": 0.607158456183248, "auroc": 0.5692499999999999}, "10": {"accuracy": 0.5565000000000001, "balanced_accuracy": 0.5565, "f1_score": 0.5899106117006703, "auroc": 0.5727}, "20": {"accuracy": 0.4309677419354839, "balanced_accuracy": 0.5299545454545455, "f1_score": 0.29889707328207804, "auroc": 0.5793454545454546}}}