{"subject_id": "S02", "zero_shot": {"accuracy": 0.5736842105263158, "balanced_accuracy": 0.47716682199440824, "f1_score": 0.7235494880546075, "tn": 3, "fp": 71, "fn": 10, "tp": 106, "n_samples": 190, "n_class_0": 74, "n_class_1": 116, "auroc": 0.5068732525629077}, "k_shots": {"5": {"accuracy": 0.36201550387596904, "balanced_accuracy": 0.54463866039953, "f1_score": 0.20561857693101554, "auroc": 0.5659224441833138}, "10": {"accuracy": 0.3826771653543307, "balanced_accuracy": 0.5445495495495496, "f1_score": 0.2635245534243273, "auroc": 0.5621321321321321}, "20": {"accuracy": 0.43688524590163935, "balanced_accuracy": 0.5638314785373609, "f1_score": 0.37030247230687874, "auroc": 0.572496025437202}}}