{"subject_id": "S12", "zero_shot": {"accuracy": 0.4742268041237113, "balanced_accuracy": 0.5824884792626728, "f1_score": 0.5714285714285714, "tn": 12, "fp": 50, "fn": 1, "tp": 34, "n_samples": 97, "n_class_0": 62, "n_class_1": 35, "auroc": 0.567741935483871}, "k_shots": {"5": {"accuracy": 0.4390625, "balanced_accuracy": 0.5556763285024154, "f1_score": 0.44801384470195743, "auroc": 0.5689613526570049}, "10": {"accuracy": 0.4999999999999999, "balanced_accuracy": 0.567829457364341, "f1_score": 0.46008355742340656, "auroc": 0.5968992248062015}, "20": {"accuracy": 0.5285714285714286, "balanced_accuracy": 0.5473684210526315, "f1_score": 0.4462786169718081, "auroc": 0.5842105263157895}}}