{"subject_id": "S06", "zero_shot": {"accuracy": 0.7, "balanced_accuracy": 0.48863636363636365, "f1_score": 0.8205128205128205, "tn": 4, "fp": 12, "fn": 72, "tp": 192, "n_samples": 280, "n_class_0": 16, "n_class_1": 264, "auroc": 0.5068655303030303}, "k_shots": {"5": {"accuracy": 0.33148148148148143, "balanced_accuracy": 0.51825, "f1_score": 0.44844682509300127, "auroc": 0.484625}, "10": {"accuracy": 0.4685185185185186, "balanced_accuracy": 0.46575, "f1_score": 0.6170645689027457, "auroc": 0.48587499999999995}, "20": {"accuracy": 0.624074074074074, "balanced_accuracy": 0.51525, "f1_score": 0.7575808899827547, "auroc": 0.542375}}}