{"subject_id": "S07", "zero_shot": {"accuracy": 0.8088235294117647, "balanced_accuracy": 0.6076147009368245, "f1_score": 0.8895184135977338, "tn": 8, "fp": 15, "fn": 24, "tp": 157, "n_samples": 204, "n_class_0": 23, "n_class_1": 181, "auroc": 0.6524141244294979}, "k_shots": {"5": {"accuracy": 0.463963963963964, "balanced_accuracy": 0.5896464646464645, "f1_score": 0.5759399172382114, "auroc": 0.6872053872053872}, "10": {"accuracy": 0.5807339449541284, "balanced_accuracy": 0.5928264604810997, "f1_score": 0.7075191283333916, "auroc": 0.6709621993127148}, "20": {"accuracy": 0.576923076923077, "balanced_accuracy": 0.605072463768116, "f1_score": 0.7017177543638495, "auroc": 0.6864130434782608}}}