{"subject_id": "S20", "zero_shot": {"accuracy": 0.6029411764705882, "balanced_accuracy": 0.5286264441591785, "f1_score": 0.7157894736842105, "tn": 14, "fp": 27, "fn": 27, "tp": 68, "n_samples": 136, "n_class_0": 41, "n_class_1": 95, "auroc": 0.5989730423620026}, "k_shots": {"5": {"accuracy": 0.33720930232558144, "balanced_accuracy": 0.5518681318681319, "f1_score": 0.23089106307121682, "auroc": 0.64996336996337}, "10": {"accuracy": 0.4357142857142858, "balanced_accuracy": 0.5904761904761904, "f1_score": 0.42512760987496856, "auroc": 0.6337112622826908}, "20": {"accuracy": 0.4886075949367089, "balanced_accuracy": 0.6000821018062397, "f1_score": 0.5052554460284455, "auroc": 0.6330049261083743}}}