{"subject_id": "S07", "zero_shot": {"accuracy": 0.8578431372549019, "balanced_accuracy": 0.5972856113379774, "f1_score": 0.9209809264305178, "tn": 6, "fp": 17, "fn": 12, "tp": 169, "n_samples": 204, "n_class_0": 23, "n_class_1": 181, "auroc": 0.6500120105693009}, "k_shots": {"5": {"accuracy": 0.3171171171171171, "balanced_accuracy": 0.5695707070707071, "f1_score": 0.38711998274690573, "auroc": 0.6937710437710438}, "10": {"accuracy": 0.4669724770642202, "balanced_accuracy": 0.5982817869415807, "f1_score": 0.5845926213391597, "auroc": 0.6754295532646049}, "20": {"accuracy": 0.5355769230769231, "balanced_accuracy": 0.5998188405797101, "f1_score": 0.6602042602697196, "auroc": 0.6904891304347827}}}