{"subject_id": "S18", "zero_shot": {"accuracy": 0.621301775147929, "balanced_accuracy": 0.5216905901116428, "f1_score": 0.7419354838709677, "tn": 13, "fp": 42, "fn": 22, "tp": 92, "n_samples": 169, "n_class_0": 55, "n_class_1": 114, "auroc": 0.5393939393939394}, "k_shots": {"5": {"accuracy": 0.3236363636363636, "balanced_accuracy": 0.5263501742160278, "f1_score": 0.19892285032862755, "auroc": 0.5107578397212544}, "10": {"accuracy": 0.36261682242990656, "balanced_accuracy": 0.5314647377938517, "f1_score": 0.28962717775942537, "auroc": 0.5179475587703436}, "20": {"accuracy": 0.3872549019607843, "balanced_accuracy": 0.5133204633204633, "f1_score": 0.3548677491446116, "auroc": 0.5153474903474903}}}