{"subject_id": "S17", "zero_shot": {"accuracy": 0.71280276816609, "balanced_accuracy": 0.6462169312169312, "f1_score": 0.7970660146699267, "tn": 43, "fp": 57, "fn": 26, "tp": 163, "n_samples": 289, "n_class_0": 100, "n_class_1": 189, "auroc": 0.7026984126984127}, "k_shots": {"5": {"accuracy": 0.5680000000000001, "balanced_accuracy": 0.6130000000000001, "f1_score": 0.5892282018897411, "auroc": 0.68274}, "10": {"accuracy": 0.6200000000000001, "balanced_accuracy": 0.6385000000000001, "f1_score": 0.6687616946538185, "auroc": 0.71226}, "20": {"accuracy": 0.6253333333333334, "balanced_accuracy": 0.636, "f1_score": 0.6804256149886999, "auroc": 0.70456}}}