{"subject_id": "S17", "zero_shot": {"accuracy": 0.698961937716263, "balanced_accuracy": 0.605026455026455, "f1_score": 0.7981438515081206, "tn": 30, "fp": 70, "fn": 17, "tp": 172, "n_samples": 289, "n_class_0": 100, "n_class_1": 189, "auroc": 0.6901587301587302}, "k_shots": {"5": {"accuracy": 0.3653333333333334, "balanced_accuracy": 0.5135, "f1_score": 0.12552043321123754, "auroc": 0.66494}, "10": {"accuracy": 0.39266666666666666, "balanced_accuracy": 0.5330000000000001, "f1_score": 0.1966689984537778, "auroc": 0.69314}, "20": {"accuracy": 0.42866666666666664, "balanced_accuracy": 0.5435000000000001, "f1_score": 0.31536495766832473, "auroc": 0.69268}}}