{"subject_id": "S06", "zero_shot": {"accuracy": 0.6892857142857143, "balanced_accuracy": 0.48295454545454547, "f1_score": 0.8129032258064516, "tn": 4, "fp": 12, "fn": 75, "tp": 189, "n_samples": 280, "n_class_0": 16, "n_class_1": 264, "auroc": 0.5116003787878788}, "k_shots": {"5": {"accuracy": 0.4444444444444445, "balanced_accuracy": 0.493, "f1_score": 0.5872327338724281, "auroc": 0.499875}, "10": {"accuracy": 0.5537037037037037, "balanced_accuracy": 0.48875, "f1_score": 0.6979624522869166, "auroc": 0.50375}, "20": {"accuracy": 0.5972222222222222, "balanced_accuracy": 0.518, "f1_score": 0.7337578664192727, "auroc": 0.5527500000000002}}}