{"subject_id": "S12", "zero_shot": {"accuracy": 0.4329896907216495, "balanced_accuracy": 0.5564516129032258, "f1_score": 0.56, "tn": 7, "fp": 55, "fn": 0, "tp": 35, "n_samples": 97, "n_class_0": 62, "n_class_1": 35, "auroc": 0.5774193548387097}, "k_shots": {"5": {"accuracy": 0.35625, "balanced_accuracy": 0.5521739130434783, "f1_score": 0.466644121012542, "auroc": 0.5692028985507245}, "10": {"accuracy": 0.4442622950819672, "balanced_accuracy": 0.5815891472868218, "f1_score": 0.4932722384067188, "auroc": 0.5918604651162791}, "20": {"accuracy": 0.5017857142857143, "balanced_accuracy": 0.5714912280701755, "f1_score": 0.4953401993425448, "auroc": 0.5915204678362573}}}