{"subject_id": "S11", "zero_shot": {"accuracy": 0.6763754045307443, "balanced_accuracy": 0.5843989769820972, "f1_score": 0.7797356828193832, "tn": 32, "fp": 70, "fn": 30, "tp": 177, "n_samples": 309, "n_class_0": 102, "n_class_1": 207, "auroc": 0.6637302263900731}, "k_shots": {"5": {"accuracy": 0.597, "balanced_accuracy": 0.597, "f1_score": 0.6557861760479154, "auroc": 0.6648799999999999}, "10": {"accuracy": 0.41986754966887413, "balanced_accuracy": 0.5495098039215687, "f1_score": 0.25307951049741445, "auroc": 0.6731764705882353}, "20": {"accuracy": 0.4589403973509934, "balanced_accuracy": 0.5602745098039217, "f1_score": 0.3759215316311295, "auroc": 0.6567647058823528}}}