{"subject_id": "S02", "zero_shot": {"accuracy": 0.5578947368421052, "balanced_accuracy": 0.47891425908667284, "f1_score": 0.697841726618705, "tn": 9, "fp": 65, "fn": 19, "tp": 97, "n_samples": 190, "n_class_0": 74, "n_class_1": 116, "auroc": 0.5185228331780056}, "k_shots": {"5": {"accuracy": 0.5255813953488373, "balanced_accuracy": 0.4888513513513513, "f1_score": 0.6287121352935789, "auroc": 0.520593419506463}, "10": {"accuracy": 0.5220472440944881, "balanced_accuracy": 0.4781531531531532, "f1_score": 0.6326285638488783, "auroc": 0.5217717717717718}, "20": {"accuracy": 0.530327868852459, "balanced_accuracy": 0.49734499205087446, "f1_score": 0.6318091789434084, "auroc": 0.5368203497615263}}}