{"subject_id": "S11", "zero_shot": {"accuracy": 0.6504854368932039, "balanced_accuracy": 0.6073458368854788, "f1_score": 0.7378640776699029, "tn": 49, "fp": 53, "fn": 55, "tp": 152, "n_samples": 309, "n_class_0": 102, "n_class_1": 207, "auroc": 0.6750497300369424}, "k_shots": {"5": {"accuracy": 0.611, "balanced_accuracy": 0.611, "f1_score": 0.6429033196999389, "auroc": 0.68016}, "10": {"accuracy": 0.5052980132450331, "balanced_accuracy": 0.5928725490196078, "f1_score": 0.4628763396740651, "auroc": 0.6826078431372549}, "20": {"accuracy": 0.5311258278145695, "balanced_accuracy": 0.6013235294117647, "f1_score": 0.5202563292649693, "auroc": 0.666235294117647}}}