{"subject_id": "S21", "zero_shot": {"accuracy": 0.55, "balanced_accuracy": 0.763157894736842, "f1_score": 0.6896551724137931, "tn": 3, "fp": 0, "fn": 27, "tp": 30, "n_samples": 60, "n_class_0": 3, "n_class_1": 57, "auroc": 0.8947368421052633}, "k_shots": {"5": {"accuracy": 0.7827586206896552, "balanced_accuracy": 0.837037037037037, "f1_score": 0.8676211507160325, "auroc": 0.9055555555555556}, "10": {"accuracy": 0.774074074074074, "balanced_accuracy": 0.8089999999999999, "f1_score": 0.8608951194535479, "auroc": 0.8960000000000001}, "20": {"accuracy": 0.7636363636363636, "balanced_accuracy": 0.8474999999999999, "f1_score": 0.8488940862779872, "auroc": 0.8899999999999999}}}