{"subject_id": "S16", "zero_shot": {"accuracy": 0.5801886792452831, "balanced_accuracy": 0.5496972982741484, "f1_score": 0.6810035842293907, "tn": 28, "fp": 65, "fn": 24, "tp": 95, "n_samples": 212, "n_class_0": 93, "n_class_1": 119, "auroc": 0.5299539170506913}, "k_shots": {"5": {"accuracy": 0.42653061224489797, "balanced_accuracy": 0.5114042553191489, "f1_score": 0.3947810376969302, "auroc": 0.5397446808510639}, "10": {"accuracy": 0.4442176870748299, "balanced_accuracy": 0.511436170212766, "f1_score": 0.4423753193761245, "auroc": 0.533468085106383}, "20": {"accuracy": 0.44125874125874126, "balanced_accuracy": 0.4828568262411347, "f1_score": 0.46366482953735516, "auroc": 0.5074689716312057}}}