{"subject_id": "S22", "zero_shot": {"accuracy": 0.6458333333333334, "balanced_accuracy": 0.6149825783972125, "f1_score": 0.7605633802816901, "tn": 4, "fp": 3, "fn": 14, "tp": 27, "n_samples": 48, "n_class_0": 7, "n_class_1": 41, "auroc": 0.5818815331010453}, "k_shots": {"5": {"accuracy": 0.492, "balanced_accuracy": 0.5357142857142857, "f1_score": 0.5808936309850944, "auroc": 0.5857142857142857}, "10": {"accuracy": 0.5347826086956522, "balanced_accuracy": 0.5407894736842105, "f1_score": 0.6310144190679581, "auroc": 0.5368421052631579}, "20": {"accuracy": 0.6222222222222222, "balanced_accuracy": 0.5607142857142857, "f1_score": 0.7194752782338989, "auroc": 0.55}}}