{"subject_id": "S26", "zero_shot": {"accuracy": 0.5472972972972973, "balanced_accuracy": 0.5329935125115848, "f1_score": 0.6171428571428571, "tn": 27, "fp": 38, "fn": 29, "tp": 54, "n_samples": 148, "n_class_0": 65, "n_class_1": 83, "auroc": 0.5347544022242817}, "k_shots": {"5": {"accuracy": 0.525, "balanced_accuracy": 0.5320956039265898, "f1_score": 0.5857058492178082, "auroc": 0.5457106274007681}, "10": {"accuracy": 0.553921568627451, "balanced_accuracy": 0.5525032938076416, "f1_score": 0.6240906832088493, "auroc": 0.5528765920070268}, "20": {"accuracy": 0.5195876288659793, "balanced_accuracy": 0.51484375, "f1_score": 0.5881110550405013, "auroc": 0.5021780303030303}}}