{"subject_id": "S23", "zero_shot": {"accuracy": 0.625, "balanced_accuracy": 0.5519171959538932, "f1_score": 0.7348837209302326, "tn": 32, "fp": 77, "fn": 37, "tp": 158, "n_samples": 304, "n_class_0": 109, "n_class_1": 195, "auroc": 0.5623147494707127}, "k_shots": {"5": {"accuracy": 0.5479999999999999, "balanced_accuracy": 0.5479999999999999, "f1_score": 0.6047690691333698, "auroc": 0.57238}, "10": {"accuracy": 0.5505000000000001, "balanced_accuracy": 0.5505000000000001, "f1_score": 0.5913210990577032, "auroc": 0.57409}, "20": {"accuracy": 0.4941935483870967, "balanced_accuracy": 0.5523636363636364, "f1_score": 0.4726599048529533, "auroc": 0.5934727272727273}}}