{"subject_id": "S21", "zero_shot": {"accuracy": 0.5166666666666667, "balanced_accuracy": 0.7456140350877193, "f1_score": 0.6588235294117647, "tn": 3, "fp": 0, "fn": 29, "tp": 28, "n_samples": 60, "n_class_0": 3, "n_class_1": 57, "auroc": 0.8947368421052632}, "k_shots": {"5": {"accuracy": 0.7275862068965517, "balanced_accuracy": 0.8074074074074072, "f1_score": 0.8245609298448915, "auroc": 0.8981481481481483}, "10": {"accuracy": 0.662962962962963, "balanced_accuracy": 0.7260000000000001, "f1_score": 0.7741304378065665, "auroc": 0.8899999999999999}, "20": {"accuracy": 0.6636363636363637, "balanced_accuracy": 0.8150000000000001, "f1_score": 0.768413585476662, "auroc": 0.8924999999999998}}}