{"subject_id": "S14", "zero_shot": {"accuracy": 0.6153846153846154, "balanced_accuracy": 0.5470304492010853, "f1_score": 0.7257383966244726, "tn": 36, "fp": 88, "fn": 42, "tp": 172, "n_samples": 338, "n_class_0": 124, "n_class_1": 214, "auroc": 0.5778188121796805}, "k_shots": {"5": {"accuracy": 0.5365, "balanced_accuracy": 0.5365, "f1_score": 0.5604856251164316, "auroc": 0.5645}, "10": {"accuracy": 0.5505, "balanced_accuracy": 0.5505, "f1_score": 0.5843548198179832, "auroc": 0.5860799999999999}, "20": {"accuracy": 0.546, "balanced_accuracy": 0.546, "f1_score": 0.5773855209584713, "auroc": 0.5852600000000001}}}