{"subject_id": "S06", "zero_shot": {"accuracy": 0.6535714285714286, "balanced_accuracy": 0.4640151515151515, "f1_score": 0.7868131868131868, "tn": 4, "fp": 12, "fn": 85, "tp": 179, "n_samples": 280, "n_class_0": 16, "n_class_1": 264, "auroc": 0.5116003787878788}, "k_shots": {"5": {"accuracy": 0.5824074074074075, "balanced_accuracy": 0.4467499999999999, "f1_score": 0.7260179165038468, "auroc": 0.494625}, "10": {"accuracy": 0.5703703703703703, "balanced_accuracy": 0.469, "f1_score": 0.7147471386682974, "auroc": 0.50225}, "20": {"accuracy": 0.5574074074074074, "balanced_accuracy": 0.42175, "f1_score": 0.7063675754354638, "auroc": 0.5032500000000001}}}