{"subject_id": "S12", "zero_shot": {"accuracy": 0.4742268041237113, "balanced_accuracy": 0.5638248847926267, "f1_score": 0.5486725663716814, "tn": 15, "fp": 47, "fn": 4, "tp": 31, "n_samples": 97, "n_class_0": 62, "n_class_1": 35, "auroc": 0.5788018433179724}, "k_shots": {"5": {"accuracy": 0.3875, "balanced_accuracy": 0.5519323671497582, "f1_score": 0.459805729270518, "auroc": 0.566304347826087}, "10": {"accuracy": 0.44918032786885237, "balanced_accuracy": 0.5818475452196383, "f1_score": 0.49191645243936455, "auroc": 0.5837209302325581}, "20": {"accuracy": 0.47142857142857136, "balanced_accuracy": 0.565204678362573, "f1_score": 0.5013691380690986, "auroc": 0.5846491228070175}}}