{"subject_id": "S14", "zero_shot": {"accuracy": 0.5946745562130178, "balanced_accuracy": 0.5289794995477841, "f1_score": 0.7078891257995735, "tn": 35, "fp": 89, "fn": 48, "tp": 166, "n_samples": 338, "n_class_0": 124, "n_class_1": 214, "auroc": 0.5812858004220681}, "k_shots": {"5": {"accuracy": 0.5479999999999999, "balanced_accuracy": 0.5479999999999999, "f1_score": 0.5513167980386908, "auroc": 0.56845}, "10": {"accuracy": 0.565, "balanced_accuracy": 0.565, "f1_score": 0.590227035854813, "auroc": 0.58996}, "20": {"accuracy": 0.5565, "balanced_accuracy": 0.5565, "f1_score": 0.5738478556818568, "auroc": 0.5881900000000001}}}