{"subject_id": "S17", "zero_shot": {"accuracy": 0.6851211072664359, "balanced_accuracy": 0.643888888888889, "f1_score": 0.7636363636363637, "tn": 51, "fp": 49, "fn": 42, "tp": 147, "n_samples": 289, "n_class_0": 100, "n_class_1": 189, "auroc": 0.6820105820105821}, "k_shots": {"5": {"accuracy": 0.4746666666666666, "balanced_accuracy": 0.5700000000000001, "f1_score": 0.4174064832688262, "auroc": 0.6565399999999999}, "10": {"accuracy": 0.4913333333333333, "balanced_accuracy": 0.5825000000000001, "f1_score": 0.44678053939941853, "auroc": 0.68194}, "20": {"accuracy": 0.5233333333333333, "balanced_accuracy": 0.597, "f1_score": 0.5107119827129847, "auroc": 0.68532}}}