{"subject_id": "S07", "zero_shot": {"accuracy": 0.7401960784313726, "balanced_accuracy": 0.549963968292097, "f1_score": 0.844574780058651, "tn": 7, "fp": 16, "fn": 37, "tp": 144, "n_samples": 204, "n_class_0": 23, "n_class_1": 181, "auroc": 0.6243093922651933}, "k_shots": {"5": {"accuracy": 0.32972972972972975, "balanced_accuracy": 0.5656565656565656, "f1_score": 0.4078841242124411, "auroc": 0.6688552188552188}, "10": {"accuracy": 0.4623853211009175, "balanced_accuracy": 0.5847508591065292, "f1_score": 0.581042114188287, "auroc": 0.6487972508591066}, "20": {"accuracy": 0.5682692307692307, "balanced_accuracy": 0.6001811594202898, "f1_score": 0.6949854105023541, "auroc": 0.659963768115942}}}