{"subject_id": "S02", "zero_shot": {"accuracy": 0.5736842105263158, "balanced_accuracy": 0.494291705498602, "f1_score": 0.7096774193548387, "tn": 10, "fp": 64, "fn": 17, "tp": 99, "n_samples": 190, "n_class_0": 74, "n_class_1": 116, "auroc": 0.5147949673811744}, "k_shots": {"5": {"accuracy": 0.44883720930232557, "balanced_accuracy": 0.5255287896592244, "f1_score": 0.4719045590169528, "auroc": 0.5324030552291421}, "10": {"accuracy": 0.4708661417322834, "balanced_accuracy": 0.5375375375375376, "f1_score": 0.5029489351801166, "auroc": 0.5296396396396397}, "20": {"accuracy": 0.5188524590163934, "balanced_accuracy": 0.5585532591414943, "f1_score": 0.5688939896989995, "auroc": 0.5403815580286169}}}