{"subject_id": "S06", "zero_shot": {"accuracy": 0.65, "balanced_accuracy": 0.4914772727272727, "f1_score": 0.7831858407079646, "tn": 5, "fp": 11, "fn": 87, "tp": 177, "n_samples": 280, "n_class_0": 16, "n_class_1": 264, "auroc": 0.5052083333333333}, "k_shots": {"5": {"accuracy": 0.412962962962963, "balanced_accuracy": 0.476, "f1_score": 0.5560419422377503, "auroc": 0.49012500000000003}, "10": {"accuracy": 0.525, "balanced_accuracy": 0.45600000000000007, "f1_score": 0.6749506289881577, "auroc": 0.5021249999999999}, "20": {"accuracy": 0.600925925925926, "balanced_accuracy": 0.45675, "f1_score": 0.7421458600960966, "auroc": 0.49987499999999996}}}