{"subject_id": "S22", "zero_shot": {"accuracy": 0.7083333333333334, "balanced_accuracy": 0.6515679442508711, "f1_score": 0.8108108108108109, "tn": 4, "fp": 3, "fn": 11, "tp": 30, "n_samples": 48, "n_class_0": 7, "n_class_1": 41, "auroc": 0.5818815331010454}, "k_shots": {"5": {"accuracy": 0.44800000000000006, "balanced_accuracy": 0.5095238095238095, "f1_score": 0.5408833309754307, "auroc": 0.5583333333333333}, "10": {"accuracy": 0.6304347826086956, "balanced_accuracy": 0.5888157894736843, "f1_score": 0.7332764157178419, "auroc": 0.5355263157894736}, "20": {"accuracy": 0.7277777777777779, "balanced_accuracy": 0.5928571428571429, "f1_score": 0.8258675424192665, "auroc": 0.5321428571428571}}}