{"subject_id": "S12", "zero_shot": {"accuracy": 0.4845360824742268, "balanced_accuracy": 0.571889400921659, "f1_score": 0.5535714285714286, "tn": 16, "fp": 46, "fn": 4, "tp": 31, "n_samples": 97, "n_class_0": 62, "n_class_1": 35, "auroc": 0.5654377880184331}, "k_shots": {"5": {"accuracy": 0.4765625, "balanced_accuracy": 0.5208937198067634, "f1_score": 0.394441149572105, "auroc": 0.5519323671497585}, "10": {"accuracy": 0.5229508196721311, "balanced_accuracy": 0.5776485788113696, "f1_score": 0.46451866491477156, "auroc": 0.5729974160206719}, "20": {"accuracy": 0.5107142857142857, "balanced_accuracy": 0.5400584795321637, "f1_score": 0.4443142868602049, "auroc": 0.5789473684210527}}}