{"subject_id": "S26", "zero_shot": {"accuracy": 0.5337837837837838, "balanced_accuracy": 0.5159406858202039, "f1_score": 0.6145251396648045, "tn": 24, "fp": 41, "fn": 28, "tp": 55, "n_samples": 148, "n_class_0": 65, "n_class_1": 83, "auroc": 0.5317886932344763}, "k_shots": {"5": {"accuracy": 0.37403846153846154, "balanced_accuracy": 0.5066794707639779, "f1_score": 0.23752751887963924, "auroc": 0.5427230046948357}, "10": {"accuracy": 0.3941176470588236, "balanced_accuracy": 0.5031620553359684, "f1_score": 0.30027795623283554, "auroc": 0.5559947299077733}, "20": {"accuracy": 0.43814432989690716, "balanced_accuracy": 0.5022964015151514, "f1_score": 0.4091682749566787, "auroc": 0.5019886363636364}}}