{"subject_id": "S17", "zero_shot": {"accuracy": 0.6851211072664359, "balanced_accuracy": 0.6485978835978836, "f1_score": 0.7611548556430446, "tn": 53, "fp": 47, "fn": 44, "tp": 145, "n_samples": 289, "n_class_0": 100, "n_class_1": 189, "auroc": 0.6837037037037037}, "k_shots": {"5": {"accuracy": 0.6173333333333334, "balanced_accuracy": 0.6154999999999999, "f1_score": 0.6787297287475311, "auroc": 0.6676}, "10": {"accuracy": 0.6446666666666665, "balanced_accuracy": 0.6365000000000001, "f1_score": 0.7112536153426194, "auroc": 0.6928399999999998}, "20": {"accuracy": 0.6319999999999999, "balanced_accuracy": 0.6295, "f1_score": 0.6961280223207515, "auroc": 0.68596}}}