{"subject_id": "S24", "zero_shot": {"accuracy": 0.6550522648083623, "balanced_accuracy": 0.553804347826087, "f1_score": 0.7659574468085106, "tn": 26, "fp": 54, "fn": 45, "tp": 162, "n_samples": 287, "n_class_0": 80, "n_class_1": 207, "auroc": 0.5931763285024155}, "k_shots": {"5": {"accuracy": 0.4371428571428571, "balanced_accuracy": 0.5624999999999999, "f1_score": 0.4054699372080427, "auroc": 0.6237}, "10": {"accuracy": 0.44857142857142857, "balanced_accuracy": 0.5435, "f1_score": 0.4532966323206223, "auroc": 0.59855}, "20": {"accuracy": 0.4957142857142857, "balanced_accuracy": 0.56525, "f1_score": 0.5308688527045202, "auroc": 0.6170000000000001}}}