{"subject_id": "S20", "zero_shot": {"accuracy": 0.5808823529411765, "balanced_accuracy": 0.554428754813864, "f1_score": 0.6742857142857143, "tn": 20, "fp": 21, "fn": 36, "tp": 59, "n_samples": 136, "n_class_0": 41, "n_class_1": 95, "auroc": 0.5830551989730423}, "k_shots": {"5": {"accuracy": 0.5569767441860465, "balanced_accuracy": 0.5699267399267398, "f1_score": 0.6422438492830643, "auroc": 0.6097435897435897}, "10": {"accuracy": 0.5773809523809523, "balanced_accuracy": 0.5611111111111111, "f1_score": 0.6762047842234267, "auroc": 0.5817082388510959}, "20": {"accuracy": 0.5620253164556962, "balanced_accuracy": 0.5543924466338259, "f1_score": 0.6523940597887183, "auroc": 0.5965517241379311}}}