{"subject_id": "S20", "zero_shot": {"accuracy": 0.5808823529411765, "balanced_accuracy": 0.5405648267008986, "f1_score": 0.6815642458100558, "tn": 18, "fp": 23, "fn": 34, "tp": 61, "n_samples": 136, "n_class_0": 41, "n_class_1": 95, "auroc": 0.5881899871630295}, "k_shots": {"5": {"accuracy": 0.4127906976744186, "balanced_accuracy": 0.5986446886446887, "f1_score": 0.3756719275581098, "auroc": 0.6407326007326009}, "10": {"accuracy": 0.4726190476190476, "balanced_accuracy": 0.6071428571428572, "f1_score": 0.4893750479340597, "auroc": 0.6139077853363568}, "20": {"accuracy": 0.5379746835443038, "balanced_accuracy": 0.6124384236453201, "f1_score": 0.5864432982163045, "auroc": 0.6136288998357964}}}