{"subject_id": "S18", "zero_shot": {"accuracy": 0.5739644970414202, "balanced_accuracy": 0.5477671451355662, "f1_score": 0.6635514018691588, "tn": 26, "fp": 29, "fn": 43, "tp": 71, "n_samples": 169, "n_class_0": 55, "n_class_1": 114, "auroc": 0.5529505582137161}, "k_shots": {"5": {"accuracy": 0.3681818181818183, "balanced_accuracy": 0.5127177700348433, "f1_score": 0.33784612358156724, "auroc": 0.5399390243902439}, "10": {"accuracy": 0.4009345794392523, "balanced_accuracy": 0.5136075949367088, "f1_score": 0.40440479231206317, "auroc": 0.5400542495479204}, "20": {"accuracy": 0.4421568627450981, "balanced_accuracy": 0.5278474903474903, "f1_score": 0.4673784371451434, "auroc": 0.5402509652509654}}}