{"subject_id": "S11", "zero_shot": {"accuracy": 0.6472491909385113, "balanced_accuracy": 0.6099033816425121, "f1_score": 0.7321867321867321, "tn": 51, "fp": 51, "fn": 58, "tp": 149, "n_samples": 309, "n_class_0": 102, "n_class_1": 207, "auroc": 0.669271573363645}, "k_shots": {"5": {"accuracy": 0.6195, "balanced_accuracy": 0.6195, "f1_score": 0.6490656284620009, "auroc": 0.67364}, "10": {"accuracy": 0.6298013245033112, "balanced_accuracy": 0.6191372549019607, "f1_score": 0.698561703393667, "auroc": 0.672921568627451}, "20": {"accuracy": 0.6403973509933775, "balanced_accuracy": 0.6256960784313726, "f1_score": 0.7106813986225118, "auroc": 0.6623333333333334}}}