{"subject_id": "S13", "zero_shot": {"accuracy": 0.5759717314487632, "balanced_accuracy": 0.5752422335431026, "f1_score": 0.6491228070175439, "tn": 52, "fp": 89, "fn": 31, "tp": 111, "n_samples": 283, "n_class_0": 141, "n_class_1": 142, "auroc": 0.630506442912796}, "k_shots": {"5": {"accuracy": 0.5995, "balanced_accuracy": 0.5995, "f1_score": 0.6151153029015569, "auroc": 0.6335000000000001}, "10": {"accuracy": 0.5894999999999999, "balanced_accuracy": 0.5894999999999999, "f1_score": 0.6398418781910428, "auroc": 0.6178999999999999}, "20": {"accuracy": 0.5885, "balanced_accuracy": 0.5885, "f1_score": 0.6260109869217868, "auroc": 0.6113999999999999}}}