{"subject_id": "S22", "k_shots": {"5": {"accuracy": 0.6839999999999999, "balanced_accuracy": 0.5892857142857142, "f1_score": 0.7935286355665793, "auroc": 0.6761904761904761}, "10": {"accuracy": 0.6173913043478261, "balanced_accuracy": 0.6006578947368422, "f1_score": 0.7249890034875803, "auroc": 0.6421052631578947}, "20": {"accuracy": 0.65, "balanced_accuracy": 0.5785714285714286, "f1_score": 0.7495690726065538, "auroc": 0.6035714285714284}}}