{"subject_id": "S17", "k_shots": {"5": {"accuracy": 0.5593333333333333, "balanced_accuracy": 0.5539999999999999, "f1_score": 0.6286600370627966, "auroc": 0.63298}, "10": {"accuracy": 0.55, "balanced_accuracy": 0.5660000000000001, "f1_score": 0.6036505519005801, "auroc": 0.62992}, "20": {"accuracy": 0.564, "balanced_accuracy": 0.559, "f1_score": 0.6355842208891137, "auroc": 0.64904}}}