{"subject_id": "S12", "k_shots": {"5": {"accuracy": 0.4984375, "balanced_accuracy": 0.5411835748792271, "f1_score": 0.4173647536280689, "auroc": 0.5590579710144927}, "10": {"accuracy": 0.48852459016393446, "balanced_accuracy": 0.5177002583979328, "f1_score": 0.39833665496970505, "auroc": 0.5629198966408269}, "20": {"accuracy": 0.525, "balanced_accuracy": 0.5271929824561403, "f1_score": 0.4175565241686492, "auroc": 0.5410818713450293}}}