{"subject_id": "S16", "k_shots": {"5": {"accuracy": 0.5374149659863945, "balanced_accuracy": 0.5229893617021276, "f1_score": 0.6194421739701967, "auroc": 0.5484042553191489}, "10": {"accuracy": 0.5333333333333333, "balanced_accuracy": 0.5233723404255318, "f1_score": 0.6146016408730286, "auroc": 0.5356382978723404}, "20": {"accuracy": 0.5391608391608391, "balanced_accuracy": 0.5335106382978724, "f1_score": 0.6150147756435602, "auroc": 0.5485593971631205}}}