{"subject_id": "S21", "k_shots": {"5": {"accuracy": 0.606896551724138, "balanced_accuracy": 0.7425925925925926, "f1_score": 0.7284283715364761, "auroc": 0.774074074074074}, "10": {"accuracy": 0.562962962962963, "balanced_accuracy": 0.6950000000000001, "f1_score": 0.6861641928547833, "auroc": 0.726}, "20": {"accuracy": 0.5863636363636363, "balanced_accuracy": 0.75, "f1_score": 0.7009399332591769, "auroc": 0.7424999999999999}}}