{"subject_id": "S23", "k_shots": {"5": {"accuracy": 0.547, "balanced_accuracy": 0.547, "f1_score": 0.5561850851772994, "auroc": 0.5883100000000001}, "10": {"accuracy": 0.5485, "balanced_accuracy": 0.5485, "f1_score": 0.5591605587930232, "auroc": 0.59468}, "20": {"accuracy": 0.5670967741935483, "balanced_accuracy": 0.5565, "f1_score": 0.6373607696573713, "auroc": 0.5991272727272727}}}