{"subject_id": "S18", "k_shots": {"5": {"accuracy": 0.530909090909091, "balanced_accuracy": 0.5430749128919861, "f1_score": 0.616004366540827, "auroc": 0.5491724738675957}, "10": {"accuracy": 0.5364485981308411, "balanced_accuracy": 0.5673372513562388, "f1_score": 0.6110935852139977, "auroc": 0.577622061482821}, "20": {"accuracy": 0.5323529411764706, "balanced_accuracy": 0.5367277992277992, "f1_score": 0.6161418181075, "auroc": 0.5308397683397683}}}