{"subject_id": "S24", "k_shots": {"5": {"accuracy": 0.5428571428571429, "balanced_accuracy": 0.5622499999999999, "f1_score": 0.609859981971462, "auroc": 0.61055}, "10": {"accuracy": 0.597857142857143, "balanced_accuracy": 0.5827500000000001, "f1_score": 0.6834777718302195, "auroc": 0.637175}, "20": {"accuracy": 0.5942857142857143, "balanced_accuracy": 0.599, "f1_score": 0.6704310308129209, "auroc": 0.6428499999999999}}}