{"subject_id": "S11", "k_shots": {"5": {"accuracy": 0.5994999999999999, "balanced_accuracy": 0.5994999999999999, "f1_score": 0.6321233086373348, "auroc": 0.64502}, "10": {"accuracy": 0.6185430463576159, "balanced_accuracy": 0.6135196078431372, "f1_score": 0.6843620809733797, "auroc": 0.6568039215686274}, "20": {"accuracy": 0.6152317880794701, "balanced_accuracy": 0.6167843137254903, "f1_score": 0.6754563723641183, "auroc": 0.6491372549019608}}}