{"subject_id": "S20", "k_shots": {"5": {"accuracy": 0.5383720930232558, "balanced_accuracy": 0.5398901098901099, "f1_score": 0.6136126130080598, "auroc": 0.5775824175824177}, "10": {"accuracy": 0.5095238095238095, "balanced_accuracy": 0.5428571428571429, "f1_score": 0.591733317191888, "auroc": 0.5863945578231292}, "20": {"accuracy": 0.5569620253164558, "balanced_accuracy": 0.5798029556650246, "f1_score": 0.6362888122100974, "auroc": 0.6196223316912972}}}