{"subject_id": "S06", "k_shots": {"5": {"accuracy": 0.6074074074074074, "balanced_accuracy": 0.51775, "f1_score": 0.7403786271819021, "auroc": 0.568125}, "10": {"accuracy": 0.6018518518518519, "balanced_accuracy": 0.5665, "f1_score": 0.7362815177002424, "auroc": 0.6024999999999999}, "20": {"accuracy": 0.5703703703703704, "balanced_accuracy": 0.5092500000000001, "f1_score": 0.7137631135831936, "auroc": 0.5486249999999999}}}