{"subject_id": "S18", "k_shots": {"5": {"accuracy": 0.49727272727272726, "balanced_accuracy": 0.5193379790940766, "f1_score": 0.5824724044426308, "auroc": 0.5342770034843205}, "10": {"accuracy": 0.5093457943925233, "balanced_accuracy": 0.5259267631103073, "f1_score": 0.5945023969314176, "auroc": 0.5494575045207958}, "20": {"accuracy": 0.5196078431372548, "balanced_accuracy": 0.5246138996138996, "f1_score": 0.6056081357884062, "auroc": 0.5303571428571429}}}