{"subject_id": "S21", "k_shots": {"5": {"accuracy": 0.6620689655172414, "balanced_accuracy": 0.6796296296296297, "f1_score": 0.7806206473832928, "auroc": 0.8388888888888889}, "10": {"accuracy": 0.6296296296296297, "balanced_accuracy": 0.662, "f1_score": 0.7501392670479453, "auroc": 0.8240000000000001}, "20": {"accuracy": 0.6636363636363637, "balanced_accuracy": 0.7025, "f1_score": 0.7737656303216076, "auroc": 0.8524999999999998}}}