{"subject_id": "S07", "k_shots": {"5": {"accuracy": 0.5936936936936937, "balanced_accuracy": 0.6257575757575757, "f1_score": 0.7146692710995579, "auroc": 0.73510101010101}, "10": {"accuracy": 0.6284403669724771, "balanced_accuracy": 0.6305841924398625, "f1_score": 0.7492842281071788, "auroc": 0.7509450171821307}, "20": {"accuracy": 0.6384615384615384, "balanced_accuracy": 0.6507246376811595, "f1_score": 0.7545617887858833, "auroc": 0.7483695652173912}}}