{"subject_id": "S26", "k_shots": {"5": {"accuracy": 0.5221153846153846, "balanced_accuracy": 0.5153862569355527, "f1_score": 0.5858179830186333, "auroc": 0.5363209560392659}, "10": {"accuracy": 0.5186274509803922, "balanced_accuracy": 0.5185111989459815, "f1_score": 0.5876464937825718, "auroc": 0.5187527448397014}, "20": {"accuracy": 0.5381443298969073, "balanced_accuracy": 0.5428503787878788, "f1_score": 0.5969901125031001, "auroc": 0.5606534090909091}}}