{"subject_id": "S02", "k_shots": {"5": {"accuracy": 0.5325581395348837, "balanced_accuracy": 0.5333284371327849, "f1_score": 0.6165856919829125, "auroc": 0.5550822561692127}, "10": {"accuracy": 0.5393700787401574, "balanced_accuracy": 0.515045045045045, "f1_score": 0.6375044651822727, "auroc": 0.5422222222222222}, "20": {"accuracy": 0.5385245901639345, "balanced_accuracy": 0.5314626391096979, "f1_score": 0.6229659198461458, "auroc": 0.5454372019077901}}}