{"subject_id": "S14", "k_shots": {"5": {"accuracy": 0.5525000000000001, "balanced_accuracy": 0.5525000000000001, "f1_score": 0.558330376854157, "auroc": 0.5901200000000001}, "10": {"accuracy": 0.5505000000000001, "balanced_accuracy": 0.5505, "f1_score": 0.5667321376066224, "auroc": 0.5786900000000001}, "20": {"accuracy": 0.5495, "balanced_accuracy": 0.5495, "f1_score": 0.5728676912633869, "auroc": 0.58056}}}